zpid,event,price,pricePerSquareFoot,priceChangeRate,dateOfEvent,source,postingIsRental,lastUpdated,lph_id,pl_id,lti_id
35936049,Sold,381000,76,2.63,1990-01-01,,0,"2024-11-25 05:33:30",1,1119,75678
120771645,Sold,NULL,NULL,0,2018-03-14,,0,"2024-11-21 00:25:47",2,10281,693
58679302,Sold,NULL,NULL,0,2022-08-26,,0,"2024-11-20 23:54:06",3,12209,5387
36546652,Sold,186000,124,1.42,2007-02-02,,0,"2024-11-20 23:54:06",4,3251,10836
442154379,Sold,910000,NULL,0,2024-11-20,,0,"2024-11-21 00:25:47",5,NULL,NULL
70330800,Sold,NULL,NULL,0,2020-12-09,,0,"2024-11-20 23:54:06",6,NULL,13024
3715674,Sold,149000,152,0,2011-01-27,,0,"2024-11-20 23:54:06",7,NULL,11423
65053840,Sold,134000,104,0.01,2012-07-03,,0,"2024-11-25 05:33:30",8,13395,3928
65068215,Sold,NULL,NULL,0,2024-11-20,,0,"2024-11-21 00:25:47",9,10278,2695
69328086,Sold,165000,104,-0.03,2015-06-09,,0,"2024-11-25 05:33:30",10,991,NULL
244868025,Sold,422500,NULL,0.03,2024-11-20,,0,"2024-11-21 00:25:47",11,12513,2725
35892642,Sold,200000,120,0,2020-10-30,,0,"2024-11-25 05:33:30",12,1198,4840
11515303,Sold,97000,NULL,0,1994-04-05,,0,"2024-11-20 23:54:06",13,8920,11239
26116586,Sold,NULL,NULL,0,2024-11-20,,0,"2024-11-21 00:25:47",14,10276,3670
20450399,Sold,5000,1,-1,2016-11-30,,0,"2024-11-25 05:33:30",15,NULL,1085
120771645,Sold,NULL,NULL,0,2018-03-14,,0,"2024-11-21 00:21:31",16,10281,693
14746998,Sold,300000,138,1.45,2001-07-27,,0,"2024-11-25 05:33:30",17,1772,2229
28036383,Sold,NULL,NULL,0,2015-09-04,,0,"2024-11-20 23:54:06",18,9607,11742
36615852,Sold,319900,160,0,2020-06-23,,0,"2024-11-20 23:54:06",19,11728,39702
28267575,Sold,NULL,NULL,0,2010-05-10,,0,"2024-11-20 23:54:06",20,9597,13277
4007917,Sold,179000,210,0,2004-11-19,,0,"2024-11-25 05:33:30",21,2059,8552
244595959,Sold,144000,240,0,2014-06-30,,0,"2024-11-20 23:54:06",22,8859,18489
45063621,Sold,366200,226,0,2003-09-01,,0,"2024-11-25 05:33:30",23,13203,7305
11272784,Sold,1250,1,-0.75,2018-08-15,,0,"2024-11-20 23:54:06",24,9028,11477
28190904,Sold,NULL,NULL,0,2016-10-21,,0,"2024-11-20 23:54:06",25,12248,41487
10387720,Sold,56800,39,0,1989-02-24,,0,"2024-11-25 05:33:30",26,13028,160171
88380043,Sold,1250,1,0,2013-03-27,,0,"2024-11-20 23:54:06",27,9409,19251
15109199,Sold,60000,43,0,1974-11-22,,0,"2024-11-25 05:33:30",28,2427,16
96533066,Sold,NULL,NULL,0,2020-10-23,,0,"2024-11-20 23:54:06",29,12057,20834
2061985240,Sold,3975000,1155,0.1,2023-04-14,,0,"2024-11-20 23:54:06",30,9234,NULL
46263569,Sold,65600,49,0,1985-09-01,,0,"2024-11-25 05:33:30",31,13180,160629
63834412,Sold,NULL,NULL,0,2013-08-01,,0,"2024-11-20 23:54:06",32,9707,12628
108724490,Sold,855000,337,0,2011-11-11,,0,"2024-11-20 23:54:06",33,3662,6169
14778566,Sold,77800,49,0,1986-11-01,,0,"2024-11-25 05:33:30",34,13074,7334
80004699,Sold,730000,1157,-0.11,2015-04-01,,0,"2024-11-20 23:54:06",35,11501,23866
32358609,Sold,197513,137,-0.55,2009-10-16,,0,"2024-11-20 23:54:06",36,11516,46700
2146706041,Sold,598972,434,0.6,2015-11-09,,0,"2024-11-20 23:54:06",37,NULL,NULL
6204611,Sold,62900,51,0,1990-06-22,,0,"2024-11-25 05:33:30",38,980,6979
442154379,Sold,910000,NULL,0,2024-11-20,,0,"2024-11-21 00:21:31",39,NULL,NULL
20498344,Sold,2250000,1161,0,2018-06-16,,0,"2024-11-20 23:54:06",40,12395,39317
6155266,Sold,49000,61,0,1993-06-22,,0,"2024-11-25 05:33:30",41,1049,4453
2146706041,Sold,358100,259,0.31,2014-10-15,,0,"2024-11-20 23:54:06",42,NULL,NULL
65068215,Sold,NULL,NULL,0,2024-11-20,,0,"2024-11-21 00:21:31",43,10278,2695
52399972,Sold,NULL,NULL,0,2015-09-10,,0,"2024-11-20 23:54:06",44,9488,12572
6174968,Sold,61500,63,0,2015-12-31,,0,"2024-11-25 05:33:30",45,955,9175
2087626931,Sold,295000,307,0,2019-01-19,,0,"2024-11-20 22:18:43",46,3385,NULL
26813790,Sold,NULL,NULL,0,2020-03-27,,0,"2024-11-20 23:54:06",47,9537,11990
16945715,Sold,64990,90,0,1983-09-08,,0,"2024-11-25 05:33:30",48,8827,162082
2087626931,Sold,295000,307,0,2019-01-19,,0,"2024-11-20 23:54:06",49,3385,NULL
80031446,Sold,NULL,NULL,0,2015-07-07,,0,"2024-11-20 23:54:06",50,9670,11515
45063621,Sold,215000,132,-0.41,2006-09-13,,0,"2024-11-25 05:33:30",51,13203,7305
26334872,Sold,NULL,NULL,0,2012-09-04,,0,"2024-11-20 23:54:06",52,12280,37505
68650894,Sold,610000,180,0.23,2014-06-14,,0,"2024-11-25 05:33:30",53,13309,3788
251030841,Sold,NULL,NULL,0,2022-08-16,,0,"2024-11-20 23:54:06",54,9730,15860
35826796,Sold,155000,229,0.72,2021-06-15,,0,"2024-11-25 05:33:30",55,1191,1626
29386526,Sold,NULL,NULL,0,2016-02-12,,0,"2024-11-20 23:54:06",56,NULL,11086
244868025,Sold,422500,NULL,0.03,2024-11-20,,0,"2024-11-21 00:21:31",57,12513,2725
36551718,Sold,95000,71,1.14,2006-11-02,,0,"2024-11-25 05:33:30",58,976,102275
119617928,Sold,NULL,NULL,0,2017-10-13,,0,"2024-11-20 23:54:06",59,NULL,13255
26116586,Sold,NULL,NULL,0,2024-11-20,,0,"2024-11-21 00:21:31",60,10276,3670
20503342,Sold,3995,3,-0.99,2024-11-24,,0,"2024-11-25 09:04:10",61,4,51767
63692729,Sold,99000,NULL,-0.32,2012-10-12,,0,"2024-11-20 23:54:06",62,NULL,12005
120771645,Sold,NULL,NULL,0,2018-03-14,,0,"2024-11-21 00:24:35",63,10281,693
26342488,Sold,NULL,NULL,0,2003-10-21,,0,"2024-11-26 06:02:40",64,2169,79608
124720204,Sold,NULL,NULL,0,2016-02-22,,0,"2024-11-20 23:54:06",65,NULL,21036
60338542,Sold,NULL,NULL,0,2019-06-18,,0,"2024-11-26 06:02:40",66,NULL,87219
442154379,Sold,910000,NULL,0,2024-11-20,,0,"2024-11-21 00:24:35",67,NULL,NULL
68424147,Sold,NULL,NULL,0,2015-07-30,,0,"2024-11-20 23:54:06",68,12194,47038
92448877,Sold,1750,NULL,-0.99,2016-07-02,,0,"2024-11-26 06:02:40",69,2003,87191
7096188,Sold,68000,69,0,2015-05-05,,0,"2024-11-20 23:54:06",70,9789,11962
65068215,Sold,NULL,NULL,0,2024-11-20,,0,"2024-11-21 00:24:35",71,10278,2695
26767903,Sold,NULL,NULL,0,2013-06-14,,0,"2024-11-20 23:54:06",72,9512,10780
60095998,Sold,NULL,NULL,0,2018-08-25,,0,"2024-11-26 06:02:40",73,2239,101917
244868025,Sold,422500,NULL,0.03,2024-11-20,,0,"2024-11-21 00:24:35",74,12513,2725
80941480,Sold,125000,73,0,1990-10-16,,0,"2024-11-20 23:54:06",75,9021,9672
118216503,Sold,NULL,NULL,0,2017-07-06,,0,"2024-11-20 23:54:06",76,9747,11305
29436241,Sold,NULL,NULL,0,2014-03-24,,0,"2024-11-26 06:02:40",77,NULL,78679
26116586,Sold,NULL,NULL,0,2024-11-20,,0,"2024-11-21 00:24:35",78,10276,3670
6265502,Sold,90000,77,0,1995-04-21,,0,"2024-11-21 00:25:47",79,10079,2123
3668471,Sold,140000,NULL,0,1999-08-04,,0,"2024-11-26 06:02:40",80,NULL,101025
6265502,Sold,90000,77,0,1995-04-21,,0,"2024-11-21 00:21:31",81,10079,2123
29487678,Sold,NULL,NULL,0,2012-05-03,,0,"2024-11-26 06:02:40",82,NULL,76458
27845419,Sold,NULL,NULL,0,2018-02-03,,0,"2024-11-26 06:02:40",83,2108,75371
6265502,Sold,90000,77,0,1995-04-21,,0,"2024-11-21 00:24:35",84,10079,2123
27886314,Sold,NULL,NULL,0,2021-11-16,,0,"2024-11-26 06:02:40",85,2180,98941
6265502,Sold,90000,77,0,1995-04-21,,0,"2024-11-21 00:22:43",86,10079,2123
64441993,Sold,364500,NULL,-0.03,2016-07-21,,0,"2024-11-26 06:02:40",87,NULL,90822
58247439,Sold,NULL,NULL,0,2021-07-15,,0,"2024-11-20 23:54:06",88,12289,8015
6147813,Sold,185000,81,0,1997-06-30,,0,"2024-11-20 23:54:06",89,3464,11836
26361774,Sold,NULL,NULL,0,2019-07-30,,0,"2024-11-20 23:54:06",90,12256,39860
36610898,Sold,174500,101,0,2015-08-27,,0,"2024-11-20 23:54:06",91,NULL,11442
29432324,Sold,NULL,NULL,0,2017-04-21,,0,"2024-11-20 23:54:06",92,12304,4940
3869539,Sold,95000,146,0,1992-08-25,,0,"2024-11-20 23:54:06",93,NULL,25773
124395339,Sold,NULL,NULL,0,2015-06-16,,0,"2024-11-20 23:54:06",94,9753,10875
92193324,Sold,319000,162,-0.8,2011-01-24,,0,"2024-11-20 22:18:43",95,3507,11202
120771645,Sold,NULL,NULL,0,2018-03-14,,0,"2024-11-21 00:22:43",96,10281,693
26334872,Sold,NULL,NULL,0,2020-08-05,,0,"2024-11-20 23:54:06",97,12280,37505
92193324,Sold,319000,162,-0.8,2011-01-24,,0,"2024-11-20 23:54:06",98,3507,11202
29386526,Sold,NULL,NULL,0,2021-04-19,,0,"2024-11-20 23:54:06",99,NULL,11086
442154379,Sold,910000,NULL,0,2024-11-20,,0,"2024-11-21 00:22:43",100,NULL,NULL
63090615,Sold,360000,308,0,2012-03-09,,0,"2024-11-20 23:54:06",101,9860,10957
161433120,Sold,NULL,NULL,0,2018-03-24,,0,"2024-11-20 23:54:06",102,12734,11824
65068215,Sold,NULL,NULL,0,2024-11-20,,0,"2024-11-21 00:22:43",103,10278,2695
68668601,Sold,699000,616,2.93,2010-03-12,,0,"2024-11-20 23:54:06",104,9778,11400
102496406,Sold,NULL,NULL,0,2019-06-19,,0,"2024-11-20 23:54:06",105,12279,36871
2085288730,Sold,1300000,373,-0.05,2019-12-23,,0,"2024-11-20 23:54:06",106,12532,NULL
28205499,Sold,NULL,NULL,0,2024-03-13,,0,"2024-11-26 06:02:40",107,5031,94708
83124554,Sold,NULL,NULL,0,2012-11-19,,0,"2024-11-20 23:54:06",108,NULL,20703
80004699,Sold,820000,1300,0.4,2014-08-01,,0,"2024-11-20 23:54:06",109,11501,23866
29487678,Sold,NULL,NULL,0,2009-04-14,,0,"2024-11-26 06:02:40",110,NULL,76458
10294337,Sold,20000,NULL,3,2005-08-02,,0,"2024-11-20 23:54:06",111,NULL,18899
6932059,Sold,250000,131,0.59,2010-01-22,,0,"2024-11-20 23:54:06",112,NULL,23855
97630556,Sold,NULL,NULL,0,2002-05-01,,0,"2024-11-26 06:02:40",113,2184,80104
244868025,Sold,422500,NULL,0.03,2024-11-20,,0,"2024-11-21 00:22:43",114,12513,2725
26272984,Sold,NULL,NULL,0,2019-12-12,,0,"2024-11-20 23:54:06",115,9667,9853
29344721,Sold,NULL,NULL,0,2019-06-10,,0,"2024-11-26 06:02:40",116,2283,96783
2081600116,Sold,NULL,NULL,0,2021-04-30,,0,"2024-11-20 23:54:06",117,9674,NULL
28448834,Sold,NULL,NULL,0,2018-04-24,,0,"2024-11-26 06:02:40",118,2128,76694
26116586,Sold,NULL,NULL,0,2024-11-20,,0,"2024-11-21 00:22:43",119,10276,3670
26337359,Sold,NULL,NULL,0,2019-02-21,,0,"2024-11-20 23:54:06",120,NULL,21804
3861405,Sold,186000,NULL,0.82,2002-09-08,,0,"2024-11-26 06:02:40",121,NULL,93003
35932638,Sold,57000,NULL,-0.59,2008-06-20,,0,"2024-11-20 22:18:43",122,9139,11961
28267575,Sold,NULL,NULL,0,2011-10-13,,0,"2024-11-20 23:54:06",123,9597,13277
26905213,Sold,NULL,NULL,0,2016-05-28,,0,"2024-11-26 06:02:40",124,2193,89708
35932638,Sold,123000,NULL,1.16,2015-07-02,,0,"2024-11-20 22:18:43",125,9139,11961
2102245412,Sold,NULL,NULL,0,2016-05-09,,0,"2024-11-20 23:54:06",126,12229,NULL
43851903,Sold,280000,139,-0.07,2010-02-27,,0,"2024-11-20 23:54:06",127,9230,13365
35932638,Sold,138000,NULL,0.12,2016-08-02,,0,"2024-11-20 22:18:43",128,9139,11961
69663159,Sold,NULL,NULL,0,2022-01-13,,0,"2024-11-20 23:54:06",129,9675,11850
3855413,Sold,250000,179,-0.2,2013-08-02,,0,"2024-11-20 23:54:06",130,NULL,17136
28133014,Sold,NULL,NULL,0,2020-07-02,,0,"2024-11-20 23:54:06",131,9640,14325
35932638,Sold,57000,NULL,-0.59,2008-06-20,,0,"2024-11-20 23:54:06",132,9139,11961
26430359,Sold,NULL,NULL,0,2013-10-11,,0,"2024-11-20 23:54:06",133,9729,14552
27992647,Sold,NULL,NULL,0,2016-11-28,,0,"2024-11-26 06:02:40",134,2138,77085
36536640,Sold,200000,187,-0.15,2016-06-24,,0,"2024-11-20 23:54:06",135,8271,9569
27914761,Sold,NULL,NULL,0,1993-03-08,,0,"2024-11-20 23:54:06",136,12167,6150
29487942,Sold,NULL,NULL,0,2020-05-25,,0,"2024-11-20 23:54:06",137,NULL,20161
80857969,Sold,366500,342,0.19,2007-09-04,,0,"2024-11-20 23:54:06",138,NULL,29138
26748300,Sold,NULL,NULL,0,2014-02-27,,0,"2024-11-26 06:02:40",139,2112,90992
26611028,Sold,NULL,NULL,0,2015-02-03,,0,"2024-11-20 23:54:06",140,9547,10082
58247461,Sold,NULL,NULL,0,2011-06-07,,0,"2024-11-20 23:54:06",141,9725,13573
2097532682,Sold,735000,311,0,2018-05-23,,0,"2024-11-20 23:54:06",142,11658,NULL
26634304,Sold,NULL,NULL,0,2018-12-20,,0,"2024-11-20 23:54:06",143,9549,11399
35932638,Sold,138000,NULL,0.12,2016-08-02,,0,"2024-11-20 23:54:06",144,9139,11961
92193324,Sold,1600000,814,0,2010-04-02,,0,"2024-11-20 22:18:43",145,3507,11202
29426342,Sold,NULL,NULL,0,2023-11-28,,0,"2024-11-20 23:54:06",146,NULL,14066
92193324,Sold,1600000,814,0,2010-04-02,,0,"2024-11-20 23:54:06",147,3507,11202
11296896,Sold,40000,35,0,1992-10-19,,0,"2024-11-20 23:54:06",148,11605,33279
26648096,Sold,NULL,NULL,0,2019-09-25,,0,"2024-11-26 06:02:40",149,2053,74658
83994913,Sold,NULL,NULL,0,2017-03-14,,0,"2024-11-20 23:54:06",150,NULL,9987
73619429,Sold,75000,35,0,1993-10-18,,0,"2024-11-20 23:54:06",151,NULL,17973
80590677,Sold,NULL,NULL,0,2011-06-06,,0,"2024-11-26 06:02:40",152,5493,79254
2065580339,Sold,NULL,NULL,0,2022-08-25,,0,"2024-11-20 23:54:06",153,9668,16792
34232848,Sold,70740,35,140.48,2018-06-13,,0,"2024-11-20 23:54:06",154,NULL,8148
26461995,Sold,NULL,NULL,0,2023-03-23,,0,"2024-11-26 06:02:40",155,NULL,75342
28472672,Sold,NULL,NULL,0,2015-05-14,,0,"2024-11-20 23:54:06",156,9666,12820
19998955,Sold,32000,35,0,1976-01-16,,0,"2024-11-20 23:54:06",157,12446,51340
28031508,Sold,NULL,NULL,0,2017-09-02,,0,"2024-11-26 06:02:40",158,2135,72965
73498802,Sold,99500,37,0,1982-06-25,,0,"2024-11-20 23:54:06",159,11935,40526
27910003,Sold,NULL,NULL,0,2017-03-08,,0,"2024-11-26 06:02:40",160,2104,88174
136702408,Sold,45000,39,0,2020-11-30,,0,"2024-11-20 23:54:06",161,9876,11481
29351307,Sold,NULL,NULL,0,2014-05-26,,0,"2024-11-26 06:02:40",162,NULL,90982
44493572,Sold,59900,39,0,1995-04-01,,0,"2024-11-20 23:54:06",163,9210,5040
27845419,Sold,NULL,NULL,0,2014-01-31,,0,"2024-11-26 06:02:40",164,2108,75371
2144450487,Sold,155000,43,0,2006-10-18,,0,"2024-11-20 23:54:06",165,NULL,NULL
30185938,Sold,56000,43,0,2001-12-18,,0,"2024-11-20 23:54:06",166,NULL,24070
89365744,Sold,NULL,NULL,0,2018-07-24,,0,"2024-11-20 23:54:06",167,NULL,54357
89635548,Sold,NULL,NULL,0,2019-08-09,,0,"2024-11-20 23:54:06",168,12204,48918
26374551,Sold,NULL,NULL,0,2015-12-01,,0,"2024-11-20 23:54:06",169,NULL,11615
58247824,Sold,NULL,NULL,0,2014-05-15,,0,"2024-11-20 23:54:06",170,NULL,35653
80019439,Sold,NULL,NULL,0,2019-02-11,,0,"2024-11-20 23:54:06",171,NULL,54316
26442801,Sold,NULL,NULL,0,2018-11-17,,0,"2024-11-20 23:54:06",172,12319,16428
79981339,Sold,NULL,NULL,0,2021-07-22,,0,"2024-11-20 23:54:06",173,NULL,10500
29432324,Sold,NULL,NULL,0,2017-09-21,,0,"2024-11-20 23:54:06",174,12304,4940
26740858,Sold,NULL,NULL,0,2018-11-29,,0,"2024-11-26 06:02:40",175,NULL,89303
36493894,Sold,11900,NULL,0,2011-02-04,,0,"2024-11-20 23:54:06",176,3312,11663
11395570,Sold,68000,NULL,0,1993-07-09,,0,"2024-11-20 23:54:06",177,8984,9899
90006903,Sold,350000,NULL,-0.12,2017-10-19,,0,"2024-11-26 06:02:40",178,NULL,88614
73652397,Sold,170000,45,0,1999-01-08,,0,"2024-11-20 23:54:06",179,9928,16001
28419672,Sold,NULL,NULL,0,1998-04-17,,0,"2024-11-20 23:54:06",180,9570,12881
28455134,Sold,NULL,NULL,0,2018-02-20,,0,"2024-11-20 23:54:06",181,9562,12746
1110476,Sold,14000,NULL,0,2016-12-28,,0,"2024-11-26 06:02:40",182,NULL,96467
73512265,Sold,120000,49,0,1995-05-15,,0,"2024-11-20 23:54:06",183,11929,20602
80232457,Sold,NULL,NULL,0,2016-08-10,,0,"2024-11-20 23:54:06",184,12038,6049
28195946,Sold,NULL,NULL,0,2013-10-04,,0,"2024-11-20 23:54:06",185,12169,27415
60092857,Sold,NULL,NULL,0,2015-06-01,,0,"2024-11-26 06:02:40",186,2231,94595
3572700,Sold,49000,49,0,1988-12-28,,0,"2024-11-20 23:54:06",187,12018,48870
2089049428,Sold,NULL,NULL,0,2018-12-07,,0,"2024-11-20 23:54:06",188,12255,NULL
69665257,Sold,NULL,NULL,0,2018-11-06,,0,"2024-11-26 06:02:40",189,2233,98676
6204611,Sold,62900,51,0,1990-06-22,,0,"2024-11-20 23:54:06",190,980,6979
123236016,Sold,NULL,NULL,0,2016-04-20,,0,"2024-11-20 23:54:06",191,12077,40098
60338542,Sold,NULL,NULL,0,2016-09-22,,0,"2024-11-26 06:02:40",192,NULL,87219
33863601,Sold,81000,53,0,1992-09-09,,0,"2024-11-20 23:54:06",193,NULL,10761
27934663,Sold,NULL,NULL,0,2022-04-14,,0,"2024-11-20 23:54:06",194,9589,13269
118405074,Sold,NULL,NULL,0,2017-03-13,,0,"2024-11-26 06:02:40",195,5499,96805
34094758,Sold,69700,55,0,1990-10-19,,0,"2024-11-21 00:25:47",196,10203,2305
80547341,Sold,NULL,NULL,0,2012-05-02,,0,"2024-11-20 23:54:06",197,9500,6988
118404451,Sold,NULL,NULL,0,2012-06-25,,0,"2024-11-26 06:02:40",198,2080,86327
34094758,Sold,69700,55,0,1990-10-19,,0,"2024-11-21 00:21:31",199,10203,2305
26706134,Sold,NULL,NULL,0,2013-06-04,,0,"2024-11-20 23:54:06",200,9501,10038
28045777,Sold,NULL,NULL,0,2015-06-24,,0,"2024-11-20 23:54:06",201,9573,12839
68421303,Sold,NULL,NULL,0,2016-08-23,,0,"2024-11-26 06:02:40",202,2082,94425
34094758,Sold,69700,55,0,1990-10-19,,0,"2024-11-21 00:24:35",203,10203,2305
28266335,Sold,NULL,NULL,0,1993-06-15,,0,"2024-11-20 23:54:06",204,9598,14516
89635548,Sold,NULL,NULL,0,2016-05-02,,0,"2024-11-20 23:54:06",205,12204,48918
62604609,Sold,NULL,NULL,0,2009-11-17,,0,"2024-11-26 06:02:40",206,2276,76616
34094758,Sold,69700,55,0,1990-10-19,,0,"2024-11-21 00:22:43",207,10203,2305
28319705,Sold,NULL,NULL,0,2018-03-09,,0,"2024-11-20 23:54:06",208,12228,48181
26790665,Sold,NULL,NULL,0,2016-11-01,,0,"2024-11-20 23:54:06",209,12047,6107
80590677,Sold,NULL,NULL,0,2013-04-29,,0,"2024-11-26 06:02:40",210,5493,79254
21265583,Sold,44000,55,0,1977-04-29,,0,"2024-11-20 23:54:06",211,12416,39992
84031106,Sold,NULL,NULL,0,2013-04-15,,0,"2024-11-20 23:54:06",212,9609,12934
26296647,Sold,NULL,NULL,0,2017-08-24,,0,"2024-11-20 23:54:06",213,9671,9426
26411243,Sold,NULL,NULL,0,2022-07-20,,0,"2024-11-26 06:02:40",214,2226,8443
26923493,Sold,NULL,NULL,0,2011-04-20,,0,"2024-11-20 23:54:06",215,NULL,10013
36533191,Sold,64000,57,0.73,2020-05-08,,0,"2024-11-20 23:54:06",216,11714,44504
26470327,Sold,NULL,NULL,0,2016-09-02,,0,"2024-11-20 23:54:06",217,12323,41446
27992647,Sold,NULL,NULL,0,2012-09-12,,0,"2024-11-26 06:02:40",218,2138,77085
63726403,Sold,NULL,NULL,0,2014-09-06,,0,"2024-11-20 23:54:06",219,9692,10045
44257008,Sold,100000,59,0,1981-12-01,,0,"2024-11-20 23:54:06",220,12147,54326
102496406,Sold,NULL,NULL,0,2021-11-19,,0,"2024-11-20 23:54:06",221,12279,36871
27990630,Sold,NULL,NULL,0,2018-03-10,,0,"2024-11-26 06:02:40",222,2296,86606
26470327,Sold,NULL,NULL,0,2012-12-12,,0,"2024-11-20 23:54:06",223,12323,41446
10199628,Sold,1400,NULL,0,1979-04-17,,0,"2024-11-20 23:54:06",224,NULL,21138
2063178546,Sold,800000,NULL,-0.03,2023-05-18,,0,"2024-11-26 06:02:40",225,1626,NULL
28490917,Sold,NULL,NULL,0,2019-10-07,,0,"2024-11-20 23:54:06",226,9490,12304
26698806,Sold,NULL,NULL,0,2016-08-22,,0,"2024-11-20 23:54:06",227,12041,17211
26325449,Sold,NULL,NULL,0,2018-09-22,,0,"2024-11-26 06:02:40",228,2119,7425
69670760,Sold,NULL,NULL,0,2015-11-24,,0,"2024-11-20 23:54:06",229,NULL,10828
124395339,Sold,NULL,NULL,0,2018-12-18,,0,"2024-11-20 23:54:06",230,9753,10875
46093966,Sold,235000,61,0,1998-10-29,,0,"2024-11-21 00:25:47",231,10124,1881
46093966,Sold,235000,61,0,1998-10-29,,0,"2024-11-21 00:21:31",232,10124,1881
46093966,Sold,235000,61,0,1998-10-29,,0,"2024-11-21 00:24:35",233,10124,1881
46093966,Sold,235000,61,0,1998-10-29,,0,"2024-11-21 00:22:43",234,10124,1881
26461574,Sold,NULL,NULL,0,2016-08-12,,0,"2024-11-20 23:54:06",235,12317,34712
87720340,Sold,235593,NULL,0,2007-01-22,,0,"2024-11-20 23:54:06",236,NULL,36384
27845419,Sold,NULL,NULL,0,2015-06-18,,0,"2024-11-26 06:02:40",237,2108,75371
28442210,Sold,NULL,NULL,0,2016-10-04,,0,"2024-11-26 06:02:40",238,5030,86311
96491066,Sold,NULL,NULL,0,2020-11-30,,0,"2024-11-20 23:54:06",239,12040,17686
26411243,Sold,NULL,NULL,0,2015-09-28,,0,"2024-11-26 06:02:40",240,2226,8443
28467461,Sold,NULL,NULL,0,2023-09-22,,0,"2024-11-20 23:54:06",241,9579,5206
34096565,Sold,90900,61,0,1991-08-06,,0,"2024-11-20 23:54:06",242,NULL,41011
14526433,Sold,4600,NULL,0,2002-04-02,,0,"2024-11-26 06:02:40",243,NULL,97836
26433415,Sold,NULL,NULL,0,2017-06-07,,0,"2024-11-20 23:54:06",244,9755,10807
6230572,Sold,49500,63,0,1986-04-25,,0,"2024-11-20 23:54:06",245,11760,14475
28160486,Sold,NULL,NULL,0,2021-01-27,,0,"2024-11-26 06:02:40",246,2212,98506
169397327,Sold,NULL,NULL,0,2018-11-13,,0,"2024-11-20 23:54:06",247,9704,10754
34114367,Sold,75500,63,0,2015-03-27,,0,"2024-11-20 23:54:06",248,9937,9525
29331256,Sold,NULL,NULL,0,2015-09-17,,0,"2024-11-20 23:54:06",249,9720,13963
26224409,Sold,NULL,NULL,0,2014-09-23,,0,"2024-11-20 23:54:06",250,12269,10246
58296728,Sold,168000,90,0.29,2012-06-25,,0,"2024-11-20 23:54:06",251,12316,37021
28248721,Sold,NULL,NULL,0,1995-08-22,,0,"2024-11-20 23:54:06",252,12233,35741
28490917,Sold,NULL,NULL,0,2012-07-24,,0,"2024-11-20 23:54:06",253,9490,12304
28111186,Sold,NULL,NULL,0,2013-08-15,,0,"2024-11-26 06:02:40",254,2202,78792
26434948,Sold,NULL,NULL,0,2012-12-31,,0,"2024-11-20 23:54:06",255,12287,33721
244863779,Sold,1850000,NULL,0,2014-07-25,,0,"2024-11-20 23:54:06",256,8878,12565
28033576,Sold,NULL,NULL,0,2011-03-01,,0,"2024-11-26 06:02:40",257,2125,75206
69231186,Sold,NULL,NULL,0,2020-07-16,,0,"2024-11-20 23:54:06",258,12286,22235
28349764,Sold,NULL,NULL,0,2017-04-13,,0,"2024-11-20 23:54:06",259,9580,14870
26424379,Sold,NULL,NULL,0,2018-12-15,,0,"2024-11-26 06:02:40",260,NULL,76190
69231186,Sold,NULL,NULL,0,2018-02-10,,0,"2024-11-20 23:54:06",261,12286,22235
26224409,Sold,NULL,NULL,0,2020-10-26,,0,"2024-11-20 23:54:06",262,12269,10246
29436241,Sold,NULL,NULL,0,2021-05-10,,0,"2024-11-26 06:02:40",263,NULL,78679
26293822,Sold,NULL,NULL,0,2012-04-09,,0,"2024-11-20 23:54:06",264,9659,18218
70356971,Sold,NULL,NULL,0,2016-11-13,,0,"2024-11-20 23:54:06",265,NULL,12942
27933581,Sold,NULL,NULL,0,2011-12-15,,0,"2024-11-26 06:02:40",266,2110,91813
36472018,Sold,120200,132,0.01,2018-07-17,,0,"2024-11-20 23:54:06",267,9118,9720
26430359,Sold,NULL,NULL,0,2014-01-28,,0,"2024-11-20 23:54:06",268,9729,14552
31505023,Sold,512000,NULL,0.9,2003-04-27,,0,"2024-11-20 23:54:06",269,11504,31725
2075427606,Sold,NULL,NULL,0,2021-07-30,,0,"2024-11-26 06:02:40",270,NULL,73838
32365150,Sold,590000,172,-0.02,2016-11-28,,0,"2024-11-21 00:25:47",271,9977,1024
70330800,Sold,NULL,NULL,0,2015-04-09,,0,"2024-11-20 23:54:06",272,NULL,13024
28293271,Sold,NULL,NULL,0,2022-02-18,,0,"2024-11-20 23:54:06",273,9614,13224
28223450,Sold,NULL,NULL,0,2018-01-02,,0,"2024-11-26 06:02:40",274,2166,97216
32365150,Sold,590000,172,-0.02,2016-11-28,,0,"2024-11-21 00:21:31",275,9977,1024
29432324,Sold,NULL,NULL,0,2020-03-20,,0,"2024-11-20 23:54:06",276,12304,4940
28052524,Sold,NULL,NULL,0,2008-12-31,,0,"2024-11-20 23:54:06",277,9601,12706
26275627,Sold,NULL,NULL,0,2022-10-28,,0,"2024-11-26 06:02:40",278,2123,75380
32365150,Sold,590000,172,-0.02,2016-11-28,,0,"2024-11-21 00:24:35",279,9977,1024
28480278,Sold,NULL,NULL,0,2016-03-11,,0,"2024-11-20 23:54:06",280,9628,9859
29426342,Sold,NULL,NULL,0,2016-01-16,,0,"2024-11-20 23:54:06",281,NULL,14066
14550027,Sold,96000,NULL,0,1992-12-11,,0,"2024-11-26 06:02:40",282,1827,72159
32365150,Sold,590000,172,-0.02,2016-11-28,,0,"2024-11-21 00:22:43",283,9977,1024
29423695,Sold,NULL,NULL,0,2013-05-29,,0,"2024-11-20 23:54:06",284,NULL,21814
28110072,Sold,NULL,NULL,0,2015-10-09,,0,"2024-11-26 06:02:40",285,2215,101260
10271115,Sold,275000,180,0.03,2019-07-12,,0,"2024-11-20 23:54:06",286,4528,35155
123236016,Sold,NULL,NULL,0,2022-10-07,,0,"2024-11-20 23:54:06",287,12077,40098
43851903,Sold,474900,236,0,2018-10-11,,0,"2024-11-20 23:54:06",288,9230,13365
3698716,Sold,214000,252,0,2006-09-26,,0,"2024-11-20 23:54:06",289,9468,9464
58249620,Sold,NULL,NULL,0,2012-11-02,,0,"2024-11-26 06:02:40",290,2251,4159
43851903,Sold,630000,313,1.25,2016-11-08,,0,"2024-11-20 23:54:06",291,9230,13365
43851903,Sold,300000,149,0,2005-12-29,,0,"2024-11-20 23:54:06",292,9230,13365
36431700,Sold,312500,157,-0.01,2020-06-30,,0,"2024-11-20 23:54:06",293,9048,10815
36536640,Sold,210000,197,0,2020-08-13,,0,"2024-11-20 23:54:06",294,8271,9569
26128809,Sold,NULL,NULL,0,2018-06-01,,0,"2024-11-20 23:54:06",295,12254,39421
26758856,Sold,NULL,NULL,0,2016-02-16,,0,"2024-11-20 23:54:06",296,12050,44682
28069371,Sold,NULL,NULL,0,2010-02-04,,0,"2024-11-20 23:54:06",297,12187,57281
62604609,Sold,NULL,NULL,0,2018-04-20,,0,"2024-11-26 06:02:40",298,2276,76616
80584477,Sold,NULL,NULL,0,2017-12-30,,0,"2024-11-20 23:54:06",299,12183,10932
28075006,Sold,NULL,NULL,0,2014-06-04,,0,"2024-11-26 06:02:40",300,2201,101854
29439825,Sold,NULL,NULL,0,2014-08-01,,0,"2024-11-20 23:54:06",301,NULL,14178
28145752,Sold,NULL,NULL,0,2022-03-30,,0,"2024-11-26 06:02:40",302,2144,79444
26703179,Sold,NULL,NULL,0,2019-07-12,,0,"2024-11-20 23:54:06",303,9504,11573
125115486,Sold,NULL,NULL,0,2019-06-24,,0,"2024-11-26 06:02:40",304,2139,958
10531101,Sold,355000,205,-0.01,2021-08-20,,0,"2024-11-20 23:54:06",305,11645,10950
80584477,Sold,NULL,NULL,0,2016-11-19,,0,"2024-11-20 23:54:06",306,12183,10932
80031446,Sold,NULL,NULL,0,2021-06-18,,0,"2024-11-20 23:54:06",307,9670,11515
2087626931,Sold,227500,237,0,2015-02-24,,0,"2024-11-20 22:18:43",308,3385,NULL
52416700,Sold,NULL,NULL,0,2014-11-07,,0,"2024-11-20 23:54:06",309,9663,12383
2087626931,Sold,227500,237,0,2015-02-24,,0,"2024-11-20 23:54:06",310,3385,NULL
28292982,Sold,NULL,NULL,0,2018-09-05,,0,"2024-11-20 23:54:06",311,12190,29680
36608744,Sold,105000,67,-0.09,2019-10-30,,0,"2024-11-20 23:54:06",312,11742,50993
27787557,Sold,NULL,NULL,0,2016-09-20,,0,"2024-11-20 23:54:06",313,12068,13416
34265404,Sold,170000,83,0.86,2016-04-29,,0,"2024-11-20 23:54:06",314,NULL,18040
26424379,Sold,NULL,NULL,0,2021-01-26,,0,"2024-11-26 06:02:40",315,NULL,76190
26452821,Sold,NULL,NULL,0,2009-11-17,,0,"2024-11-20 23:54:06",316,9741,9521
58296728,Sold,170000,91,0.01,2013-08-01,,0,"2024-11-20 23:54:06",317,12316,37021
30719277,Sold,1400000,NULL,0,2018-05-08,,0,"2024-11-26 06:02:40",318,1499,75481
117672448,Sold,NULL,NULL,0,2013-10-01,,0,"2024-11-20 23:54:06",319,9528,4085
2074019398,Sold,135000,107,0,2019-05-10,,0,"2024-11-20 23:54:06",320,NULL,NULL
26651503,Sold,NULL,NULL,0,2018-08-30,,0,"2024-11-26 06:02:40",321,2049,87320
65106618,Sold,NULL,NULL,0,2020-11-13,,0,"2024-11-20 23:54:06",322,12266,41751
62582249,Sold,NULL,NULL,0,2018-10-11,,0,"2024-11-20 23:54:06",323,9553,18328
65469455,Sold,121000,115,-0.02,2010-10-01,,0,"2024-11-20 22:18:43",324,11809,8057
26839777,Sold,NULL,NULL,0,2015-11-04,,0,"2024-11-26 06:02:40",325,2198,97798
26442801,Sold,NULL,NULL,0,2022-02-22,,0,"2024-11-20 23:54:06",326,12319,16428
26883807,Sold,NULL,NULL,0,2018-12-27,,0,"2024-11-20 23:54:06",327,12053,49552
65469455,Sold,121000,115,-0.02,2010-10-01,,0,"2024-11-20 23:54:06",328,11809,8057
31513345,Sold,1150000,NULL,1.17,2013-07-11,,0,"2024-11-26 06:02:40",329,1482,71630
26188355,Sold,NULL,NULL,0,2019-05-24,,0,"2024-11-20 23:54:06",330,12299,19275
26698806,Sold,NULL,NULL,0,2019-08-23,,0,"2024-11-20 23:54:06",331,12041,17211
87887214,Sold,297900,158,0.69,2004-11-19,,0,"2024-11-20 23:54:06",332,NULL,9926
26403789,Sold,NULL,NULL,0,2019-09-02,,0,"2024-11-26 06:02:40",333,2111,96492
29386526,Sold,NULL,NULL,0,2016-08-05,,0,"2024-11-20 23:54:06",334,NULL,11086
26306252,Sold,NULL,NULL,0,2017-09-29,,0,"2024-11-20 23:54:06",335,9676,9584
3713951,Sold,210000,182,0,2019-07-24,,0,"2024-11-20 23:54:06",336,NULL,11169
29487678,Sold,NULL,NULL,0,2016-11-02,,0,"2024-11-26 06:02:40",337,NULL,76458
29423695,Sold,NULL,NULL,0,2013-10-06,,0,"2024-11-20 23:54:06",338,NULL,21814
26456745,Sold,NULL,NULL,0,2017-09-14,,0,"2024-11-20 23:54:06",339,12325,39431
71246251,Sold,421200,214,0,2005-01-06,,0,"2024-11-20 23:54:06",340,8193,9462
26727955,Sold,NULL,NULL,0,2014-03-31,,0,"2024-11-26 06:02:40",341,2120,72888
30185938,Sold,500,NULL,-0.99,2016-03-16,,0,"2024-11-20 23:54:06",342,NULL,24070
72537398,Sold,220000,NULL,0.1,2016-01-22,,0,"2024-11-20 23:54:06",343,11547,17252
2146706041,Sold,350950,254,0.59,2014-05-12,,0,"2024-11-20 23:54:06",344,NULL,NULL
69640823,Sold,NULL,NULL,0,2019-07-19,,0,"2024-11-26 06:02:40",345,5777,88705
2091638454,Sold,1899,2,0,2018-03-30,,0,"2024-11-20 23:54:06",346,9007,NULL
87698650,Sold,283500,284,0,2010-03-22,,0,"2024-11-20 23:54:06",347,NULL,11588
118404451,Sold,NULL,NULL,0,2015-04-13,,0,"2024-11-26 06:02:40",348,2080,86327
20792596,Sold,3900,2,-1,2023-06-07,,0,"2024-11-20 23:54:06",349,9838,9245
15064217,Sold,550000,921,-0.17,2020-05-22,,0,"2024-11-20 23:54:06",350,NULL,11852
26778141,Sold,NULL,NULL,0,2015-09-02,,0,"2024-11-26 06:02:40",351,2189,74459
65552121,Sold,1900,2,0,2014-02-01,,0,"2024-11-20 23:54:06",352,9443,10947
2087626931,Sold,320000,333,0,2021-03-01,,0,"2024-11-20 22:18:43",353,3385,NULL
45052372,Sold,3800,2,-0.97,2017-06-16,,0,"2024-11-20 23:54:06",354,NULL,11968
71143084,Sold,30000,NULL,0.59,2019-12-19,,0,"2024-11-26 06:02:40",355,NULL,93880
28260078,Sold,NULL,NULL,0,2012-07-19,,0,"2024-11-26 06:02:40",356,5084,100338
2077077547,Sold,NULL,NULL,0,2021-04-15,,0,"2024-11-26 06:02:40",357,2099,NULL
60095998,Sold,NULL,NULL,0,2003-07-28,,0,"2024-11-26 06:02:40",358,2239,101917
2087626931,Sold,320000,333,0,2021-03-01,,0,"2024-11-20 23:54:06",359,3385,NULL
30719277,Sold,1400000,NULL,0,2018-08-05,,0,"2024-11-26 06:02:40",360,1499,75481
68594987,Sold,110000,159,-0.09,2021-06-30,,0,"2024-11-20 23:54:06",361,NULL,9735
36540162,Sold,248900,199,0,2016-05-13,,0,"2024-11-20 23:54:06",362,9067,4392
19875865,Sold,3800,2,-0.98,2021-05-15,,0,"2024-11-20 23:54:06",363,12426,10276
13426122,Sold,485000,199,0.04,2018-10-04,,0,"2024-11-20 23:54:06",364,12309,45228
33331103,Sold,9000,3,0,1989-06-12,,0,"2024-11-20 23:54:06",365,NULL,10889
10461574,Sold,265000,239,-0.02,2021-04-23,,0,"2024-11-20 23:54:06",366,6209,34702
11270955,Sold,12000,5,0,1985-01-25,,0,"2024-11-20 23:54:06",367,11621,14445
41143421,Sold,739000,287,0.66,2017-12-01,,0,"2024-11-20 23:54:06",368,3577,12101
73653429,Sold,19000,7,0,1985-05-24,,0,"2024-11-20 23:54:06",369,NULL,18753
95646039,Sold,2575000,303,-0.11,2014-12-31,,0,"2024-11-20 23:54:06",370,9861,9860
10207951,Sold,8500,8,0,1981-04-23,,0,"2024-11-20 23:54:06",371,11646,46233
28020368,Sold,NULL,NULL,0,2013-08-27,,0,"2024-11-26 06:02:40",372,2101,92029
59129045,Sold,580000,335,0.84,2014-09-19,,0,"2024-11-21 00:25:47",373,10467,3177
10546360,Sold,16000,8,0,1991-03-01,,0,"2024-11-20 23:54:06",374,11666,41598
26839777,Sold,NULL,NULL,0,2014-11-25,,0,"2024-11-26 06:02:40",375,2198,97798
59129045,Sold,580000,335,0.84,2014-09-19,,0,"2024-11-21 00:21:31",376,10467,3177
35914859,Sold,2000,NULL,0,1999-04-14,,0,"2024-11-26 06:02:40",377,1822,87018
33357492,Sold,23000,10,-0.08,2017-08-08,,0,"2024-11-21 00:25:47",378,10233,2546
28267575,Sold,NULL,NULL,0,2010-02-25,,0,"2024-11-20 23:54:06",379,9597,13277
59129045,Sold,580000,335,0.84,2014-09-19,,0,"2024-11-21 00:24:35",380,10467,3177
2118804208,Sold,550,NULL,0,2012-07-05,,0,"2024-11-26 06:02:40",381,NULL,NULL
33357492,Sold,23000,10,-0.08,2017-08-08,,0,"2024-11-21 00:21:31",382,10233,2546
59129045,Sold,580000,335,0.84,2014-09-19,,0,"2024-11-21 00:22:43",383,10467,3177
62582249,Sold,NULL,NULL,0,2008-03-31,,0,"2024-11-20 23:54:06",384,9553,18328
10328126,Sold,3000,3,0,1986-07-22,,0,"2024-11-26 06:02:40",385,1644,76379
33357492,Sold,23000,10,-0.08,2017-08-08,,0,"2024-11-21 00:24:35",386,10233,2546
94713686,Sold,600000,543,0,2014-01-08,,0,"2024-11-20 23:54:06",387,9797,10824
26430359,Sold,NULL,NULL,0,2018-10-03,,0,"2024-11-20 23:54:06",388,9729,14552
80004278,Sold,7100,4,-1,2012-04-01,,0,"2024-11-26 06:02:40",389,1459,94405
33357492,Sold,23000,10,-0.08,2017-08-08,,0,"2024-11-21 00:22:43",390,10233,2546
26191936,Sold,NULL,NULL,0,2011-01-10,,0,"2024-11-20 23:54:06",391,12295,18823
10341845,Sold,9100,6,0,1966-06-14,,0,"2024-11-26 06:02:40",392,1563,96989
33331408,Sold,8000,10,0,1992-08-13,,0,"2024-11-20 23:54:06",393,NULL,11670
26461574,Sold,NULL,NULL,0,2022-08-15,,0,"2024-11-20 23:54:06",394,12317,34712
6319605,Sold,27000,7,0,1992-08-19,,0,"2024-11-26 06:02:40",395,10702,9102
88724624,Sold,20000,13,-0.2,2017-10-28,,0,"2024-11-20 23:54:06",396,9966,15841
83825523,Sold,NULL,NULL,0,2014-06-13,,0,"2024-11-20 23:54:06",397,NULL,29226
33874732,Sold,10500,8,0,2008-10-02,,0,"2024-11-26 06:02:40",398,NULL,75403
41181240,Sold,36000,13,0,1985-03-30,,0,"2024-11-20 23:54:06",399,6797,11966
123236016,Sold,NULL,NULL,0,2018-09-02,,0,"2024-11-20 23:54:06",400,12077,40098
26411243,Sold,NULL,NULL,0,2015-09-28,,0,"2024-11-25 05:33:30",401,2226,8443
45087071,Sold,14500,14,0,1987-06-01,,0,"2024-11-20 23:54:06",402,9311,11460
29386945,Sold,NULL,NULL,0,2024-01-05,,0,"2024-11-20 23:54:06",403,NULL,43396
58249620,Sold,NULL,NULL,0,2012-11-02,,0,"2024-11-25 05:33:30",404,2251,4159
10907869,Sold,24900,17,0,1982-05-14,,0,"2024-11-20 23:54:06",405,9122,10845
79981339,Sold,NULL,NULL,0,2010-08-06,,0,"2024-11-20 23:54:06",406,NULL,10500
27885081,Sold,NULL,NULL,0,2016-08-17,,0,"2024-11-25 05:33:30",407,13215,160937
30191621,Sold,12400,18,0,2012-11-20,,0,"2024-11-20 23:54:06",408,9012,5259
35932638,Sold,123000,NULL,1.16,2015-07-02,,0,"2024-11-20 23:54:06",409,9139,11961
2077077547,Sold,NULL,NULL,0,2021-04-15,,0,"2024-11-25 05:33:30",410,2099,NULL
41196871,Sold,21524,16,0,1975-05-29,,0,"2024-11-26 06:02:40",411,1927,77213
89613532,Sold,NULL,NULL,0,2019-06-25,,0,"2024-11-25 05:33:30",412,13248,7884
10443525,Sold,18500,17,0,1978-10-23,,0,"2024-11-26 06:02:40",413,1684,71886
58678134,Sold,NULL,NULL,0,2021-08-04,,0,"2024-11-25 05:33:30",414,13220,2244
41052441,Sold,20000,18,-0.67,2013-12-05,,0,"2024-11-26 06:02:40",415,1970,74134
26348988,Sold,NULL,NULL,0,2014-09-15,,0,"2024-11-25 05:33:30",416,13363,6415
36594714,Sold,55000,20,0.38,2017-02-24,,0,"2024-11-26 06:02:40",417,1716,74222
35936049,Sold,105000,21,0,1989-05-15,,0,"2024-11-26 06:02:40",418,1119,75678
88086600,Sold,27963,18,-0.05,2021-03-31,,0,"2024-11-20 23:54:06",419,9380,15655
7527038,Sold,25000,22,0,1980-04-07,,0,"2024-11-26 06:02:40",420,NULL,89936
36436406,Sold,15459,19,0,1993-04-05,,0,"2024-11-20 23:54:06",421,9103,12008
35826796,Sold,15000,22,0,2013-07-09,,0,"2024-11-26 06:02:40",422,1191,1626
73660995,Sold,27000,21,0,1985-02-01,,0,"2024-11-21 00:25:47",423,10197,739
2087886164,Sold,4200,NULL,-0.99,2018-12-07,,0,"2024-11-25 05:33:30",424,13181,NULL
10487892,Sold,25501,21,0,1990-08-07,,0,"2024-11-21 00:25:47",425,10049,946
89613532,Sold,NULL,NULL,0,2014-12-06,,0,"2024-11-25 05:33:30",426,13248,7884
73660995,Sold,27000,21,0,1985-02-01,,0,"2024-11-21 00:21:31",427,10197,739
26349184,Sold,NULL,NULL,0,2014-10-02,,0,"2024-11-25 05:33:30",428,13361,3117
36584429,Sold,57000,27,-0.24,2015-09-17,,0,"2024-11-26 06:02:40",429,1665,100226
10487892,Sold,25501,21,0,1990-08-07,,0,"2024-11-21 00:21:31",430,10049,946
26411243,Sold,NULL,NULL,0,2022-07-20,,0,"2024-11-25 05:33:30",431,2226,8443
73528455,Sold,31000,31,0,1984-02-22,,0,"2024-11-26 06:02:40",432,1943,90759
73660995,Sold,27000,21,0,1985-02-01,,0,"2024-11-21 00:24:35",433,10197,739
26637878,Sold,NULL,NULL,0,2017-12-20,,0,"2024-11-25 05:33:30",434,13210,162109
11450882,Sold,65000,38,0,1993-11-01,,0,"2024-11-26 06:02:40",435,1585,71726
10487892,Sold,25501,21,0,1990-08-07,,0,"2024-11-21 00:24:35",436,10049,946
11433042,Sold,49000,NULL,0,2006-01-19,,0,"2024-11-25 05:33:30",437,12983,162
73660995,Sold,27000,21,0,1985-02-01,,0,"2024-11-21 00:22:43",438,10197,739
70352214,Sold,NULL,NULL,0,2011-08-15,,0,"2024-11-25 05:33:30",439,13257,476
120809934,Sold,NULL,NULL,0,2020-08-14,,0,"2024-11-25 05:33:30",440,13244,7592
10487892,Sold,25501,21,0,1990-08-07,,0,"2024-11-21 00:22:43",441,10049,946
68416596,Sold,NULL,NULL,0,2016-01-14,,0,"2024-11-25 05:33:30",442,13232,250
36559584,Sold,80000,22,0,1990-09-10,,0,"2024-11-20 23:54:06",443,11720,49865
69662664,Sold,NULL,NULL,0,2023-09-25,,0,"2024-11-25 05:33:30",444,13224,7401
30788699,Sold,285000,90,0,1992-12-04,,0,"2024-11-26 06:02:40",445,1553,79997
62033762,Sold,64950,40,-0.12,2011-06-29,,0,"2024-11-26 06:02:40",446,1780,1230
122499168,Sold,NULL,NULL,0,2020-03-10,,0,"2024-11-25 05:33:30",447,13245,1104
36584429,Sold,265000,126,0,2017-01-11,,0,"2024-11-26 06:02:40",448,1665,100226
1251487,Sold,122000,48,0,2006-04-28,,0,"2024-11-26 06:02:40",449,NULL,93177
28502038,Sold,NULL,NULL,0,2020-12-18,,0,"2024-11-25 05:33:30",450,13304,160812
6251313,Sold,137500,48,0,1989-09-13,,0,"2024-11-26 06:02:40",451,977,9817
89074671,Sold,750000,688,-0.04,2014-08-21,,0,"2024-11-26 06:02:40",452,4394,100407
125115486,Sold,NULL,NULL,0,2019-06-24,,0,"2024-11-25 05:33:30",453,2139,958
35807603,Sold,102500,48,0,1987-01-01,,0,"2024-11-26 06:02:40",454,1819,88011
35908042,Sold,652500,133,0,1987-03-19,,0,"2024-11-26 06:02:40",455,1127,95498
45067052,Sold,45000,24,0,1983-06-01,,0,"2024-11-20 23:54:06",456,NULL,11172
13379099,Sold,53000,50,0,1991-08-23,,0,"2024-11-26 06:02:40",457,2304,74277
118394490,Sold,NULL,NULL,0,2016-01-15,,0,"2024-11-25 05:33:30",458,13236,2665
35826796,Sold,155000,229,0.72,2021-06-15,,0,"2024-11-26 06:02:40",459,1191,1626
2133936399,Sold,20100,25,-0.13,2014-06-13,,0,"2024-11-20 23:54:06",460,NULL,NULL
73447022,Sold,155000,56,0,1999-08-09,,0,"2024-11-26 06:02:40",461,4919,87229
26325449,Sold,NULL,NULL,0,2018-09-22,,0,"2024-11-25 05:33:30",462,2119,7425
41070588,Sold,169961,67,0,2009-08-17,,0,"2024-11-26 06:02:40",463,1902,101576
11382802,Sold,43000,29,0,1993-06-10,,0,"2024-11-20 23:54:06",464,8953,8871
35936049,Sold,381000,76,2.63,1990-01-01,,0,"2024-11-26 06:02:40",465,1119,75678
28467424,Sold,NULL,NULL,0,2016-05-02,,0,"2024-11-25 05:33:30",466,13287,8127
6958305,Sold,78800,67,0.97,2011-12-30,,0,"2024-11-26 06:02:40",467,5198,97734
33370728,Sold,20000,29,0,1972-04-01,,0,"2024-11-20 23:54:06",468,NULL,11435
69328086,Sold,165000,104,-0.03,2015-06-09,,0,"2024-11-26 06:02:40",469,991,NULL
68424165,Sold,NULL,NULL,0,2019-05-01,,0,"2024-11-25 05:33:30",470,13213,8199
30413754,Sold,184280,67,0,1993-01-01,,0,"2024-11-26 06:02:40",471,NULL,94605
11510268,Sold,90000,30,0,1978-10-13,,0,"2024-11-21 00:25:47",472,10037,3947
35892642,Sold,200000,120,0,2020-10-30,,0,"2024-11-26 06:02:40",473,1198,4840
122567807,Sold,NULL,NULL,0,2014-03-28,,0,"2024-11-25 05:33:30",474,13216,3101
10494673,Sold,135000,107,0,2016-08-25,,0,"2024-11-26 06:02:40",475,1608,96764
73663324,Sold,224900,136,-0.02,2011-11-15,,0,"2024-11-26 06:02:40",476,1928,80023
28502038,Sold,NULL,NULL,0,2018-10-10,,0,"2024-11-25 05:33:30",477,13304,160812
41128106,Sold,425000,174,2.4,2016-06-02,,0,"2024-11-26 06:02:40",478,2000,93708
88123866,Sold,751,1,-0.99,2013-06-04,,0,"2024-11-26 06:02:40",479,1991,97225
52412119,Sold,NULL,NULL,0,2015-08-12,,0,"2024-11-25 05:33:30",480,13306,7782
19881181,Sold,450000,191,0,2014-09-12,,0,"2024-11-26 06:02:40",481,2312,97387
41079749,Sold,265000,145,-0.02,2018-08-29,,0,"2024-11-26 06:02:40",482,1945,95246
28467424,Sold,NULL,NULL,0,2018-04-16,,0,"2024-11-25 05:33:30",483,13287,8127
46190573,Sold,413000,199,-0.01,2019-03-09,,0,"2024-11-26 06:02:40",484,NULL,100311
112431659,Sold,219700,177,0,2011-05-27,,0,"2024-11-26 06:02:40",485,1867,75305
2081634780,Sold,280000,350,0,2019-12-26,,0,"2024-11-26 06:02:40",486,1611,NULL
26133340,Sold,NULL,NULL,0,2024-03-18,,0,"2024-11-25 05:33:30",487,13345,878
11510268,Sold,90000,30,0,1978-10-13,,0,"2024-11-21 00:21:31",488,10037,3947
10179338,Sold,328750,209,-0.03,2014-03-05,,0,"2024-11-26 06:02:40",489,1622,72114
82938306,Sold,1220000,382,0.2,2013-06-02,,0,"2024-11-26 06:02:40",490,2404,95069
11315809,Sold,1000,NULL,0,1975-05-28,,0,"2024-11-25 05:33:30",491,12981,1198
11510268,Sold,90000,30,0,1978-10-13,,0,"2024-11-21 00:24:35",492,10037,3947
2095864372,Sold,700000,274,0.05,2017-02-24,,0,"2024-11-26 06:02:40",493,1618,NULL
36604692,Sold,56000,33,-0.25,2016-03-01,,0,"2024-11-26 09:21:12",494,12579,196863
1262325,Sold,NULL,NULL,0,2015-10-09,,0,"2024-11-25 05:33:30",495,NULL,9076
11510268,Sold,90000,30,0,1978-10-13,,0,"2024-11-21 00:22:43",496,10037,3947
45058078,Sold,28000,15,0,1979-02-01,,0,"2024-11-26 09:21:12",497,12671,196721
6319605,Sold,27000,8,0,1992-08-19,,0,"2024-11-25 05:33:30",498,10702,9102
10564287,Sold,52500,30,0,1984-07-01,,0,"2024-11-20 23:54:06",499,NULL,42991
34085672,Sold,141500,105,0,1997-09-02,,0,"2024-11-26 09:21:12",500,12718,196648
35860989,Sold,39900,13,0,2013-12-18,,0,"2024-11-25 05:33:30",501,13150,9323
6239392,Sold,36000,32,0,1985-09-23,,0,"2024-11-20 23:54:06",502,9068,9884
13276970,Sold,95325,41,0,1985-03-01,,0,"2024-11-26 09:21:12",503,12846,196635
35936049,Sold,105000,21,0,1989-05-15,,0,"2024-11-25 05:33:30",504,1119,75678
10352826,Sold,35000,32,0,1990-01-29,,0,"2024-11-20 23:54:06",505,11661,41845
41121988,Sold,125000,77,0,2006-04-21,,0,"2024-11-26 06:02:40",506,2032,95186
41195309,Sold,232000,128,0.75,2011-11-01,,0,"2024-11-26 09:21:12",507,12690,196851
35826796,Sold,15000,22,0,2013-07-09,,0,"2024-11-25 05:33:30",508,1191,1626
73539109,Sold,79000,34,0,1990-10-09,,0,"2024-11-20 23:54:06",509,9363,13435
82830419,Sold,143691,77,0,2013-06-18,,0,"2024-11-26 06:02:40",510,2291,79003
89612079,Sold,NULL,NULL,0,2024-11-25,,0,"2024-11-26 09:21:12",511,12813,196754
136702408,Sold,42000,36,0,2018-10-18,,0,"2024-11-20 23:54:06",512,9876,11481
73434271,Sold,33500,30,0,1990-05-11,,0,"2024-11-25 05:33:30",513,13141,4683
14746998,Sold,300000,138,1.45,2001-07-27,,0,"2024-11-26 06:02:40",514,1772,2229
33378099,Sold,42000,30,0,1982-12-03,,0,"2024-11-26 09:21:12",515,12731,196846
32284268,Sold,40873,36,0,2010-01-12,,0,"2024-11-20 23:54:06",516,8850,13173
4007917,Sold,179000,210,0,2004-11-19,,0,"2024-11-26 06:02:40",517,2059,8552
62033762,Sold,64950,40,-0.12,2011-06-29,,0,"2024-11-25 05:33:30",518,1780,1230
60325180,Sold,5200,3,0.09,2015-05-13,,0,"2024-11-26 09:21:12",519,12917,196638
10530739,Sold,70000,40,0,1985-02-26,,0,"2024-11-20 23:54:06",520,3143,11501
20785475,Sold,3000000,745,-0.05,2019-06-06,,0,"2024-11-26 06:02:40",521,NULL,76737
14821696,Sold,184700,46,0,1987-04-01,,0,"2024-11-25 05:33:30",522,13055,163591
60325180,Sold,4750,3,-0.99,2015-02-14,,0,"2024-11-26 09:21:12",523,12917,196638
73564807,Sold,75100,42,0,1998-12-08,,0,"2024-11-20 23:54:06",524,9925,17912
35860989,Sold,134995,46,0,2014-12-14,,0,"2024-11-25 05:33:30",525,13150,9323
41101885,Sold,74000,59,0.3,2004-12-15,,0,"2024-11-26 09:21:12",526,12682,196760
73566137,Sold,88000,44,0,1994-04-14,,0,"2024-11-20 23:54:06",527,NULL,41615
11534158,Sold,87000,46,0,1991-06-19,,0,"2024-11-25 05:33:30",528,12995,164361
2075483971,Sold,127000,127,0,2013-06-06,,0,"2024-11-26 09:21:12",529,12825,NULL
6251313,Sold,137500,48,0,1989-09-13,,0,"2024-11-25 05:33:30",530,977,9817
36446538,Sold,21000,18,0.05,2015-06-26,,0,"2024-11-26 09:21:12",531,12573,196577
6251313,Sold,137500,48,0,1989-09-13,,0,"2024-11-20 23:54:06",532,977,9817
36458537,Sold,65000,48,-0.19,2021-01-21,,0,"2024-11-25 05:33:30",533,13387,161575
2144252242,Sold,110999,55,-0.37,2019-04-15,,0,"2024-11-26 09:21:12",534,12828,NULL
46159780,Sold,35000,48,0,1989-07-25,,0,"2024-11-20 23:54:06",535,NULL,11337
30402393,Sold,77000,58,0,2010-04-16,,0,"2024-11-25 05:33:30",536,13036,809
1152084,Sold,363000,71,0,1997-08-04,,0,"2024-11-26 09:21:12",537,12751,196500
10369216,Sold,46250,48,-0.07,2016-01-15,,0,"2024-11-20 23:54:06",538,3255,11934
73460397,Sold,151500,72,0,2002-05-22,,0,"2024-11-25 05:33:30",539,13143,5605
73508180,Sold,150000,50,0,1992-12-07,,0,"2024-11-26 09:21:12",540,12699,197782
73609770,Sold,40000,50,0,1992-08-28,,0,"2024-11-20 23:54:06",541,11924,14082
36436288,Sold,213200,139,-0.08,2013-02-07,,0,"2024-11-26 06:02:40",542,1598,76595
13295775,Sold,1410000,406,-0.01,2020-10-01,,0,"2024-11-26 06:02:40",543,2301,93238
48693850,Sold,260000,118,0,1992-06-01,,0,"2024-11-26 09:21:12",544,13004,196525
73539238,Sold,29950,33,0,1990-06-08,,0,"2024-11-26 06:02:40",545,1940,93585
10477661,Sold,100000,52,0,2017-06-23,,0,"2024-11-26 09:21:12",546,12568,196699
3841807,Sold,25000,33,0,1988-10-05,,0,"2024-11-26 06:02:40",547,NULL,72426
2060426861,Sold,6250,NULL,0,2023-07-18,,0,"2024-11-26 09:21:12",548,12901,NULL
15109199,Sold,60000,43,0,1974-11-22,,0,"2024-11-26 06:02:40",549,2427,16
2060426861,Sold,6250,NULL,0,2024-11-25,,0,"2024-11-26 09:21:12",550,12901,NULL
34287319,Sold,64900,45,0,1988-07-26,,0,"2024-11-26 06:02:40",551,1986,97021
35910265,Sold,95000,52,0,1981-05-14,,0,"2024-11-20 22:18:43",552,11836,30471
30284508,Sold,82500,49,0,2004-09-30,,0,"2024-11-26 06:02:40",553,1535,97311
35910265,Sold,95000,52,0,1981-05-14,,0,"2024-11-20 23:54:06",554,11836,30471
6204611,Sold,62900,51,0,1990-06-22,,0,"2024-11-26 06:02:40",555,980,6979
11262511,Sold,62900,56,0,1991-09-18,,0,"2024-11-27 06:13:47",556,4557,132048
69385241,Sold,129767,52,0,2004-06-07,,0,"2024-11-20 23:54:06",557,11957,10315
15081336,Sold,1180000,983,0,2016-07-01,,0,"2024-11-26 09:21:12",558,12974,196517
14391575,Sold,177400,58,0,1997-07-07,,0,"2024-11-27 06:13:47",559,4706,128615
43853308,Sold,65000,52,0,1986-08-01,,0,"2024-11-20 23:54:06",560,12129,57450
101271162,Sold,260000,NULL,0.06,2012-08-17,,0,"2024-11-26 09:21:12",561,12834,196628
41128106,Sold,125000,51,0,2002-01-14,,0,"2024-11-26 06:02:40",562,2000,93708
6155266,Sold,49000,58,0,1993-06-22,,0,"2024-11-20 23:54:06",563,1049,4453
26637950,Sold,NULL,NULL,0,2017-09-06,,0,"2024-11-26 09:21:12",564,12810,196857
30225056,Sold,100700,51,0,2004-10-20,,0,"2024-11-26 06:02:40",565,1527,93290
7758717,Sold,57400,60,0,1988-01-05,,0,"2024-11-21 00:25:47",566,619,1725
66860165,Sold,79500,64,0.8,2014-06-03,,0,"2024-11-26 09:21:12",567,12888,196528
10349650,Sold,70500,51,0,1986-08-19,,0,"2024-11-26 06:02:40",568,1641,78773
7758717,Sold,57400,60,0,1988-01-05,,0,"2024-11-21 00:21:31",569,619,1725
29406855,Sold,NULL,NULL,0,2024-11-25,,0,"2024-11-26 09:21:12",570,12814,197157
6155266,Sold,49000,61,0,1993-06-22,,0,"2024-11-26 06:02:40",571,1049,4453
7758717,Sold,57400,60,0,1988-01-05,,0,"2024-11-21 00:24:35",572,619,1725
2082098212,Sold,160000,62,-0.03,2020-03-08,,0,"2024-11-27 06:13:47",573,4577,NULL
36594714,Sold,178000,63,0,2020-07-30,,0,"2024-11-26 06:02:40",574,1716,74222
7758717,Sold,57400,60,0,1988-01-05,,0,"2024-11-21 00:22:43",575,619,1725
11474095,Sold,72000,63,0,1990-04-26,,0,"2024-11-26 06:02:40",576,1554,93954
73520746,Sold,88000,62,0,1998-10-26,,0,"2024-11-27 06:13:47",577,4951,140531
73500855,Sold,73700,62,0,1995-09-15,,0,"2024-11-21 00:25:47",578,10186,2668
55108753,Sold,498459,139,0,2012-10-16,,0,"2024-11-26 09:21:12",579,12944,196789
73460039,Sold,175000,63,0,1994-10-20,,0,"2024-11-26 06:02:40",580,NULL,77264
46260729,Sold,139900,68,0,2001-03-01,,0,"2024-11-27 06:13:47",581,10975,119707
73500855,Sold,73700,62,0,1995-09-15,,0,"2024-11-21 00:21:31",582,10186,2668
87791250,Sold,999000,NULL,-0.07,2024-11-25,,0,"2024-11-26 09:21:12",583,12515,198888
6174968,Sold,61500,63,0,2015-12-31,,0,"2024-11-26 06:02:40",584,955,9175
35936049,Sold,381000,76,2.63,1990-01-01,,0,"2024-11-27 06:13:47",585,1119,75678
73500855,Sold,73700,62,0,1995-09-15,,0,"2024-11-21 00:24:35",586,10186,2668
14610840,Sold,142065,72,0,1992-11-23,,0,"2024-11-26 09:21:12",587,12632,196848
30199532,Sold,167000,100,0.86,2003-11-07,,0,"2024-11-27 06:13:47",588,4455,156970
10176425,Sold,15000,7,0,1976-08-30,,0,"2024-11-26 09:21:12",589,12566,196908
73500855,Sold,73700,62,0,1995-09-15,,0,"2024-11-21 00:22:43",590,10186,2668
30235883,Sold,154659,100,0,2002-06-07,,0,"2024-11-27 06:13:47",591,4497,156905
10273709,Sold,249900,151,0,2016-09-28,,0,"2024-11-26 09:21:12",592,NULL,196548
36627472,Sold,140300,68,-0.06,2014-05-14,,0,"2024-11-20 23:54:06",593,3299,8355
69328086,Sold,165000,104,-0.03,2015-06-09,,0,"2024-11-27 06:13:47",594,991,NULL
338426546,Sold,633200,263,0.18,2024-11-25,,0,"2024-11-26 09:21:12",595,12613,196543
45104910,Sold,400000,112,-0.09,2018-04-05,,0,"2024-11-27 06:13:47",596,NULL,127995
244868025,Sold,422500,NULL,0.03,2024-11-25,,0,"2024-11-26 09:21:12",597,12513,2725
35892642,Sold,200000,120,0,2020-10-30,,0,"2024-11-27 06:13:47",598,1198,4840
73568442,Sold,55000,47,0,1994-02-09,,0,"2024-11-26 09:21:12",599,12703,197859
28239156,Sold,NULL,NULL,0,2019-02-09,,0,"2024-11-28 06:03:26",600,11263,121244
6207165,Sold,154500,59,0,1988-04-13,,0,"2024-11-26 09:21:12",601,12598,196976
28207704,Sold,NULL,NULL,0,2021-08-31,,0,"2024-11-28 06:03:26",602,11165,120376
51278020,Sold,46000,46,0.22,2013-08-23,,0,"2024-11-26 09:21:12",603,12742,196538
69231752,Sold,NULL,NULL,0,2013-01-01,,0,"2024-11-28 06:03:26",604,11304,119349
1107656,Sold,25250,16,2.37,2013-09-04,,0,"2024-11-26 09:21:12",605,12756,196555
81970003,Sold,1200,1,-0.99,2010-10-11,,0,"2024-11-27 06:13:47",606,NULL,136566
31970543,Sold,415000,NULL,-0.13,2012-08-17,,0,"2024-11-28 06:03:26",607,10551,121557
13345227,Sold,1048000,355,-0.07,2020-03-12,,0,"2024-11-26 09:21:12",608,12823,197142
80815718,Sold,375000,321,0,2014-12-15,,0,"2024-11-27 06:13:47",609,NULL,139919
26327834,Sold,NULL,NULL,0,2021-09-15,,0,"2024-11-28 06:03:26",610,11210,122267
13345227,Sold,907500,308,-0.01,2018-04-06,,0,"2024-11-26 09:21:12",611,12823,197142
45090114,Sold,162000,153,0,2018-01-12,,0,"2024-11-27 06:13:47",612,NULL,135165
27846222,Sold,NULL,NULL,0,2011-09-07,,0,"2024-11-28 06:03:26",613,11226,121718
13345227,Sold,73700,25,0,1999-12-02,,0,"2024-11-26 09:21:12",614,12823,197142
32314532,Sold,260000,217,-0.1,2015-07-17,,0,"2024-11-27 06:13:47",615,4370,146852
13345227,Sold,395500,134,4.37,2015-04-17,,0,"2024-11-26 09:21:12",616,12823,197142
28138060,Sold,NULL,NULL,0,2021-06-25,,0,"2024-11-28 06:03:26",617,11217,120458
21313177,Sold,510000,241,0,1998-06-18,,0,"2024-11-27 06:13:47",618,5244,146193
390138830,Sold,310000,428,0.11,2024-11-25,,0,"2024-11-26 09:21:12",619,12537,NULL
28309498,Sold,NULL,NULL,0,2018-08-03,,0,"2024-11-28 06:03:26",620,1243,103854
11470377,Sold,117500,65,0,1992-05-20,,0,"2024-11-27 06:13:47",621,4542,131536
30757032,Sold,550000,458,-0.08,2024-11-27,,0,"2024-11-28 09:24:51",622,2368,122034
32343771,Sold,799000,444,0.63,2024-11-25,,0,"2024-11-26 09:21:12",623,12520,197007
26802871,Sold,NULL,NULL,0,2018-10-15,,0,"2024-11-28 06:03:26",624,11059,152382
34331517,Sold,76900,65,0,1993-10-14,,0,"2024-11-27 06:13:47",625,NULL,142690
245443039,Sold,257000,187,0,2001-08-28,,0,"2024-11-26 09:21:12",626,12545,200950
79981367,Sold,NULL,NULL,0,2010-03-01,,0,"2024-11-28 06:03:26",627,NULL,120315
2119923121,Sold,21500,NULL,-0.52,2016-09-19,,0,"2024-11-28 09:24:51",628,2760,NULL
30305315,Sold,135000,121,0,2016-04-06,,0,"2024-11-27 06:13:47",629,NULL,131033
67964645,Sold,NULL,NULL,0,2017-05-16,,0,"2024-11-26 09:21:12",630,12800,196703
7995832,Sold,1550,1,-0.99,2017-06-26,,0,"2024-11-28 09:24:51",631,2771,116657
14746998,Sold,300000,138,1.45,2001-07-27,,0,"2024-11-27 06:13:47",632,1772,2229
36473588,Sold,12000,10,0,2012-02-21,,0,"2024-11-26 09:21:12",633,12571,196622
27743221,Sold,NULL,NULL,0,2014-10-22,,0,"2024-11-28 06:03:26",634,11152,120552
13027514,Sold,89900,101,0,2009-01-27,,0,"2024-11-28 09:24:51",635,2860,129718
88281164,Sold,34001,37,-0.11,2020-08-03,,0,"2024-11-27 06:13:47",636,4950,135944
28442983,Sold,NULL,NULL,0,2018-02-02,,0,"2024-11-28 06:03:26",637,11240,120493
69677245,Sold,NULL,NULL,0,2011-10-04,,0,"2024-11-28 09:24:51",638,2780,119688
3668761,Sold,40500,39,0,1980-03-28,,0,"2024-11-27 06:13:47",639,NULL,128792
26168105,Sold,NULL,NULL,0,2012-03-09,,0,"2024-11-28 06:03:26",640,11315,120042
10317759,Sold,6500,5,0,1983-07-22,,0,"2024-11-28 09:24:51",641,2553,120065
73491934,Sold,93000,47,0,1996-11-08,,0,"2024-11-27 06:13:47",642,11076,126232
26120904,Sold,NULL,NULL,0,2021-06-11,,0,"2024-11-28 06:03:26",643,11276,119836
26760384,Sold,NULL,NULL,0,2009-11-02,,0,"2024-11-28 09:24:51",644,2772,119503
35792616,Sold,115000,51,0,1991-11-01,,0,"2024-11-27 06:13:47",645,4749,156358
118366457,Sold,31000,NULL,-0.26,2020-12-30,,0,"2024-11-28 06:03:26",646,NULL,116785
2091399620,Sold,300000,276,0,2018-03-02,,0,"2024-11-28 09:24:51",647,2604,NULL
6204611,Sold,62900,51,0,1990-06-22,,0,"2024-11-27 06:13:47",648,980,6979
26700880,Sold,NULL,NULL,0,2012-12-26,,0,"2024-11-28 06:03:26",649,11047,120165
68591813,Sold,107000,95,0.13,2021-07-23,,0,"2024-11-28 09:24:51",650,2510,119062
36428377,Sold,54000,51,0,1990-11-05,,0,"2024-11-27 06:13:47",651,1019,102880
31970543,Sold,760000,NULL,-0.1,2015-04-03,,0,"2024-11-28 06:03:26",652,10551,121557
1148872,Sold,30000,23,0,2020-08-21,,0,"2024-11-28 09:24:51",653,2653,59629
73658133,Sold,73300,53,0,1998-10-02,,0,"2024-11-27 06:13:47",654,11058,126243
26120904,Sold,NULL,NULL,0,2016-08-05,,0,"2024-11-28 06:03:26",655,11276,119836
7779792,Sold,173000,135,0.68,2020-04-23,,0,"2024-11-28 09:24:51",656,2769,120148
28113125,Sold,NULL,NULL,0,2012-12-06,,0,"2024-11-28 06:03:26",657,11195,121273
26830808,Sold,NULL,NULL,0,2018-05-02,,0,"2024-11-28 09:24:51",658,2788,119990
63349695,Sold,NULL,NULL,0,2019-08-22,,0,"2024-11-28 06:03:26",659,4070,12938
119571951,Sold,720000,432,0,2015-01-30,,0,"2024-11-28 09:24:51",660,2356,120823
61871127,Sold,NULL,NULL,0,2021-05-08,,0,"2024-11-28 06:03:26",661,11026,119692
32314532,Sold,66500,55,0,1998-09-11,,0,"2024-11-27 06:13:47",662,4370,146852
36473588,Sold,239000,198,0,2019-01-26,,0,"2024-11-26 09:21:12",663,12571,196622
2141929456,Sold,70000,74,-0.12,2017-06-28,,0,"2024-11-28 09:24:51",664,2594,NULL
26930462,Sold,NULL,NULL,0,2014-03-21,,0,"2024-11-28 06:03:26",665,11100,152520
6155266,Sold,49000,61,0,1993-06-22,,0,"2024-11-27 06:13:47",666,1049,4453
32205055,Sold,893000,657,0.77,2024-11-25,,0,"2024-11-26 09:21:12",667,NULL,197128
29501506,Sold,NULL,NULL,0,2016-08-18,,0,"2024-11-28 06:03:26",668,NULL,120373
108746490,Sold,180000,110,0,2013-04-22,,0,"2024-11-28 09:24:51",669,2528,119987
6174968,Sold,61500,63,0,2015-12-31,,0,"2024-11-27 06:13:47",670,955,9175
60082007,Sold,NULL,NULL,0,2018-03-29,,0,"2024-11-27 06:13:47",671,5135,138220
80098022,Sold,NULL,NULL,0,2007-10-03,,0,"2024-11-28 06:03:26",672,NULL,120501
26933934,Sold,NULL,NULL,0,2014-03-04,,0,"2024-11-29 05:32:39",673,1226,102906
26435881,Sold,NULL,NULL,0,2011-05-17,,0,"2024-11-27 06:13:47",674,12099,120195
7476240,Sold,104516,66,-0.07,2009-06-30,,0,"2024-11-27 06:13:47",675,NULL,128135
68428508,Sold,NULL,NULL,0,2022-05-10,,0,"2024-11-28 06:03:26",676,11130,122228
64449786,Sold,NULL,NULL,0,2011-12-15,,0,"2024-11-29 05:32:39",677,1402,103957
28109641,Sold,NULL,NULL,0,2016-12-02,,0,"2024-11-27 06:13:47",678,11168,121071
26381362,Sold,NULL,NULL,0,2018-09-01,,0,"2024-11-28 06:03:26",679,12082,119475
41146556,Sold,245000,74,0,2007-07-06,,0,"2024-11-27 06:13:47",680,4855,150049
28535819,Sold,NULL,NULL,0,2016-04-15,,0,"2024-11-29 05:32:39",681,1306,104018
27846222,Sold,NULL,NULL,0,2021-06-08,,0,"2024-11-27 06:13:47",682,11226,121718
26404497,Sold,NULL,NULL,0,2018-07-14,,0,"2024-11-28 06:03:26",683,1421,104645
7142926,Sold,59000,86,0,1993-06-30,,0,"2024-11-27 06:13:47",684,5213,128069
36444650,Sold,62000,NULL,52.91,2016-04-23,,0,"2024-11-29 05:32:39",685,933,102349
27741569,Sold,NULL,NULL,0,2015-04-24,,0,"2024-11-27 06:13:47",686,4961,143128
26178735,Sold,NULL,NULL,0,2013-11-13,,0,"2024-11-28 06:03:26",687,12083,119835
34127332,Sold,119000,90,0,2016-07-26,,0,"2024-11-27 06:13:47",688,NULL,155011
26387648,Sold,NULL,NULL,0,2022-12-09,,0,"2024-11-29 05:32:39",689,1438,102146
250995337,Sold,NULL,NULL,0,2023-08-31,,0,"2024-11-27 06:13:47",690,5128,144084
28442983,Sold,NULL,NULL,0,2004-03-30,,0,"2024-11-28 06:03:26",691,11240,120493
2109658143,Sold,105000,110,0.66,2017-08-31,,0,"2024-11-27 06:13:47",692,4890,NULL
28075057,Sold,NULL,NULL,0,2022-08-12,,0,"2024-11-27 06:13:47",693,4992,132205
26208169,Sold,NULL,NULL,0,2016-10-11,,0,"2024-11-29 05:32:39",694,1429,102144
26295467,Sold,NULL,NULL,0,2017-02-07,,0,"2024-11-28 06:03:26",695,11867,125569
1244878,Sold,164900,140,0,2013-06-25,,0,"2024-11-27 06:13:47",696,4909,152993
26692778,Sold,NULL,NULL,0,2009-12-11,,0,"2024-11-27 06:13:47",697,NULL,147562
29403990,Sold,NULL,NULL,0,2016-02-10,,0,"2024-11-29 05:32:39",698,NULL,104002
28297214,Sold,NULL,NULL,0,2018-01-30,,0,"2024-11-28 06:03:26",699,11194,121495
34046242,Sold,149000,140,4.73,2014-01-03,,0,"2024-11-27 06:13:47",700,4891,130896
26404666,Sold,NULL,NULL,0,2020-12-16,,0,"2024-11-27 06:13:47",701,5699,133048
28291205,Sold,NULL,NULL,0,2018-04-30,,0,"2024-11-29 05:32:39",702,1244,104207
169467066,Sold,NULL,NULL,0,2018-10-18,,0,"2024-11-28 06:03:26",703,12087,119970
10271115,Sold,275000,180,0.03,2019-07-12,,0,"2024-11-27 06:13:47",704,4528,35155
29505904,Sold,NULL,NULL,0,2023-06-05,,0,"2024-11-27 06:13:47",705,NULL,141202
28291205,Sold,NULL,NULL,0,2022-04-01,,0,"2024-11-29 05:32:39",706,1244,104207
1179941,Sold,NULL,NULL,0,2008-12-23,,0,"2024-11-28 06:03:26",707,NULL,119142
36564224,Sold,235000,196,3.2,2021-08-06,,0,"2024-11-27 06:13:47",708,972,102234
28259906,Sold,NULL,NULL,0,1992-06-12,,0,"2024-11-27 06:13:47",709,5085,135195
102479967,Sold,NULL,NULL,0,2020-09-10,,0,"2024-11-29 05:32:39",710,1335,102864
41084890,Sold,16000,5,0,1977-02-03,,0,"2024-11-28 06:03:26",711,11005,NULL
89074671,Sold,750000,688,-0.04,2014-08-21,,0,"2024-11-27 06:13:47",712,4394,100407
26381362,Sold,NULL,NULL,0,2018-09-01,,0,"2024-11-27 06:13:47",713,12082,119475
80516709,Sold,NULL,NULL,0,2015-12-23,,0,"2024-11-29 05:32:39",714,1301,103991
112498529,Sold,645000,561,-0.06,2020-08-31,,0,"2024-11-27 06:13:47",715,4426,139473
28149885,Sold,NULL,NULL,0,2020-11-18,,0,"2024-11-27 06:13:47",716,4996,142656
29403990,Sold,NULL,NULL,0,2016-06-04,,0,"2024-11-29 05:32:39",717,NULL,104002
28205499,Sold,NULL,NULL,0,2024-03-13,,0,"2024-11-27 06:13:47",718,5031,94708
35908042,Sold,652500,133,0,1987-03-19,,0,"2024-11-27 06:13:47",719,1127,95498
73588489,Sold,29900,5,0,1993-07-26,,0,"2024-11-28 06:03:26",720,NULL,123631
28309498,Sold,NULL,NULL,0,2018-08-03,,0,"2024-11-29 05:32:39",721,1243,103854
28417000,Sold,NULL,NULL,0,2012-09-12,,0,"2024-11-27 06:13:47",722,5088,156439
6226695,Sold,188000,157,0,2021-03-26,,0,"2024-11-27 06:13:47",723,914,104132
11394520,Sold,12500,7,0,1991-01-15,,0,"2024-11-28 06:03:26",724,10599,116607
26365684,Sold,NULL,NULL,0,2017-05-31,,0,"2024-11-29 05:32:39",725,1393,102981
35826796,Sold,155000,229,0.72,2021-06-15,,0,"2024-11-27 06:13:47",726,1191,1626
6319605,Sold,27000,7,0,1992-08-19,,0,"2024-11-28 06:03:26",727,10702,9102
26404497,Sold,NULL,NULL,0,2018-07-14,,0,"2024-11-29 05:32:39",728,1421,104645
80525445,Sold,NULL,NULL,0,2023-02-27,,0,"2024-11-27 06:13:47",729,5059,143703
10587835,Sold,21600,13,0,1973-06-15,,0,"2024-11-28 06:03:26",730,10713,119674
26912404,Sold,NULL,NULL,0,2016-08-24,,0,"2024-11-29 05:32:39",731,1196,102196
84010828,Sold,NULL,NULL,0,2023-02-16,,0,"2024-11-27 06:13:47",732,5477,136052
133694424,Sold,20000,16,0,2008-10-07,,0,"2024-11-28 06:03:26",733,10577,149107
26876866,Sold,NULL,NULL,0,2015-08-28,,0,"2024-11-29 05:32:39",734,NULL,102983
97603099,Sold,NULL,NULL,0,2019-10-11,,0,"2024-11-27 06:13:47",735,5082,128995
82230946,Sold,380000,267,-0.41,2012-07-27,,0,"2024-11-27 06:13:47",736,5269,146672
133694424,Sold,20000,16,-0.2,2013-12-30,,0,"2024-11-28 06:03:26",737,10577,149107
69807822,Sold,NULL,NULL,0,2019-05-03,,0,"2024-11-29 05:32:39",738,1312,104057
6958305,Sold,78800,67,0.97,2011-12-30,,0,"2024-11-27 06:13:47",739,5198,97734
10587755,Sold,22600,17,0,1971-11-09,,0,"2024-11-28 06:03:26",740,10710,119666
241933411,Sold,NULL,NULL,0,2018-07-03,,0,"2024-11-29 05:32:39",741,NULL,105086
30235883,Sold,151985,99,-0.02,2003-07-24,,0,"2024-11-27 06:13:47",742,4497,156905
73556515,Sold,34000,19,0,2003-10-24,,0,"2024-11-28 06:03:26",743,11052,131136
28481448,Sold,NULL,NULL,0,2013-04-10,,0,"2024-11-29 05:32:39",744,1346,103897
2109658143,Sold,114000,119,0.09,2020-08-18,,0,"2024-11-27 06:13:47",745,4890,NULL
13420382,Sold,43500,19,0,1976-08-01,,0,"2024-11-28 06:03:26",746,NULL,119375
26390452,Sold,NULL,NULL,0,2018-04-17,,0,"2024-11-29 05:32:39",747,1436,102946
46097401,Sold,303400,182,0.08,2008-10-09,,0,"2024-11-27 06:13:47",748,4734,157860
2094447714,Sold,131000,20,0.01,2017-05-05,,0,"2024-11-28 06:03:26",749,1161,NULL
36444650,Sold,20000,NULL,-0.31,2015-06-05,,0,"2024-11-29 05:32:39",750,933,102349
32276734,Sold,350000,135,0,2007-08-17,,0,"2024-11-27 06:13:47",751,10515,120732
2123978302,Sold,NULL,NULL,0,2023-02-14,,0,"2024-11-27 06:13:47",752,4997,NULL
133694424,Sold,25000,20,0.25,2009-07-25,,0,"2024-11-28 06:03:26",753,10577,149107
3853651,Sold,202500,NULL,-0.04,2014-07-15,,0,"2024-11-29 05:32:39",754,1169,102324
131243155,Sold,525000,175,2.62,2021-03-24,,0,"2024-11-27 06:13:47",755,NULL,145967
73655895,Sold,33180,20,0,2001-06-08,,0,"2024-11-28 06:03:26",756,11049,143045
26421001,Sold,NULL,NULL,0,2019-10-16,,0,"2024-11-27 06:13:47",757,5773,127705
245770872,Sold,NULL,NULL,0,2017-09-07,,0,"2024-11-29 05:32:39",758,1275,104677
3846656,Sold,625000,275,0,2013-09-12,,0,"2024-11-27 09:23:20",759,5754,190709
35936049,Sold,105000,21,0,1989-05-15,,0,"2024-11-28 06:03:26",760,1119,75678
26381362,Sold,NULL,NULL,0,2015-03-17,,0,"2024-11-27 06:13:47",761,12082,119475
26926220,Sold,NULL,NULL,0,2015-09-02,,0,"2024-11-29 05:32:39",762,1223,102453
72539411,Sold,300000,NULL,-0.03,2024-11-26,,0,"2024-11-27 09:23:20",763,5330,191244
27951319,Sold,NULL,NULL,0,2023-07-07,,0,"2024-11-27 06:13:47",764,4975,153641
35826796,Sold,15000,22,0,2013-07-09,,0,"2024-11-28 06:03:26",765,1191,1626
33404659,Sold,33000,NULL,0,1979-04-20,,0,"2024-11-29 05:32:39",766,NULL,102554
101400598,Sold,480000,464,0,2013-12-23,,0,"2024-11-27 09:23:20",767,5668,190613
27783385,Sold,NULL,NULL,0,2023-04-12,,0,"2024-11-27 06:13:47",768,4964,153868
20116537,Sold,18000,22,0,1971-07-01,,0,"2024-11-28 06:03:26",769,11459,116822
26390452,Sold,NULL,NULL,0,2014-03-31,,0,"2024-11-29 05:32:39",770,1436,102946
27825859,Sold,NULL,NULL,0,2016-05-06,,0,"2024-11-27 06:13:47",771,5489,150823
82749594,Sold,23400,30,-0.96,2021-09-01,,0,"2024-11-28 06:03:26",772,11427,120257
101400598,Sold,1800,2,-1,2015-08-15,,0,"2024-11-27 09:23:20",773,5668,190613
36444650,Sold,1150,NULL,-0.94,2016-02-19,,0,"2024-11-29 05:32:39",774,933,102349
29495795,Sold,NULL,NULL,0,2017-06-09,,0,"2024-11-27 06:13:47",775,NULL,157349
11455706,Sold,28000,30,0,1986-08-06,,0,"2024-11-28 06:03:26",776,10631,119619
165172760,Sold,200000,99,5.67,2021-08-19,,0,"2024-11-27 09:23:20",777,NULL,190591
29422817,Sold,NULL,NULL,0,2015-04-24,,0,"2024-11-29 05:32:39",778,1415,103801
80516036,Sold,NULL,NULL,0,2016-06-04,,0,"2024-11-27 06:13:47",779,5043,150964
122016630,Sold,24000,32,-0.92,2016-09-01,,0,"2024-11-28 06:03:26",780,NULL,119938
80011299,Sold,800000,1429,-0.04,2024-11-26,,0,"2024-11-27 09:23:20",781,2458,120765
2097284237,Sold,50000,NULL,0,2016-07-28,,0,"2024-11-29 05:32:39",782,NULL,NULL
11588855,Sold,71500,32,0,1976-06-17,,0,"2024-11-28 06:03:26",783,10635,119921
11445541,Sold,43000,26,0,1991-09-10,,0,"2024-11-27 09:23:20",784,5431,190477
26876866,Sold,NULL,NULL,0,2011-09-28,,0,"2024-11-29 05:32:39",785,NULL,102983
44961754,Sold,95000,32,-0.7,2013-04-22,,0,"2024-11-28 06:03:26",786,10942,119974
95096109,Sold,84900,65,0,2009-10-14,,0,"2024-11-27 09:23:20",787,5746,190442
80525445,Sold,NULL,NULL,0,2021-03-25,,0,"2024-11-27 06:13:47",788,5059,143703
49825178,Sold,79072,32,-0.24,2017-04-06,,0,"2024-11-28 06:03:26",789,10828,119457
10181171,Sold,161000,59,0,1986-09-29,,0,"2024-11-27 09:23:20",790,5515,190353
28260698,Sold,NULL,NULL,0,2022-06-03,,0,"2024-11-27 06:13:47",791,5027,138442
6251313,Sold,137500,48,0,1989-09-13,,0,"2024-11-28 06:03:26",792,977,9817
10316340,Sold,310000,282,0.29,2013-12-31,,0,"2024-11-27 09:23:20",793,5464,190564
28346154,Sold,NULL,NULL,0,1995-12-27,,0,"2024-11-27 06:13:47",794,11229,121652
10610105,Sold,32140,48,0,1982-01-18,,0,"2024-11-28 06:03:26",795,10657,119740
120895547,Sold,NULL,NULL,0,2016-10-26,,0,"2024-11-27 09:23:20",796,5793,190840
28260078,Sold,NULL,NULL,0,2012-07-19,,0,"2024-11-27 06:13:47",797,5084,100338
30281097,Sold,97500,62,0,2014-05-25,,0,"2024-11-28 06:03:26",798,10582,156350
26788933,Sold,NULL,NULL,0,2008-02-21,,0,"2024-11-27 09:23:20",799,5738,190393
83995866,Sold,NULL,NULL,0,2016-04-19,,0,"2024-11-27 06:13:47",800,11062,116752
26700488,Sold,NULL,NULL,0,2014-02-28,,0,"2024-11-29 05:32:39",801,NULL,102896
69380965,Sold,37500,64,0.92,2013-05-08,,0,"2024-11-28 06:03:26",802,10879,119730
84000822,Sold,NULL,NULL,0,2013-06-14,,0,"2024-11-27 06:13:47",803,5434,132500
20534087,Sold,1249000,529,0,2003-07-11,,0,"2024-11-27 09:23:20",804,5906,190730
46260729,Sold,139900,68,0,2001-03-01,,0,"2024-11-28 06:03:26",805,10975,119707
26365684,Sold,NULL,NULL,0,2013-07-09,,0,"2024-11-29 05:32:39",806,1393,102981
118405074,Sold,NULL,NULL,0,2017-03-13,,0,"2024-11-27 06:13:47",807,5499,96805
20534087,Sold,1249000,529,0,2003-12-31,,0,"2024-11-27 09:23:20",808,5906,190730
88663282,Sold,90000,68,0,2001-04-04,,0,"2024-11-28 06:03:26",809,11081,125442
20453785,Sold,9500,3,-0.97,2022-10-22,,0,"2024-11-29 05:32:39",810,1511,102643
28149885,Sold,NULL,NULL,0,2021-10-29,,0,"2024-11-27 06:13:47",811,4996,142656
67963467,Sold,NULL,NULL,0,2017-09-11,,0,"2024-11-27 09:23:20",812,5771,190636
11519986,Sold,14500,11,0,1978-06-23,,0,"2024-11-29 05:32:39",813,849,102504
45053908,Sold,225400,72,0,1988-06-01,,0,"2024-11-28 06:03:26",814,10940,119400
28444694,Sold,NULL,NULL,0,2022-09-23,,0,"2024-11-27 06:13:47",815,5028,128540
6208082,Sold,149500,48,0,1994-10-01,,0,"2024-11-27 09:23:20",816,5549,191060
2094447714,Sold,131000,20,0.01,2017-05-05,,0,"2024-11-29 05:32:39",817,1161,NULL
35936049,Sold,381000,76,2.63,1990-01-01,,0,"2024-11-28 06:03:26",818,1119,75678
2072174930,Sold,264000,NULL,0,2018-07-16,,0,"2024-11-27 09:23:20",819,5350,NULL
35936049,Sold,105000,21,0,1989-05-15,,0,"2024-11-29 05:32:39",820,1119,75678
69328086,Sold,165000,104,-0.03,2015-06-09,,0,"2024-11-28 06:03:26",821,991,NULL
20122454,Sold,69800,76,0,1982-11-05,,0,"2024-11-27 09:23:20",822,5863,190553
35826796,Sold,15000,22,0,2013-07-09,,0,"2024-11-29 05:32:39",823,1191,1626
21312797,Sold,180000,104,-0.01,2016-05-18,,0,"2024-11-28 06:03:26",824,11446,119905
26888534,Sold,NULL,NULL,0,2017-12-02,,0,"2024-11-27 09:23:20",825,5761,190583
44429853,Sold,54500,36,0,1994-09-01,,0,"2024-11-29 05:32:39",826,1272,102797
35892642,Sold,200000,120,0,2020-10-30,,0,"2024-11-28 06:03:26",827,1198,4840
26888534,Sold,NULL,NULL,0,2015-07-23,,0,"2024-11-27 09:23:20",828,5761,190583
14798834,Sold,186000,44,0,1990-09-07,,0,"2024-11-29 05:32:39",829,1050,102576
36440326,Sold,230000,144,0.02,2019-05-20,,0,"2024-11-28 06:03:26",830,10679,119593
10530646,Sold,200000,120,0,2004-12-30,,0,"2024-11-27 09:23:20",831,5424,190570
6251313,Sold,137500,46,0,1989-09-13,,0,"2024-11-29 05:32:39",832,977,9817
13418551,Sold,250000,200,2.31,2021-02-08,,0,"2024-11-28 06:03:26",833,NULL,120197
10323037,Sold,1700,1,-0.99,2013-03-01,,0,"2024-11-27 09:23:20",834,5449,190559
35936049,Sold,381000,76,2.63,1990-01-01,,0,"2024-11-29 05:32:39",835,1119,75678
36441858,Sold,1850,1,-0.99,2014-06-15,,0,"2024-11-28 06:03:26",836,NULL,119764
10564457,Sold,159000,80,-0.04,2015-09-22,,0,"2024-11-27 09:23:20",837,5409,190322
28454750,Sold,NULL,NULL,0,2009-04-06,,0,"2024-11-27 06:13:47",838,5008,138811
69328086,Sold,165000,104,-0.03,2015-06-09,,0,"2024-11-29 05:32:39",839,991,NULL
36627331,Sold,1800,1,0,2007-02-21,,0,"2024-11-28 06:03:26",840,NULL,119424
87766384,Sold,370000,171,0,2008-11-19,,0,"2024-11-27 09:23:20",841,5452,190390
69640823,Sold,NULL,NULL,0,2019-07-19,,0,"2024-11-27 06:13:47",842,5777,88705
35892642,Sold,200000,120,0,2020-10-30,,0,"2024-11-29 05:32:39",843,1198,4840
82802223,Sold,1250,1,-0.98,2018-10-11,,0,"2024-11-28 06:03:26",844,NULL,119770
2097674103,Sold,345000,340,-0.01,2016-10-06,,0,"2024-11-27 09:23:20",845,5875,NULL
54533374,Sold,220000,NULL,0.38,2008-07-28,,0,"2024-11-27 06:13:47",846,NULL,158425
13325126,Sold,850000,200,0,2021-04-16,,0,"2024-11-29 05:32:39",847,1420,102154
67400728,Sold,1200,1,-0.99,2018-10-27,,0,"2024-11-28 06:03:26",848,NULL,120222
2097674103,Sold,349000,344,0,2017-10-28,,0,"2024-11-27 09:23:20",849,5875,NULL
28126544,Sold,NULL,NULL,0,2017-08-24,,0,"2024-11-27 06:13:47",850,5055,136330
16948153,Sold,787000,385,0.66,2013-12-09,,0,"2024-11-29 05:32:39",851,1400,102328
10258176,Sold,388000,129,0.37,2021-06-29,,0,"2024-11-28 06:03:26",852,10583,119657
2104363640,Sold,299700,NULL,0,2015-04-15,,0,"2024-11-27 09:23:20",853,5733,NULL
97603099,Sold,NULL,NULL,0,2016-09-06,,0,"2024-11-27 06:13:47",854,5082,128995
35931115,Sold,111000,137,0,1996-05-01,,0,"2024-11-29 05:32:39",855,1146,102302
35931115,Sold,111000,137,0,1996-05-01,,0,"2024-11-28 06:03:26",856,1146,102302
2076939134,Sold,765000,NULL,-0.02,2024-11-26,,0,"2024-11-27 09:23:20",857,5364,NULL
26700880,Sold,NULL,NULL,0,2012-12-26,,0,"2024-11-27 06:13:47",858,11047,120165
121067840,Sold,225000,225,0,2011-04-28,,0,"2024-11-29 05:32:39",859,NULL,102570
36620789,Sold,243860,161,-0.25,2024-11-14,,0,"2024-11-28 06:03:26",860,NULL,119532
41072882,Sold,4619,NULL,0,1992-07-20,,0,"2024-11-27 06:13:47",861,NULL,157306
131664008,Sold,748777,147,0,2019-11-15,,0,"2024-11-29 05:32:39",862,1441,102860
28442210,Sold,NULL,NULL,0,2016-10-04,,0,"2024-11-27 06:13:47",863,5030,86311
88266833,Sold,97000,39,-0.08,2021-03-01,,0,"2024-11-29 05:32:39",864,1143,105591
26404666,Sold,NULL,NULL,0,2017-09-26,,0,"2024-11-27 06:13:47",865,5699,133048
10179338,Sold,328750,209,-0.03,2014-03-05,,0,"2024-11-28 06:03:26",866,1622,72114
36428377,Sold,54000,43,0,1990-11-05,,0,"2024-11-29 05:32:39",867,1019,102880
29495795,Sold,NULL,NULL,0,2020-01-26,,0,"2024-11-27 06:13:47",868,NULL,157349
33903984,Sold,84000,65,0,1993-07-02,,0,"2024-11-28 06:03:26",869,NULL,119172
20625978,Sold,23400,49,-0.93,2018-03-14,,0,"2024-11-29 05:32:39",870,1451,102512
80590677,Sold,NULL,NULL,0,2011-06-06,,0,"2024-11-27 06:13:47",871,5493,79254
67400728,Sold,88500,85,-0.58,2011-02-24,,0,"2024-11-28 06:03:26",872,NULL,120222
119625087,Sold,NULL,NULL,0,2012-12-17,,0,"2024-11-27 09:23:20",873,5790,190823
11599689,Sold,93010,49,0,1993-06-02,,0,"2024-11-29 05:32:39",874,865,102958
28126544,Sold,NULL,NULL,0,2017-12-16,,0,"2024-11-27 06:13:47",875,5055,136330
30783373,Sold,141000,97,0,1989-08-03,,0,"2024-11-28 06:03:26",876,10612,120383
26825088,Sold,NULL,NULL,0,2010-05-13,,0,"2024-11-27 09:23:20",877,5747,190676
6204611,Sold,62900,51,0,1990-06-22,,0,"2024-11-29 05:32:39",878,980,6979
83997137,Sold,NULL,NULL,0,2013-05-24,,0,"2024-11-27 06:13:47",879,5405,153242
2072132295,Sold,205000,170,0,2021-09-30,,0,"2024-11-28 06:03:26",880,10886,NULL
32199298,Sold,999999,994,1.5,2024-11-26,,0,"2024-11-27 09:23:20",881,5367,191104
10391343,Sold,61500,53,0,1985-10-04,,0,"2024-11-29 05:32:39",882,921,103772
131664008,Sold,748777,147,0,2019-11-15,,0,"2024-11-28 06:03:26",883,1441,102860
60201353,Sold,2325,NULL,-0.99,2014-05-15,,0,"2024-11-27 09:23:20",884,5758,190428
10391343,Sold,61500,53,0,1991-12-02,,0,"2024-11-29 05:32:39",885,921,103772
60201353,Sold,365000,NULL,0.04,2018-11-16,,0,"2024-11-27 09:23:20",886,5758,190428
123499071,Sold,145000,55,0,2013-10-31,,0,"2024-11-29 05:32:39",887,1285,102206
73666453,Sold,33000,35,0,1994-02-07,,0,"2024-11-27 09:23:20",888,5590,191543
6155266,Sold,49000,61,0,1993-06-22,,0,"2024-11-29 05:32:39",889,1049,4453
28444694,Sold,NULL,NULL,0,2024-02-29,,0,"2024-11-27 06:13:47",890,5028,128540
114093973,Sold,38900,14,0,2005-08-22,,0,"2024-11-27 09:23:20",891,5619,191386
6174968,Sold,61500,63,0,2015-12-31,,0,"2024-11-29 05:32:39",892,955,9175
80035391,Sold,NULL,NULL,0,2009-11-30,,0,"2024-11-27 06:13:47",893,NULL,134860
26758808,Sold,NULL,NULL,0,2015-08-21,,0,"2024-11-27 09:23:20",894,5742,190616
6172340,Sold,95000,78,0.6,2017-03-17,,0,"2024-11-29 05:32:39",895,998,104183
27846222,Sold,NULL,NULL,0,2011-09-07,,0,"2024-11-27 06:13:47",896,11226,121718
10306975,Sold,110000,54,0,1989-10-30,,0,"2024-11-27 09:23:20",897,5507,190597
20949673,Sold,98000,86,0,1987-12-03,,0,"2024-11-29 05:32:39",898,1501,102342
46214823,Sold,71000,57,0,1991-05-03,,0,"2024-11-27 09:23:20",899,5617,190504
1076660,Sold,13350,8,-0.46,2013-03-26,,0,"2024-11-27 09:23:20",900,5660,190527
1148856,Sold,30000,23,0,2020-08-21,,0,"2024-11-27 09:23:20",901,5684,190609
59888920,Sold,38806,35,0,1992-08-11,,0,"2024-11-28 06:03:26",902,10977,120405
36564224,Sold,235000,196,3.2,2021-08-06,,0,"2024-11-29 05:32:39",903,972,102234
84036455,Sold,NULL,NULL,0,2013-03-07,,0,"2024-11-27 06:13:47",904,5483,140066
10576569,Sold,200000,196,0,2021-08-16,,0,"2024-11-27 09:23:20",905,5412,190315
46104764,Sold,38300,35,0,1986-12-01,,0,"2024-11-28 06:03:26",906,10954,119354
35908042,Sold,652500,133,0,1987-03-19,,0,"2024-11-29 05:32:39",907,1127,95498
28499285,Sold,NULL,NULL,0,2020-06-04,,0,"2024-11-27 06:13:47",908,11246,120431
28291285,Sold,NULL,NULL,0,2024-11-26,,0,"2024-11-27 09:23:20",909,5781,191072
6226695,Sold,188000,157,0,2021-03-26,,0,"2024-11-29 05:32:39",910,914,104132
83997137,Sold,NULL,NULL,0,2018-12-18,,0,"2024-11-27 06:13:47",911,5405,153242
48757213,Sold,65000,42,0,1985-07-26,,0,"2024-11-27 09:23:20",912,5990,190375
35826796,Sold,155000,229,0.72,2021-06-15,,0,"2024-11-29 05:32:39",913,1191,1626
80590677,Sold,NULL,NULL,0,2013-04-29,,0,"2024-11-27 06:13:47",914,5493,79254
73655895,Sold,61720,37,0.86,2011-05-26,,0,"2024-11-28 06:03:26",915,11049,143045
2098384862,Sold,450000,202,-0.14,2016-07-21,,0,"2024-11-27 09:23:20",916,5511,NULL
26700880,Sold,NULL,NULL,0,2018-12-11,,0,"2024-11-27 06:13:47",917,11047,120165
36551718,Sold,95000,71,1.14,2006-11-02,,0,"2024-11-29 05:32:39",918,976,102275
44434320,Sold,49900,43,0,1986-07-23,,0,"2024-11-28 06:03:26",919,10878,119552
26434783,Sold,NULL,NULL,0,2024-11-26,,0,"2024-11-27 09:23:20",920,5784,190772
97603099,Sold,NULL,NULL,0,2020-10-11,,0,"2024-11-27 06:13:47",921,5082,128995
73491934,Sold,93000,47,0,1996-11-08,,0,"2024-11-28 06:03:26",922,11076,126232
32195920,Sold,540000,333,0.35,2015-10-13,,0,"2024-11-29 05:32:39",923,834,103883
26434783,Sold,NULL,NULL,0,2018-05-17,,0,"2024-11-27 09:23:20",924,5784,190772
6204611,Sold,62900,51,0,1990-06-22,,0,"2024-11-28 06:03:26",925,980,6979
28472672,Sold,NULL,NULL,0,2015-05-14,,0,"2024-11-21 11:09:29",926,9666,12820
26434783,Sold,NULL,NULL,0,2014-04-24,,0,"2024-11-27 09:23:20",927,5784,190772
73658133,Sold,73300,53,0,1998-10-02,,0,"2024-11-28 06:03:26",928,11058,126243
28133014,Sold,NULL,NULL,0,2020-07-02,,0,"2024-11-21 11:09:29",929,9640,14325
28406987,Sold,NULL,NULL,0,2012-08-21,,0,"2024-11-27 06:13:47",930,5024,151580
83124971,Sold,NULL,NULL,0,2021-09-03,,0,"2024-11-27 09:23:20",931,5796,191037
36609711,Sold,82425,53,0.75,2016-04-04,,0,"2024-11-28 06:03:26",932,NULL,119942
26296647,Sold,NULL,NULL,0,2017-08-24,,0,"2024-11-21 11:09:29",933,9671,9426
26382523,Sold,NULL,NULL,0,2006-07-21,,0,"2024-11-27 06:13:47",934,5138,149986
123499071,Sold,145000,55,0,2013-10-31,,0,"2024-11-28 06:03:26",935,1285,102206
26293822,Sold,NULL,NULL,0,2012-04-09,,0,"2024-11-21 11:09:29",936,9659,18218
3920035,Sold,1200,NULL,-0.11,2012-02-03,,0,"2024-11-27 06:13:47",937,NULL,146801
14406712,Sold,125000,57,0,1991-09-13,,0,"2024-11-28 06:03:26",938,10841,116667
83994913,Sold,NULL,NULL,0,2017-03-14,,0,"2024-11-21 11:09:29",939,NULL,9987
122142671,Sold,NULL,NULL,0,2016-10-21,,0,"2024-11-27 06:13:47",940,5143,153086
6155266,Sold,49000,61,0,1993-06-22,,0,"2024-11-28 06:03:26",941,1049,4453
26813790,Sold,NULL,NULL,0,2020-03-27,,0,"2024-11-21 11:09:29",942,9537,11990
29505904,Sold,NULL,NULL,0,2016-08-25,,0,"2024-11-27 06:13:47",943,NULL,141202
6174968,Sold,61500,63,0,2015-12-31,,0,"2024-11-28 06:03:26",944,955,9175
28132659,Sold,NULL,NULL,0,2020-05-15,,0,"2024-11-21 11:09:29",945,3955,12079
29341146,Sold,NULL,NULL,0,2015-08-06,,0,"2024-11-27 06:13:47",946,NULL,153929
36608402,Sold,140000,114,0.04,2018-07-11,,0,"2024-11-28 06:03:26",947,8211,120101
80547341,Sold,NULL,NULL,0,2012-05-02,,0,"2024-11-21 11:09:29",948,9500,6988
69231203,Sold,NULL,NULL,0,2017-11-03,,0,"2024-11-27 06:13:47",949,5463,139639
36449528,Sold,175000,132,8.72,2011-05-26,,0,"2024-11-28 06:03:26",950,6180,119245
55484382,Sold,NULL,NULL,0,2013-01-14,,0,"2024-11-21 11:09:29",951,9627,14729
83124971,Sold,NULL,NULL,0,2024-11-26,,0,"2024-11-27 09:23:20",952,5796,191037
81970003,Sold,975,NULL,-0.19,2012-03-08,,0,"2024-11-27 06:13:47",953,NULL,136566
2141387402,Sold,1525000,1316,-0.05,2011-04-01,,0,"2024-11-28 06:03:26",954,10558,NULL
28267575,Sold,NULL,NULL,0,2011-10-13,,0,"2024-11-21 11:09:29",955,9597,13277
10588399,Sold,53000,39,0,1986-05-28,,0,"2024-11-27 09:23:20",956,5482,190682
35908042,Sold,652500,133,0,1987-03-19,,0,"2024-11-28 06:03:26",957,1127,95498
28480278,Sold,NULL,NULL,0,2016-03-11,,0,"2024-11-21 11:09:29",958,9628,9859
102286839,Sold,136588,71,0,2001-12-17,,0,"2024-11-27 09:23:20",959,5632,190558
6226695,Sold,188000,157,0,2021-03-26,,0,"2024-11-28 06:03:26",960,914,104132
84031106,Sold,NULL,NULL,0,2013-04-15,,0,"2024-11-21 11:09:29",961,9609,12934
339461320,Sold,NULL,NULL,0,2024-02-06,,0,"2024-11-28 06:03:26",962,NULL,152196
35826796,Sold,155000,229,0.72,2021-06-15,,0,"2024-11-28 06:03:26",963,1191,1626
69663967,Sold,NULL,NULL,0,2021-12-01,,0,"2024-11-21 11:09:29",964,9706,11470
26381362,Sold,NULL,NULL,0,2015-03-17,,0,"2024-11-28 06:03:26",965,12082,119475
244767512,Sold,2795000,1449,0,2017-02-02,,0,"2024-11-28 06:03:26",966,10567,123672
81970003,Sold,1000,NULL,0.03,2014-09-27,,0,"2024-11-27 06:13:47",967,NULL,136566
28297563,Sold,NULL,NULL,0,2019-03-27,,0,"2024-11-28 06:03:26",968,11182,120721
52269535,Sold,5000,2,0,1972-01-01,,0,"2024-11-27 06:13:47",969,5119,154329
28020389,Sold,NULL,NULL,0,2009-11-24,,0,"2024-11-28 06:03:26",970,11135,121787
80031284,Sold,NULL,NULL,0,2010-11-01,,0,"2024-11-28 06:03:26",971,12092,119962
80543728,Sold,NULL,NULL,0,2014-07-01,,0,"2024-11-28 06:03:26",972,11176,121052
28057768,Sold,NULL,NULL,0,2008-09-20,,0,"2024-11-28 06:03:26",973,11247,120754
26887814,Sold,NULL,NULL,0,2016-03-01,,0,"2024-11-28 06:03:26",974,11085,116804
28274675,Sold,NULL,NULL,0,2018-08-14,,0,"2024-11-28 06:03:26",975,11269,122238
11439708,Sold,68900,83,0,1988-04-11,,0,"2024-11-28 06:03:26",976,10633,119148
10294660,Sold,5000,6,0,1977-10-26,,0,"2024-11-27 06:13:47",977,4551,143527
26266603,Sold,NULL,NULL,0,2011-05-05,,0,"2024-11-28 06:03:26",978,11200,119434
80822274,Sold,287900,87,0.02,2014-02-24,,0,"2024-11-28 06:03:26",979,10835,119592
6319605,Sold,27000,7,0,1992-08-19,,0,"2024-11-27 06:13:47",980,10702,9102
83992193,Sold,NULL,NULL,0,2012-10-12,,0,"2024-11-28 06:03:26",981,11324,119639
70330800,Sold,NULL,NULL,0,2015-04-09,,0,"2024-11-21 11:09:29",982,NULL,13024
10398258,Sold,87000,91,0.07,2011-06-09,,0,"2024-11-28 06:03:26",983,10701,119854
10254987,Sold,7800,8,0,1990-01-11,,0,"2024-11-27 06:13:47",984,4574,144191
3853651,Sold,202500,NULL,-0.04,2014-07-15,,0,"2024-11-28 06:03:26",985,1169,102324
89556951,Sold,NULL,NULL,0,2016-09-13,,0,"2024-11-21 11:09:29",986,3861,12049
21312797,Sold,199000,115,0,2017-08-28,,0,"2024-11-28 06:03:26",987,11446,119905
33874732,Sold,10500,8,0,2008-10-02,,0,"2024-11-27 06:13:47",988,NULL,75403
28057768,Sold,NULL,NULL,0,2007-07-13,,0,"2024-11-28 06:03:26",989,11247,120754
63349695,Sold,NULL,NULL,0,2019-08-22,,0,"2024-11-21 11:09:29",990,4070,12938
19913023,Sold,118500,134,-0.61,2010-02-10,,0,"2024-11-28 06:03:26",991,11453,119799
45076522,Sold,8300,10,0,1972-01-01,,0,"2024-11-27 06:13:47",992,4831,131666
28057768,Sold,NULL,NULL,0,2024-05-03,,0,"2024-11-28 06:03:26",993,11247,120754
28009053,Sold,NULL,NULL,0,2016-03-09,,0,"2024-11-21 11:09:29",994,9633,14251
113502390,Sold,280000,166,-0.02,2019-04-11,,0,"2024-11-28 06:03:26",995,10781,121142
88637414,Sold,24500,11,-0.31,2016-05-06,,0,"2024-11-27 06:13:47",996,4953,156293
83995866,Sold,NULL,NULL,0,2016-04-19,,0,"2024-11-28 06:03:26",997,11062,116752
89976996,Sold,256000,301,3.64,2015-04-15,,0,"2024-11-28 06:03:26",998,NULL,119940
35932638,Sold,138000,NULL,0.12,2016-08-02,,0,"2024-11-21 11:09:29",999,9139,11961
10369851,Sold,10500,12,0,1979-05-24,,0,"2024-11-27 06:13:47",1000,NULL,133138
