zpid,is_FSBA,is_comingSoon,is_newHome,is_pending,is_forAuction,is_foreclosure,is_bankOwned,is_openHouse,is_FSBO,lastUpdated,ls_id,lmi_id,pl_id
2082643290,0,0,1,0,0,0,0,0,0,"2024-11-20 23:54:07",1,1364,13375
442499421,0,0,1,0,0,0,0,1,0,"2024-11-20 23:54:07",2,1340,NULL
88184065,0,1,0,0,0,0,0,0,0,"2024-11-20 23:54:07",3,1597,11965
442727692,0,0,1,0,0,0,0,0,0,"2024-11-20 23:54:07",4,743,NULL
431922409,0,0,1,0,0,0,0,1,0,"2024-11-20 23:54:07",5,461,NULL
442720814,0,0,1,0,0,0,0,0,0,"2024-11-20 23:54:07",6,2225,NULL
2053617927,0,0,1,0,0,0,0,0,0,"2024-11-20 23:54:07",7,1952,11910
442707906,0,0,1,0,0,0,0,0,0,"2024-11-20 23:54:07",8,2600,NULL
10318377,0,0,1,0,0,0,0,0,0,"2024-11-20 23:54:07",9,2193,11694
10283430,0,1,0,0,0,0,0,0,0,"2024-11-20 23:54:07",10,1519,11650
88287138,0,0,0,0,0,1,0,0,0,"2024-11-20 23:54:07",11,2333,11968
2065672345,0,0,1,0,0,0,0,0,0,"2024-11-20 23:54:07",12,1111,12311
44208737,0,0,1,0,0,0,0,0,0,"2024-11-20 23:54:07",13,2542,12128
442705938,0,0,1,0,0,0,0,0,0,"2024-11-20 23:54:07",14,872,NULL
13332751,0,1,0,0,0,0,0,0,0,"2024-11-20 23:54:07",15,1576,12306
343600676,0,0,1,0,0,0,0,0,0,"2024-11-20 23:54:07",16,1851,12475
347128492,0,0,1,0,0,0,0,0,0,"2024-11-20 23:54:07",17,1894,11753
97643028,0,0,1,0,0,0,0,0,0,"2024-11-20 23:54:07",18,1245,12231
346924299,0,0,1,0,0,0,0,1,0,"2024-11-20 23:54:07",19,1010,12527
442727038,0,0,1,0,0,0,0,0,0,"2024-11-20 23:54:07",20,1154,NULL
442717634,0,0,1,0,0,0,0,0,0,"2024-11-20 23:54:07",21,1155,NULL
2054131079,0,0,1,0,0,0,0,0,0,"2024-11-20 23:54:07",22,1843,11856
441623348,0,0,1,0,0,0,0,0,0,"2024-11-20 23:54:07",23,1431,NULL
442707828,0,0,1,0,0,0,0,0,0,"2024-11-20 23:54:07",24,1220,NULL
442721974,0,0,1,0,0,0,0,0,0,"2024-11-20 23:54:07",25,1870,NULL
20455234,0,0,1,0,0,0,0,1,0,"2024-11-20 23:54:07",26,607,12410
10284899,0,1,0,0,0,0,0,0,0,"2024-11-20 23:54:07",27,1504,11649
442703892,0,0,1,0,0,0,0,0,0,"2024-11-20 23:54:07",28,1684,NULL
2054674178,0,0,1,0,0,0,0,0,0,"2024-11-20 23:54:07",29,661,12136
442565819,0,0,1,0,0,0,0,0,0,"2024-11-20 23:54:07",30,2036,NULL
336775125,0,0,1,0,0,0,0,0,0,"2024-11-20 23:54:07",31,1383,12264
20631987,0,0,1,0,0,0,0,0,0,"2024-11-20 23:54:07",32,714,12401
420796993,0,0,1,0,0,0,0,1,0,"2024-11-20 23:54:07",33,1457,NULL
110086351,0,0,1,0,0,0,0,0,0,"2024-11-20 23:54:07",34,2508,11947
442580428,0,0,1,0,0,0,0,0,0,"2024-11-20 23:54:07",35,1918,NULL
2053481640,0,0,1,0,0,0,0,0,0,"2024-11-20 23:54:07",36,1019,11938
442720892,0,0,1,0,0,0,0,0,0,"2024-11-20 23:54:07",37,199,NULL
10477699,0,1,0,0,0,0,0,0,0,"2024-11-20 23:54:07",38,1932,11683
337913127,0,0,1,0,0,0,0,0,0,"2024-11-20 23:54:07",39,2350,NULL
351929412,0,0,1,0,0,0,0,0,0,"2024-11-20 23:54:07",40,1433,12257
351154260,0,0,1,0,0,0,0,0,0,"2024-11-20 23:54:07",41,511,12498
442001065,0,0,1,0,0,0,0,0,0,"2024-11-20 23:54:07",42,289,NULL
337099395,0,0,1,0,0,0,0,1,0,"2024-11-20 23:54:07",43,1390,12238
2052842151,0,0,1,0,0,0,0,0,0,"2024-11-20 23:54:07",44,1463,12271
2053081150,0,0,1,0,0,0,0,0,0,"2024-11-20 23:54:07",45,NULL,11839
442720758,0,0,1,0,0,0,0,0,0,"2024-11-20 23:54:07",46,311,NULL
442724065,0,0,1,0,0,0,0,0,0,"2024-11-20 23:54:07",47,2213,NULL
17080329,0,1,0,0,0,0,0,0,0,"2024-11-20 23:54:07",48,30,12457
244885148,0,0,0,0,0,0,0,0,1,"2024-11-20 23:54:07",49,124,11492
440036984,0,0,1,0,0,0,0,0,0,"2024-11-20 23:54:07",50,677,NULL
442707924,0,0,1,0,0,0,0,0,0,"2024-11-20 23:54:07",51,2577,NULL
20022323,0,0,1,0,0,0,0,1,0,"2024-11-20 23:54:07",52,726,12442
350101753,0,0,1,0,0,0,0,0,0,"2024-11-20 23:54:07",53,2384,12296
353922728,0,0,1,0,0,0,0,0,0,"2024-11-20 23:54:07",54,1695,11644
41160239,0,0,1,0,0,0,0,0,0,"2024-11-20 23:54:07",55,1600,11883
348939329,0,0,1,0,0,0,0,0,0,"2024-11-20 23:54:07",56,NULL,12298
442722169,0,0,1,0,0,0,0,0,0,"2024-11-20 23:54:07",57,906,NULL
27962664,0,0,1,0,0,0,0,1,0,"2024-11-20 23:54:07",58,614,12205
2067984346,0,0,1,0,0,0,0,0,0,"2024-11-20 23:54:07",59,848,11598
7802771,0,0,1,0,0,0,0,0,0,"2024-11-20 23:54:07",60,2047,NULL
442720817,0,0,1,0,0,0,0,0,0,"2024-11-20 23:54:07",61,598,NULL
2055886386,0,0,1,0,0,0,0,0,0,"2024-11-20 23:54:07",62,1316,12052
2053901371,0,0,1,0,0,0,0,0,0,"2024-11-20 23:54:07",63,619,12277
442717169,0,0,1,0,0,0,0,1,0,"2024-11-20 23:54:07",64,1409,NULL
439417241,0,0,1,0,0,0,0,0,0,"2024-11-20 23:54:07",65,1573,NULL
350922153,0,0,1,0,0,0,0,0,0,"2024-11-20 23:54:07",66,654,12267
442721973,0,0,1,0,0,0,0,0,0,"2024-11-20 23:54:07",67,235,NULL
20498344,0,0,1,0,0,0,0,1,0,"2024-11-20 23:54:07",68,581,12395
33912604,0,1,0,0,0,0,0,1,0,"2024-11-20 23:54:07",69,4091,11940
345457692,0,0,1,0,0,0,0,0,0,"2024-11-20 23:54:07",70,11,12500
442707890,0,0,1,0,0,0,0,0,0,"2024-11-20 23:54:07",71,1276,NULL
43812298,0,0,1,0,0,0,0,0,0,"2024-11-20 23:54:07",72,994,12112
402142668,0,0,1,0,0,0,0,0,0,"2024-11-20 23:54:07",73,918,NULL
338639491,0,0,1,0,0,0,0,0,0,"2024-11-20 23:54:07",74,1614,12521
2054462658,0,0,1,0,0,0,0,0,0,"2024-11-20 23:54:07",75,1315,13376
2056831327,0,0,1,0,0,0,0,0,0,"2024-11-20 23:54:07",76,1554,12281
2058508561,0,0,1,0,0,0,0,0,0,"2024-11-20 23:54:07",77,2512,NULL
442718046,0,0,1,0,0,0,0,0,0,"2024-11-20 23:54:07",78,2354,NULL
26461574,0,0,0,0,0,1,0,0,0,"2024-11-20 23:54:07",79,639,12317
10241000,0,1,0,0,0,0,0,0,0,"2024-11-20 23:54:07",80,739,11659
88176329,0,1,0,0,0,0,0,1,0,"2024-11-20 23:54:07",81,220,11970
442703769,0,0,1,0,0,0,0,0,0,"2024-11-20 23:54:07",82,2210,NULL
3795243,0,0,1,0,0,0,0,0,0,"2024-11-20 23:54:07",83,898,NULL
442717933,0,0,1,0,0,0,0,0,0,"2024-11-20 23:54:07",84,2386,NULL
442596092,0,0,1,0,0,0,0,0,0,"2024-11-20 23:54:07",85,1410,NULL
442450739,0,0,1,0,0,0,0,0,0,"2024-11-20 23:54:07",86,1728,NULL
442720661,0,0,1,0,0,0,0,0,0,"2024-11-20 23:54:07",87,725,NULL
440530437,0,0,1,0,0,0,0,0,0,"2024-11-20 23:54:07",88,386,NULL
49072131,0,0,1,0,0,0,0,1,0,"2024-11-20 23:54:07",89,1609,12525
442716195,0,0,1,0,0,0,0,0,0,"2024-11-20 23:54:07",90,416,NULL
88113811,0,1,0,0,0,0,0,0,0,"2024-11-20 23:54:07",91,165,11985
2061885067,0,0,1,0,0,0,0,0,0,"2024-11-20 23:54:07",92,2596,12272
442722309,0,0,1,0,0,0,0,0,0,"2024-11-20 23:54:07",93,1388,NULL
47242177,0,0,1,0,0,0,0,0,0,"2024-11-20 23:54:07",94,284,12172
2077106389,0,0,1,0,0,0,0,0,0,"2024-11-20 23:54:07",95,2984,11821
36559584,0,1,0,0,0,0,0,0,0,"2024-11-20 23:54:07",96,1616,11720
442703765,0,0,1,0,0,0,0,0,0,"2024-11-20 23:54:07",97,477,NULL
2062971299,0,0,1,0,0,0,0,0,0,"2024-11-20 23:54:07",98,1347,12210
442517512,0,0,1,0,0,0,0,0,0,"2024-11-20 23:54:07",99,1872,NULL
442703762,0,0,1,0,0,0,0,0,0,"2024-11-20 23:54:07",100,2610,NULL
349016837,0,0,1,0,0,0,0,0,0,"2024-11-20 23:54:07",101,691,13371
27779092,0,0,1,0,0,0,0,1,0,"2024-11-20 23:54:07",102,1436,12155
420826357,0,0,1,0,0,0,0,1,0,"2024-11-20 23:54:07",103,1352,NULL
442725407,0,0,1,0,0,0,0,1,0,"2024-11-20 23:54:07",104,1399,NULL
27842884,0,0,0,0,0,1,0,0,0,"2024-11-20 23:54:07",105,NULL,12225
36508782,0,0,0,0,1,0,0,0,0,"2024-11-20 23:54:07",106,NULL,11708
440018509,0,0,1,0,0,0,0,0,0,"2024-11-20 23:54:07",107,390,NULL
442707911,0,0,1,0,0,0,0,0,0,"2024-11-20 23:54:07",108,1202,NULL
382077686,0,0,1,0,0,0,0,1,0,"2024-11-20 23:54:07",109,1466,NULL
41054356,0,0,0,0,1,0,0,0,0,"2024-11-20 23:54:07",110,NULL,11877
442637000,0,0,1,0,0,0,0,0,0,"2024-11-20 23:54:07",111,351,NULL
27784520,0,0,1,0,0,0,0,0,0,"2024-11-20 23:54:07",112,459,12078
442707868,0,0,1,0,0,0,0,0,0,"2024-11-20 23:54:07",113,2606,NULL
442722208,0,0,1,0,0,0,0,0,0,"2024-11-20 23:54:07",114,434,NULL
442707916,0,0,1,0,0,0,0,0,0,"2024-11-20 23:54:07",115,1275,NULL
2053904628,0,0,1,0,0,0,0,0,0,"2024-11-20 23:54:07",116,1416,12341
440777098,0,0,1,0,0,0,0,0,0,"2024-11-20 23:54:07",117,2169,NULL
442719842,0,0,1,0,0,0,0,0,0,"2024-11-20 23:54:07",118,1901,NULL
442720818,0,0,1,0,0,0,0,0,0,"2024-11-20 23:54:07",119,539,NULL
442720886,0,0,1,0,0,0,0,0,0,"2024-11-20 23:54:07",120,1077,NULL
377046828,0,0,1,0,0,0,0,0,0,"2024-11-20 23:54:07",121,1024,11909
442721972,0,0,1,0,0,0,0,0,0,"2024-11-20 23:54:07",122,1864,NULL
2054067898,0,0,1,0,0,0,0,0,0,"2024-11-20 23:54:07",123,63,11558
442721360,0,0,1,0,0,0,0,0,0,"2024-11-20 23:54:07",124,931,NULL
442722011,0,0,1,0,0,0,0,0,0,"2024-11-20 23:54:07",125,2214,NULL
442703227,0,0,1,0,0,0,0,0,0,"2024-11-20 23:54:07",126,1123,NULL
442703742,0,0,1,0,0,0,0,0,0,"2024-11-20 23:54:07",127,NULL,NULL
442725266,0,0,1,0,0,0,0,0,0,"2024-11-20 23:54:07",128,312,NULL
2054363453,0,0,1,0,0,0,0,0,0,"2024-11-20 23:54:07",129,NULL,11846
2053937161,0,0,1,0,0,0,0,0,0,"2024-11-20 23:54:07",130,1203,12288
441495700,0,0,1,0,0,0,0,0,0,"2024-11-20 23:54:07",131,1555,NULL
82535839,0,0,0,0,0,1,0,0,0,"2024-11-20 23:54:07",132,1085,12382
46070788,0,0,1,0,0,0,0,1,0,"2024-11-20 23:54:07",133,2551,12487
439275291,0,0,1,0,0,0,0,0,0,"2024-11-20 23:54:07",134,2355,NULL
346682967,0,0,1,0,0,0,0,0,0,"2024-11-20 23:54:07",135,757,NULL
442724207,0,0,1,0,0,0,0,0,0,"2024-11-20 23:54:07",136,1473,NULL
442693741,0,0,1,0,0,0,0,0,0,"2024-11-20 23:54:07",137,1881,NULL
2053940660,0,0,1,0,0,0,0,0,0,"2024-11-20 23:54:07",138,1321,12302
348874397,0,0,1,0,0,0,0,0,0,"2024-11-20 23:54:07",139,1443,12303
442693744,0,0,1,0,0,0,0,0,0,"2024-11-20 23:54:07",140,1874,NULL
431173644,0,0,1,0,0,0,0,1,0,"2024-11-20 23:54:07",141,1456,NULL
27947306,0,0,1,0,0,0,0,1,0,"2024-11-20 23:54:07",142,1119,12216
442725117,0,0,1,0,0,0,0,0,0,"2024-11-20 23:54:07",143,2116,NULL
442707820,0,0,1,0,0,0,0,0,0,"2024-11-20 23:54:07",144,2581,NULL
88735865,0,1,0,0,0,0,0,0,0,"2024-11-20 23:54:07",145,2048,11998
352272214,0,0,1,0,0,0,0,0,0,"2024-11-20 23:54:07",146,651,12283
11353073,0,0,0,0,0,0,0,0,0,"2024-11-20 23:54:07",147,NULL,11607
442717349,0,0,1,0,0,0,0,1,0,"2024-11-20 23:54:07",148,NULL,NULL
102322555,0,0,1,0,0,0,0,0,0,"2024-11-20 23:54:07",149,2513,NULL
36599296,0,0,0,0,0,1,0,0,0,"2024-11-20 23:54:07",150,NULL,NULL
439979333,0,0,1,0,0,0,0,0,0,"2024-11-20 23:54:07",151,1291,NULL
36509937,0,0,0,0,1,0,0,0,0,"2024-11-20 23:54:07",152,NULL,11710
88565563,0,1,0,0,0,0,0,0,0,"2024-11-20 23:54:07",153,2314,11997
441202835,0,0,1,0,0,0,0,0,0,"2024-11-20 23:54:07",154,1264,NULL
122025847,0,1,0,0,0,0,0,0,0,"2024-11-20 23:54:07",155,744,11569
352370209,0,0,1,0,0,0,0,0,0,"2024-11-20 23:54:07",156,681,13372
36603671,0,1,0,0,0,0,0,0,0,"2024-11-20 23:54:07",157,79,11721
442720811,0,0,1,0,0,0,0,0,0,"2024-11-20 23:54:07",158,1717,NULL
440212158,0,0,1,0,0,0,0,0,0,"2024-11-20 23:54:07",159,1461,NULL
442724823,0,0,1,0,0,0,0,0,0,"2024-11-20 23:54:07",160,2202,NULL
442717903,0,0,1,0,0,0,0,0,0,"2024-11-20 23:54:07",161,642,NULL
348140246,0,0,1,0,0,0,0,0,0,"2024-11-20 23:54:07",162,1329,12333
36446685,0,0,0,0,1,0,0,0,0,"2024-11-20 23:54:07",163,3106,11740
442496436,0,0,1,0,0,0,0,0,0,"2024-11-20 23:54:07",164,474,NULL
20623386,0,0,1,0,0,0,0,0,0,"2024-11-20 23:54:07",165,720,12391
441623344,0,0,1,0,0,0,0,0,0,"2024-11-20 23:54:07",166,1371,NULL
2054359357,0,0,1,0,0,0,0,0,0,"2024-11-20 23:54:07",167,2180,11958
2059550729,0,0,1,0,0,0,0,0,0,"2024-11-20 23:54:07",168,1365,13373
442707867,0,0,1,0,0,0,0,0,0,"2024-11-20 23:54:07",169,1273,NULL
442718402,0,0,1,0,0,0,0,0,0,"2024-11-20 23:54:07",170,1442,NULL
43858769,0,0,1,0,0,0,0,0,0,"2024-11-20 23:54:07",171,271,NULL
442707980,0,0,1,0,0,0,0,0,0,"2024-11-20 23:54:07",172,363,NULL
343990325,0,0,1,0,0,0,0,0,0,"2024-11-20 23:54:07",173,1283,13377
442634529,0,0,1,0,0,0,0,0,0,"2024-11-20 23:54:07",174,1878,NULL
16768930,0,1,0,0,0,0,0,0,0,"2024-11-20 23:54:07",175,1067,12503
2054066881,0,0,1,0,0,0,0,0,0,"2024-11-20 23:54:07",176,2575,12261
382150125,0,0,1,0,0,0,0,1,0,"2024-11-20 23:54:07",177,2091,NULL
431180814,0,0,1,0,0,0,0,1,0,"2024-11-20 23:54:07",178,469,NULL
36533540,0,0,0,0,1,0,0,0,0,"2024-11-20 23:54:07",179,NULL,11737
2058047667,0,1,0,0,0,0,0,1,0,"2024-11-20 23:54:07",180,2663,11528
158678447,0,0,1,0,0,0,0,0,0,"2024-11-20 23:54:07",181,1544,NULL
439638900,0,0,1,0,0,0,0,0,0,"2024-11-20 23:54:07",182,1351,NULL
442595948,0,0,1,0,0,0,0,0,0,"2024-11-20 23:54:07",183,382,NULL
2053945483,0,0,1,0,0,0,0,0,0,"2024-11-20 23:54:07",184,1903,11774
10194460,0,1,0,0,0,0,0,0,0,"2024-11-20 23:54:07",185,4265,11627
442722045,0,0,1,0,0,0,0,0,0,"2024-11-20 23:54:07",186,917,NULL
72657468,0,0,0,0,0,0,0,1,1,"2024-11-20 23:54:07",187,2651,11576
442725756,0,0,1,0,0,0,0,0,0,"2024-11-20 23:54:07",188,1300,NULL
442496437,0,0,1,0,0,0,0,0,0,"2024-11-20 23:54:07",189,1331,NULL
442726100,0,0,1,0,0,0,0,0,0,"2024-11-20 23:54:07",190,2565,NULL
45094862,0,0,1,0,0,0,0,0,0,"2024-11-20 23:54:07",191,2531,12150
442707809,0,0,1,0,0,0,0,0,0,"2024-11-20 23:54:07",192,1221,NULL
442703764,0,0,1,0,0,0,0,0,0,"2024-11-20 23:54:07",193,1199,NULL
442718400,0,1,0,0,0,0,0,0,0,"2024-11-20 23:54:07",194,1580,NULL
442713008,0,0,1,0,0,0,0,0,0,"2024-11-20 23:54:07",195,NULL,NULL
343811167,0,0,1,0,0,0,0,0,0,"2024-11-20 23:54:07",196,1809,11822
442721801,0,1,0,0,0,0,0,1,0,"2024-11-20 23:54:07",197,2804,NULL
440665065,0,0,1,0,0,0,0,0,0,"2024-11-20 23:54:07",198,1706,NULL
442707981,0,0,1,0,0,0,0,0,0,"2024-11-20 23:54:07",199,2591,NULL
2053941395,0,0,1,0,0,0,0,0,0,"2024-11-20 23:54:07",200,666,12301
348454537,0,0,1,0,0,0,0,0,0,"2024-11-20 23:54:07",201,1355,12270
88575421,0,1,0,0,0,0,0,0,0,"2024-11-20 23:54:07",202,2318,11981
110090549,0,0,1,0,0,0,0,0,0,"2024-11-20 23:54:07",203,2511,11948
442725278,0,0,1,0,0,0,0,0,0,"2024-11-20 23:54:07",204,406,NULL
36533191,0,0,0,0,1,0,0,0,0,"2024-11-20 23:54:07",205,NULL,11714
102242208,0,1,0,0,0,0,0,0,0,"2024-11-20 23:54:07",206,1164,NULL
442726475,0,0,1,0,0,0,0,0,0,"2024-11-20 23:54:07",207,194,NULL
2062080438,0,0,1,0,0,0,0,0,0,"2024-11-20 23:54:07",208,1947,12364
6191023,0,1,0,0,0,0,0,0,0,"2024-11-29 05:32:39",209,NULL,989
2061571626,0,0,1,0,0,0,0,0,0,"2024-11-20 23:54:07",210,94,11497
14683828,0,1,0,0,0,0,0,0,0,"2024-11-29 05:32:39",211,NULL,1846
340047123,0,0,1,0,0,0,0,0,0,"2024-11-20 23:54:07",212,2133,11853
14343102,0,1,0,0,0,0,0,0,0,"2024-11-29 05:32:39",213,NULL,978
36516015,0,1,0,0,0,0,0,0,0,"2024-11-20 23:54:07",214,86,11707
65054070,0,1,0,0,0,0,0,1,0,"2024-11-29 05:32:39",215,NULL,945
442727170,0,0,1,0,0,0,0,0,0,"2024-11-20 23:54:07",216,NULL,NULL
2057101448,0,0,1,0,0,0,0,0,0,"2024-11-29 05:32:39",217,NULL,1126
338906644,0,0,1,0,0,0,0,0,0,"2024-11-20 23:54:07",218,2126,NULL
340709464,0,0,1,0,0,0,0,0,0,"2024-11-29 05:32:39",219,NULL,1132
442721167,0,0,1,0,0,0,0,0,0,"2024-11-20 23:54:07",220,NULL,NULL
2062398331,0,0,1,0,0,0,0,0,0,"2024-11-29 05:32:39",221,NULL,1332
339419383,0,0,1,0,0,0,0,0,0,"2024-11-20 23:54:07",222,649,12151
2058927785,0,0,1,0,0,0,0,0,0,"2024-11-29 05:32:39",223,NULL,1134
442023989,0,0,1,0,0,0,0,0,0,"2024-11-20 23:54:07",224,1125,NULL
442424411,0,0,1,0,0,0,0,0,0,"2024-11-29 05:32:39",225,1892,NULL
2055069656,0,0,1,0,0,0,0,0,0,"2024-11-20 23:54:07",226,1845,11826
439725674,0,0,1,0,0,0,0,0,0,"2024-11-29 05:32:39",227,NULL,NULL
339853621,0,0,1,0,0,0,0,0,0,"2024-11-20 23:54:07",228,695,12260
14456691,0,1,0,0,0,0,0,0,0,"2024-11-29 05:32:39",229,NULL,1211
27981231,0,0,1,0,0,0,0,0,0,"2024-11-20 23:54:07",230,503,12173
14803217,0,1,0,0,0,0,0,0,0,"2024-11-29 05:32:39",231,NULL,1098
109754449,0,0,1,0,0,0,0,0,0,"2024-11-20 23:54:07",232,5090,11803
2070431811,0,1,0,0,0,0,0,0,0,"2024-11-29 05:32:39",233,NULL,1096
442707859,0,0,1,0,0,0,0,0,0,"2024-11-20 23:54:07",234,1279,NULL
60165315,0,1,0,0,0,0,0,0,0,"2024-11-29 05:32:39",235,NULL,1061
442634530,0,0,1,0,0,0,0,0,0,"2024-11-20 23:54:07",236,207,NULL
171308647,0,1,0,0,0,0,0,0,0,"2024-11-29 05:32:39",237,NULL,1094
2052960351,0,0,1,0,0,0,0,0,0,"2024-11-20 23:54:07",238,NULL,11845
2064187884,0,0,1,0,0,0,0,0,0,"2024-11-29 05:32:39",239,NULL,1417
2053941041,0,0,1,0,0,0,0,0,0,"2024-11-20 23:54:07",240,277,12133
420653442,0,0,1,0,0,0,0,0,0,"2024-11-29 05:32:39",241,NULL,NULL
442721942,0,0,1,0,0,0,0,0,0,"2024-11-20 23:54:07",242,1866,NULL
6187354,0,1,0,0,0,0,0,0,0,"2024-11-29 05:32:39",243,NULL,918
442023977,0,0,1,0,0,0,0,0,0,"2024-11-20 23:54:07",244,1343,NULL
6174968,0,1,0,0,0,0,0,0,0,"2024-11-29 05:32:39",245,17076,955
45104149,0,0,1,0,0,0,0,0,0,"2024-11-20 23:54:07",246,2544,12156
124436272,0,1,0,0,0,0,0,0,0,"2024-11-29 05:32:39",247,NULL,1125
442596128,0,0,1,0,0,0,0,0,0,"2024-11-20 23:54:07",248,489,NULL
97985751,0,1,0,0,0,0,0,0,0,"2024-11-29 05:32:39",249,NULL,979
440270306,0,0,1,0,0,0,0,0,0,"2024-11-20 23:54:07",250,1471,NULL
37773420,0,1,0,0,0,0,0,0,0,"2024-11-29 05:32:39",251,NULL,1005
442723690,0,0,1,0,0,0,0,0,0,"2024-11-20 23:54:07",252,491,NULL
441743132,0,0,1,0,0,0,0,0,0,"2024-11-29 05:32:39",253,NULL,NULL
442721941,0,0,1,0,0,0,0,0,0,"2024-11-20 23:54:07",254,1895,NULL
2057460931,0,0,1,0,0,0,0,0,0,"2024-11-29 05:32:39",255,NULL,1352
333708364,0,1,0,0,0,0,0,0,0,"2024-11-20 23:54:07",256,2199,11636
347768007,0,0,1,0,0,0,0,0,0,"2024-11-29 05:32:39",257,NULL,1375
36552731,0,1,0,0,0,0,0,0,0,"2024-11-20 23:54:07",258,1626,11725
2071963346,0,1,0,0,0,0,0,0,0,"2024-11-29 05:32:39",259,9688,1154
2062948021,0,0,1,0,0,0,0,0,0,"2024-11-20 23:54:07",260,1444,12315
6148678,0,1,0,0,0,0,0,0,0,"2024-11-29 05:32:39",261,NULL,1009
366575698,0,0,1,0,0,0,0,0,0,"2024-11-20 23:54:07",262,383,NULL
55011896,0,1,0,0,0,0,0,0,0,"2024-11-29 05:32:39",263,NULL,1001
442718015,0,0,1,0,0,0,0,0,0,"2024-11-20 23:54:07",264,1107,NULL
34047053,0,1,0,0,0,0,0,0,0,"2024-11-29 05:32:39",265,NULL,NULL
442718045,0,0,1,0,0,0,0,0,0,"2024-11-20 23:54:07",266,1577,NULL
61918943,0,1,0,0,0,0,0,0,0,"2024-11-29 05:32:39",267,NULL,1033
10465208,0,0,0,0,0,1,0,0,0,"2024-11-20 23:54:07",268,NULL,11678
315199590,0,1,0,0,0,0,0,0,0,"2024-11-29 05:32:39",269,NULL,1084
13056533,0,1,0,0,0,0,0,0,0,"2024-11-20 23:54:07",270,1644,12307
346215169,0,0,1,0,0,0,0,0,0,"2024-11-29 05:32:39",271,NULL,1054
19968079,0,0,1,0,0,0,0,0,0,"2024-11-20 23:54:07",272,590,12441
352002659,0,0,1,0,0,0,0,0,0,"2024-11-29 05:32:39",273,NULL,1006
339968640,0,0,1,0,0,0,0,0,0,"2024-11-29 05:32:39",274,NULL,1437
439979339,0,0,1,0,0,0,0,0,0,"2024-11-29 05:32:39",275,NULL,NULL
443029407,0,0,1,0,0,0,0,0,0,"2024-11-29 05:32:39",276,NULL,NULL
440510993,0,0,1,0,0,0,0,1,0,"2024-11-29 05:32:39",277,NULL,NULL
237745646,0,1,0,0,0,0,0,0,0,"2024-11-29 05:32:39",278,NULL,1044
98007540,0,1,0,0,0,0,0,0,0,"2024-11-29 05:32:39",279,NULL,1052
35901456,0,1,0,0,0,0,0,0,0,"2024-11-29 05:32:39",280,NULL,1120
2053936998,0,0,1,0,0,0,0,0,0,"2024-11-29 05:32:39",281,NULL,1414
2054525193,0,0,1,0,0,0,0,0,0,"2024-11-20 23:54:07",282,583,12430
6194559,0,1,0,0,0,0,0,0,0,"2024-11-29 05:32:39",283,NULL,930
339423310,0,0,1,0,0,0,0,0,0,"2024-11-20 23:54:07",284,1146,12232
49838412,0,1,0,0,0,0,0,0,0,"2024-11-29 05:32:39",285,NULL,1041
431922248,0,0,1,0,0,0,0,1,0,"2024-11-20 23:54:07",286,1376,NULL
123544515,0,1,0,0,0,0,0,0,0,"2024-11-29 05:32:39",287,NULL,965
442723904,0,1,0,0,0,0,0,0,0,"2024-11-20 23:54:07",288,979,NULL
16836320,0,1,0,0,0,0,0,0,0,"2024-11-29 05:32:39",289,NULL,1383
10207951,0,0,0,0,0,1,0,0,0,"2024-11-20 23:54:07",290,NULL,11646
80159820,0,1,0,0,0,0,0,0,0,"2024-11-29 05:32:39",291,NULL,1212
442721587,0,0,1,0,0,0,0,0,0,"2024-11-20 23:54:07",292,2231,NULL
49838696,0,1,0,0,0,0,0,0,0,"2024-11-29 05:32:39",293,NULL,1047
2062398334,0,0,1,0,0,0,0,0,0,"2024-11-20 23:54:07",294,1255,12331
60041822,0,1,0,0,0,0,0,0,0,"2024-11-29 05:32:39",295,NULL,1087
431922408,0,0,1,0,0,0,0,1,0,"2024-11-20 23:54:07",296,1314,NULL
64648004,0,1,0,0,0,0,0,0,0,"2024-11-29 05:32:39",297,NULL,1390
13426122,0,1,0,0,0,0,0,0,0,"2024-11-20 23:54:07",298,1110,12309
35907287,0,1,0,0,0,0,0,0,0,"2024-11-29 05:32:39",299,9327,1117
2059152046,0,0,1,0,0,0,0,0,0,"2024-11-20 23:54:07",300,1643,11508
344091028,0,0,1,0,0,0,0,0,0,"2024-11-29 05:32:39",301,NULL,1388
442496409,0,0,1,0,0,0,0,0,0,"2024-11-20 23:54:07",302,1423,NULL
14729261,0,1,0,0,0,0,0,0,0,"2024-11-29 05:32:39",303,NULL,928
442703741,0,0,1,0,0,0,0,0,0,"2024-11-20 23:54:07",304,635,NULL
35826796,0,1,0,0,0,0,0,0,0,"2024-11-29 05:32:39",305,NULL,1191
442634532,0,0,1,0,0,0,0,0,0,"2024-11-20 23:54:07",306,1921,NULL
46062271,0,0,0,0,0,1,0,0,0,"2024-11-29 05:32:39",307,NULL,1174
337099739,0,0,1,0,0,0,0,1,0,"2024-11-20 23:54:07",308,1332,12241
441618565,0,0,1,0,0,0,0,0,0,"2024-11-29 05:32:39",309,NULL,NULL
400836139,0,0,1,0,0,0,0,0,0,"2024-11-29 05:32:39",310,NULL,NULL
337100686,0,0,1,0,0,0,0,0,0,"2024-11-29 05:32:39",311,NULL,1293
2064123054,0,0,1,0,0,0,0,0,0,"2024-11-29 05:32:39",312,NULL,1355
443023650,0,0,1,0,0,0,0,0,0,"2024-11-29 05:32:39",313,NULL,NULL
89697396,0,1,0,0,0,0,0,0,0,"2024-11-29 05:32:39",314,NULL,908
442740546,0,0,1,0,0,0,0,1,0,"2024-11-20 23:54:07",315,1648,NULL
14599358,0,1,0,0,0,0,0,0,0,"2024-11-29 05:32:39",316,NULL,1099
440263350,0,0,1,0,0,0,0,0,0,"2024-11-20 23:54:07",317,2351,NULL
2084295410,0,0,1,0,0,0,0,0,0,"2024-11-29 05:32:39",318,NULL,1124
442634531,0,0,1,0,0,0,0,0,0,"2024-11-20 23:54:07",319,1900,NULL
2053089160,0,0,1,0,0,0,0,0,0,"2024-11-29 05:32:39",320,NULL,1396
335654716,0,0,1,0,0,0,0,0,0,"2024-11-20 23:54:07",321,711,12511
442277664,0,0,1,0,0,0,0,0,0,"2024-11-29 05:32:39",322,NULL,NULL
2054462670,0,0,1,0,0,0,0,0,0,"2024-11-20 23:54:07",323,693,13374
344791534,0,0,1,0,0,0,0,0,0,"2024-11-29 05:32:39",324,NULL,1409
36505609,0,0,0,0,0,1,0,0,0,"2024-11-20 23:54:07",325,NULL,NULL
2054946626,0,0,1,0,0,0,0,0,0,"2024-11-29 05:32:39",326,NULL,1314
442707738,0,0,1,0,0,0,0,0,0,"2024-11-20 23:54:07",327,2161,NULL
441773687,0,0,1,0,0,0,0,0,0,"2024-11-29 05:32:39",328,NULL,NULL
439208194,0,0,1,0,0,0,0,1,0,"2024-11-20 23:54:07",329,1299,NULL
14663481,0,1,0,0,0,0,0,0,0,"2024-11-29 05:32:39",330,NULL,997
10439806,0,0,0,0,0,1,0,0,0,"2024-11-20 23:54:07",331,NULL,11674
14354360,0,1,0,0,0,0,0,0,0,"2024-11-29 05:32:39",332,NULL,1043
10550388,0,0,0,0,0,1,0,0,0,"2024-11-20 23:54:07",333,NULL,11653
442717799,0,0,1,0,0,0,0,0,0,"2024-11-20 23:54:07",334,2114,NULL
17189702,0,1,0,0,0,0,0,0,0,"2024-11-29 05:32:39",335,NULL,1397
63812199,0,1,0,0,0,0,0,0,0,"2024-11-29 05:32:39",336,NULL,NULL
51111708,0,1,0,0,0,0,0,0,0,"2024-11-29 05:32:39",337,NULL,1093
82617805,0,1,0,0,0,0,0,0,0,"2024-11-29 05:32:39",338,NULL,1090
82629652,0,1,0,0,0,0,0,0,0,"2024-11-29 05:32:39",339,9679,1149
49883842,0,1,0,0,0,0,0,0,0,"2024-11-29 05:32:39",340,NULL,950
442657713,0,1,0,0,0,0,0,0,0,"2024-11-29 05:32:39",341,NULL,NULL
59888482,0,1,0,0,0,0,0,0,0,"2024-11-29 05:32:39",342,NULL,1281
88458255,0,1,0,0,0,0,0,1,0,"2024-11-29 05:32:39",343,NULL,1155
35841055,0,0,1,0,0,0,0,0,0,"2024-11-29 05:32:39",344,NULL,1171
2053940733,0,0,1,0,0,0,0,0,0,"2024-11-29 05:32:39",345,NULL,1412
350480351,0,0,1,0,0,0,0,0,0,"2024-11-29 05:32:39",346,NULL,1058
442999990,0,0,1,0,0,0,0,0,0,"2024-11-29 05:32:39",347,NULL,NULL
347876784,0,0,1,0,0,0,0,0,0,"2024-11-29 05:32:39",348,NULL,981
41177458,0,1,0,0,0,0,0,0,0,"2024-11-29 05:32:39",349,NULL,1295
14555208,0,1,0,0,0,0,0,0,0,"2024-11-29 05:32:39",350,NULL,1021
14620743,0,1,0,0,0,0,0,0,0,"2024-11-29 05:32:39",351,NULL,1048
83350646,0,1,0,0,0,0,0,0,0,"2024-11-29 05:32:39",352,NULL,1219
2088167792,0,1,0,0,0,0,0,0,0,"2024-11-29 05:32:39",353,NULL,1135
13294852,0,1,0,0,0,0,0,1,0,"2024-11-29 05:32:39",354,NULL,NULL
2053901296,0,0,1,0,0,0,0,0,0,"2024-11-29 05:32:39",355,NULL,1358
2123626678,0,1,0,0,0,0,0,0,0,"2024-11-29 05:32:39",356,NULL,941
80160300,0,1,0,0,0,0,0,0,0,"2024-11-29 05:32:39",357,NULL,954
32195920,0,1,0,0,0,0,0,0,0,"2024-11-29 05:32:39",358,NULL,834
54500155,0,1,0,0,0,0,0,1,0,"2024-11-29 05:32:39",359,NULL,NULL
2084295409,0,0,1,0,0,0,0,0,0,"2024-11-29 05:32:39",360,NULL,1128
41078305,0,1,0,0,0,0,0,0,0,"2024-11-29 05:32:39",361,NULL,1264
353491431,0,0,1,0,0,0,0,0,0,"2024-11-29 05:32:39",362,NULL,NULL
344791639,0,0,1,0,0,0,0,0,0,"2024-11-29 05:32:39",363,NULL,1416
14604713,0,1,0,0,0,0,0,0,0,"2024-11-29 05:32:39",364,NULL,1102
440156081,0,0,1,0,0,0,0,0,0,"2024-11-29 05:32:39",365,1095,NULL
33419504,0,0,0,0,0,1,0,0,0,"2024-11-29 05:32:39",366,NULL,NULL
125797170,0,1,0,0,0,0,0,0,0,"2024-11-29 05:32:39",367,NULL,1077
2061436303,0,0,1,0,0,0,0,0,0,"2024-11-29 05:32:39",368,NULL,1399
14631597,0,1,0,0,0,0,0,0,0,"2024-11-29 05:32:39",369,NULL,1065
14544977,0,1,0,0,0,0,0,0,0,"2024-11-29 05:32:39",370,NULL,1008
2056045470,0,1,0,0,0,0,0,0,0,"2024-11-29 05:32:39",371,NULL,1116
14676302,0,1,0,0,0,0,0,0,0,"2024-11-29 05:32:39",372,NULL,1004
60837307,0,1,0,0,0,0,0,0,0,"2024-11-29 05:32:39",373,NULL,966
88907957,0,1,0,0,0,0,0,0,0,"2024-11-29 05:32:39",374,NULL,NULL
15001411,0,1,0,0,0,0,0,0,0,"2024-11-29 05:32:39",375,NULL,1062
2059106038,0,1,0,0,0,0,0,0,0,"2024-11-29 05:32:39",376,NULL,NULL
2080887760,0,0,1,0,0,0,0,0,0,"2024-11-29 05:32:39",377,NULL,1356
443023655,0,0,1,0,0,0,0,0,0,"2024-11-29 05:32:39",378,NULL,NULL
416173472,0,0,1,0,0,0,0,0,0,"2024-11-29 05:32:39",379,NULL,NULL
442995371,0,0,1,0,0,0,0,0,0,"2024-11-29 05:32:39",380,NULL,NULL
439249904,0,0,1,0,0,0,0,0,0,"2024-11-29 05:32:39",381,NULL,NULL
442656991,0,1,0,0,0,0,0,0,0,"2024-11-29 05:32:39",382,NULL,NULL
49930505,0,1,0,0,0,0,0,0,0,"2024-11-29 05:32:39",383,NULL,1081
15001872,0,1,0,0,0,0,0,0,0,"2024-11-29 05:32:39",384,NULL,1059
363829968,0,0,1,0,0,0,0,0,0,"2024-11-29 05:32:39",385,NULL,1092
2053393883,0,0,1,0,0,0,0,1,0,"2024-11-29 05:32:39",386,NULL,1296
2058201379,0,0,1,0,0,0,0,0,0,"2024-11-29 05:32:39",387,NULL,1443
14594820,0,1,0,0,0,0,0,0,0,"2024-11-29 05:32:39",388,NULL,1104
6282392,0,1,0,0,0,0,0,0,0,"2024-11-29 05:32:39",389,NULL,952
6244815,0,1,0,0,0,0,0,0,0,"2024-11-29 05:32:39",390,NULL,944
13372257,0,1,0,0,0,0,0,0,0,"2024-11-29 05:32:39",391,NULL,1424
345996916,0,1,0,0,0,0,0,0,0,"2024-11-29 05:32:39",392,NULL,1207
440422371,0,0,1,0,0,0,0,1,0,"2024-11-29 05:32:39",393,NULL,NULL
306365845,0,1,0,0,0,0,0,0,0,"2024-11-29 05:32:39",394,NULL,984
71068993,0,0,0,0,1,1,0,0,0,"2024-11-29 05:32:39",395,NULL,NULL
123499071,0,1,0,0,0,0,0,1,0,"2024-11-29 05:32:39",396,NULL,1285
88397869,0,1,0,0,0,0,0,0,0,"2024-11-29 05:32:39",397,NULL,1165
54497799,0,1,0,0,0,0,0,0,0,"2024-11-29 05:32:39",398,NULL,927
2067237583,0,0,1,0,0,0,0,0,0,"2024-11-29 05:32:39",399,NULL,1401
35921836,0,1,0,0,0,0,0,0,0,"2024-11-29 05:32:39",400,NULL,1121
6155266,0,1,0,0,0,0,0,0,0,"2024-11-29 05:32:39",401,2367,1049
34124593,0,1,0,0,0,0,0,0,0,"2024-11-29 05:32:39",402,NULL,NULL
237747382,0,1,0,0,0,0,0,0,0,"2024-11-29 05:32:39",403,NULL,1046
14584250,0,1,0,0,0,0,0,0,0,"2024-11-29 05:32:39",404,NULL,1153
36504605,0,1,0,0,0,0,0,0,0,"2024-11-29 05:32:39",405,NULL,957
14319742,0,1,0,0,0,0,0,0,0,"2024-11-29 05:32:39",406,NULL,988
35916521,0,1,0,0,0,0,0,0,0,"2024-11-29 05:32:39",407,NULL,1224
376995851,0,0,1,0,0,0,0,0,0,"2024-11-29 05:32:39",408,NULL,1288
14543184,0,1,0,0,0,0,0,0,0,"2024-11-29 05:32:39",409,NULL,1140
65044931,0,1,0,0,0,0,0,0,0,"2024-11-29 05:32:39",410,NULL,915
2052951061,0,0,1,0,0,0,0,0,0,"2024-11-29 05:32:39",411,NULL,999
35931115,0,1,0,0,0,0,0,0,0,"2024-11-29 05:32:39",412,NULL,1146
51103690,0,1,0,0,0,0,0,0,0,"2024-11-29 05:32:39",413,NULL,1086
443029107,0,0,1,0,0,0,0,0,0,"2024-11-29 05:32:39",414,NULL,NULL
33853515,0,1,0,0,0,0,0,0,0,"2024-11-29 05:32:39",415,NULL,NULL
2054274040,0,0,1,0,0,0,0,0,0,"2024-11-29 05:32:39",416,NULL,1201
2056324135,0,0,1,0,0,0,0,0,0,"2024-11-29 05:32:39",417,NULL,1407
2053154078,0,0,1,0,0,0,0,0,0,"2024-11-29 05:32:39",418,NULL,1248
349050686,0,0,1,0,0,0,0,0,0,"2024-11-29 05:32:39",419,NULL,939
442098168,0,0,1,0,0,0,0,0,0,"2024-11-29 05:32:39",420,NULL,NULL
440530361,0,0,1,0,0,0,0,0,0,"2024-11-29 05:32:39",421,NULL,NULL
443023666,0,0,1,0,0,0,0,0,0,"2024-11-29 05:32:39",422,NULL,NULL
344791614,0,0,1,0,0,0,0,0,0,"2024-11-29 05:32:39",423,NULL,1405
2071124362,0,0,1,0,0,0,0,0,0,"2024-11-29 05:32:39",424,NULL,1333
14512207,0,1,0,0,0,0,0,0,0,"2024-11-29 05:32:39",425,NULL,1028
299903454,0,1,0,0,0,0,0,0,0,"2024-11-29 05:32:39",426,NULL,907
370609931,0,0,1,0,0,0,0,0,0,"2024-11-29 05:32:39",427,NULL,1371
55042703,0,1,0,0,0,0,0,0,0,"2024-11-29 05:32:39",428,NULL,1208
2054675530,0,0,1,0,0,0,0,0,0,"2024-11-29 05:32:39",429,NULL,1055
248420661,0,1,0,0,0,0,0,1,0,"2024-11-29 05:32:39",430,NULL,1297
65034680,0,1,0,0,0,0,0,0,0,"2024-11-29 05:32:39",431,NULL,1034
441877486,0,0,1,0,0,0,0,0,0,"2024-11-29 05:32:39",432,NULL,NULL
6204611,0,1,0,0,0,0,0,0,0,"2024-11-29 05:32:39",433,1861,980
440461043,0,0,1,0,0,0,0,0,0,"2024-11-29 05:32:39",434,NULL,NULL
244883875,0,0,0,0,0,1,0,0,0,"2024-11-29 05:32:39",435,NULL,NULL
82621766,0,1,0,0,0,0,0,0,0,"2024-11-29 05:32:39",436,NULL,971
14699849,0,1,0,0,0,0,0,0,0,"2024-11-29 05:32:39",437,NULL,1010
80456317,0,1,0,0,0,0,0,0,0,"2024-11-29 05:32:39",438,NULL,1108
6226695,0,1,0,0,0,0,0,0,0,"2024-11-29 05:32:39",439,NULL,914
442989763,0,1,0,0,0,0,0,0,0,"2024-11-29 05:32:39",440,NULL,NULL
65024102,0,1,0,0,0,0,0,0,0,"2024-11-29 05:32:39",441,NULL,1013
14329631,0,1,0,0,0,0,0,0,0,"2024-11-29 05:32:39",442,NULL,1076
35877973,0,1,0,0,0,0,0,0,0,"2024-11-29 05:32:39",443,17832,1180
440609692,0,0,1,0,0,0,0,0,0,"2024-11-29 05:32:39",444,NULL,NULL
6171374,0,1,0,0,0,0,0,0,0,"2024-11-29 05:32:39",445,NULL,951
442995037,0,0,1,0,0,0,0,1,0,"2024-11-29 05:32:39",446,NULL,NULL
60953532,0,1,0,0,0,0,0,0,0,"2024-11-29 05:32:39",447,NULL,1088
442550862,0,1,0,0,0,0,0,0,0,"2024-11-29 05:32:39",448,NULL,NULL
442984150,0,1,0,0,0,0,0,0,0,"2024-11-29 05:32:39",449,NULL,NULL
6168353,0,1,0,0,0,0,0,0,0,"2024-11-29 05:32:39",450,1858,992
334260653,0,1,0,0,0,0,0,1,0,"2024-11-29 05:32:39",451,NULL,NULL
2096837184,0,1,0,0,0,0,0,0,0,"2024-11-29 05:32:39",452,NULL,1289
443017696,0,0,1,0,0,0,0,0,0,"2024-11-29 05:32:39",453,NULL,NULL
14761524,0,1,0,0,0,0,0,0,0,"2024-11-29 05:32:39",454,NULL,940
402712232,0,0,1,0,0,0,0,0,0,"2024-11-29 05:32:39",455,NULL,NULL
243067702,0,0,1,0,0,0,0,0,0,"2024-11-29 05:32:39",456,NULL,1474
249632433,0,1,0,0,0,0,0,0,0,"2024-11-29 05:32:39",457,NULL,993
60953167,0,1,0,0,0,0,0,0,0,"2024-11-29 05:32:39",458,NULL,1069
35936049,0,1,0,0,0,0,0,0,0,"2024-11-29 05:32:39",459,NULL,1119
6253737,0,1,0,0,0,0,0,0,0,"2024-11-29 05:32:39",460,NULL,1056
6245237,0,1,0,0,0,0,0,0,0,"2024-11-29 05:32:39",461,2344,909
14746200,0,1,0,0,0,0,0,0,0,"2024-11-29 05:32:39",462,NULL,1024
443020211,0,0,1,0,0,0,0,0,0,"2024-11-29 05:32:39",463,NULL,NULL
55042206,0,1,0,0,0,0,0,0,0,"2024-11-29 05:32:39",464,NULL,1070
82616180,0,1,0,0,0,0,0,0,0,"2024-11-29 05:32:39",465,NULL,1109
441554462,0,0,1,0,0,0,0,1,0,"2024-11-29 05:32:39",466,NULL,NULL
443023587,0,0,1,0,0,0,0,0,0,"2024-11-29 05:32:39",467,NULL,NULL
2063393047,0,1,0,0,0,0,0,0,0,"2024-11-29 05:32:39",468,263,947
239884308,0,1,0,0,0,0,0,0,0,"2024-11-29 05:32:39",469,269,949
345640249,0,0,1,0,0,0,0,0,0,"2024-11-29 05:32:39",470,NULL,1432
82702314,0,1,0,0,0,0,0,0,0,"2024-11-29 05:32:39",471,NULL,1277
14462451,0,1,0,0,0,0,0,0,0,"2024-11-29 05:32:39",472,NULL,1023
2067757120,0,0,1,0,0,0,0,0,0,"2024-11-29 05:32:39",473,NULL,1368
6149288,0,1,0,0,0,0,0,1,0,"2024-11-29 05:32:39",474,NULL,1003
2060957169,0,0,1,0,0,0,0,0,0,"2024-11-29 05:32:39",475,NULL,1259
440665091,0,0,1,0,0,0,0,0,0,"2024-11-29 05:32:39",476,NULL,NULL
352458429,0,0,1,0,0,0,0,1,0,"2024-11-29 05:32:39",477,NULL,1300
2062194019,0,0,1,0,0,0,0,0,0,"2024-11-29 05:32:39",478,NULL,1304
33404659,0,0,0,0,0,1,0,0,0,"2024-11-29 05:32:39",479,NULL,NULL
366575637,0,0,1,0,0,0,0,0,0,"2024-11-29 05:32:39",480,NULL,NULL
14650489,0,1,0,0,0,0,0,0,0,"2024-11-29 05:32:39",481,NULL,996
131664008,0,1,0,0,0,0,0,0,0,"2024-11-29 05:32:39",482,NULL,1441
299909942,0,1,0,0,0,0,0,0,0,"2024-11-29 05:32:39",483,281,956
68638020,0,1,0,0,0,0,0,0,0,"2024-11-29 05:32:39",484,NULL,975
2069047383,0,1,0,0,0,0,0,0,0,"2024-11-29 05:32:39",485,NULL,1164
36580984,0,1,0,0,0,0,0,0,0,"2024-11-29 05:32:39",486,NULL,937
167056609,0,1,0,0,0,0,0,0,0,"2024-11-29 05:32:39",487,NULL,942
80458014,0,1,0,0,0,0,0,0,0,"2024-11-29 05:32:39",488,NULL,1089
171525099,0,1,0,0,0,0,0,0,0,"2024-11-29 05:32:39",489,9349,1172
14380838,0,1,0,0,0,0,0,0,0,"2024-11-29 05:32:39",490,NULL,1064
14671722,0,1,0,0,0,0,0,0,0,"2024-11-29 05:32:39",491,NULL,1007
6226249,0,1,0,0,0,0,0,0,0,"2024-11-29 05:32:39",492,NULL,926
58602114,0,1,0,0,0,0,0,0,0,"2024-11-29 05:32:39",493,NULL,936
339423777,0,0,1,0,0,0,0,0,0,"2024-11-29 05:32:39",494,NULL,1298
2075455156,0,1,0,0,0,0,0,1,0,"2024-11-29 05:32:39",495,NULL,1078
352290612,0,0,1,0,0,0,0,0,0,"2024-11-29 05:32:39",496,NULL,1413
350934890,0,0,1,0,0,0,0,0,0,"2024-11-29 05:32:39",497,NULL,1342
2053899734,0,0,1,0,0,0,0,0,0,"2024-11-29 05:32:39",498,NULL,1446
35919751,0,1,0,0,0,0,0,0,0,"2024-11-29 05:32:39",499,9306,1123
69332860,0,1,0,0,0,0,0,0,0,"2024-11-29 05:32:39",500,NULL,1072
97616666,0,0,1,0,0,0,0,1,0,"2024-11-29 05:32:39",501,NULL,1238
14741941,0,1,0,0,0,0,0,0,0,"2024-11-29 05:32:39",502,NULL,1042
80164975,0,1,0,0,0,0,0,0,0,"2024-11-29 05:32:39",503,NULL,1066
35949213,0,1,0,0,0,0,0,0,0,"2024-11-29 05:32:39",504,NULL,1195
35834218,0,1,0,0,0,0,0,0,0,"2024-11-29 05:32:39",505,NULL,1192
35908575,0,1,0,0,0,0,0,0,0,"2024-11-29 05:32:39",506,NULL,1106
49824569,0,1,0,0,0,0,0,0,0,"2024-11-29 05:32:39",507,NULL,1051
36354746,0,1,0,0,0,0,0,0,0,"2024-11-29 05:32:39",508,NULL,953
303877149,0,1,0,0,0,0,0,0,0,"2024-11-29 05:32:39",509,NULL,NULL
35856742,0,1,0,0,0,0,0,0,0,"2024-11-29 05:32:39",510,NULL,1112
14442269,0,1,0,0,0,0,0,0,0,"2024-11-29 05:32:39",511,NULL,1030
352664099,0,0,1,0,0,0,0,0,0,"2024-11-29 05:32:39",512,NULL,1349
6243315,0,1,0,0,0,0,0,0,0,"2024-11-29 05:32:39",513,NULL,959
68637808,0,1,0,0,0,0,0,0,0,"2024-11-29 05:32:39",514,NULL,1063
441761366,0,0,1,0,0,0,0,0,0,"2024-11-29 05:32:39",515,NULL,NULL
443028025,0,0,1,0,0,0,0,0,0,"2024-11-29 05:32:39",516,NULL,NULL
3683572,0,0,0,0,0,1,0,0,0,"2024-11-29 05:32:39",517,NULL,1189
349560275,0,0,1,0,0,0,0,0,0,"2024-11-29 05:32:39",518,NULL,1252
36428377,0,1,0,0,0,0,0,1,0,"2024-11-29 05:32:39",519,NULL,1019
2059153594,0,0,1,0,0,0,0,1,0,"2024-11-29 05:32:39",520,NULL,1305
2058483848,0,0,1,0,0,0,0,0,0,"2024-11-29 05:32:39",521,NULL,1074
13360370,0,1,0,0,0,0,0,0,0,"2024-11-29 05:32:39",522,NULL,1428
350131188,0,0,1,0,0,0,0,0,0,"2024-11-29 05:32:39",523,NULL,855
35811555,0,1,0,0,0,0,0,0,0,"2024-11-29 05:32:39",524,NULL,985
14420683,0,1,0,0,0,0,0,0,0,"2024-11-29 05:32:39",525,NULL,1204
6192619,0,1,0,0,0,0,0,0,0,"2024-11-29 05:32:39",526,253,938
65034797,0,1,0,0,0,0,0,0,0,"2024-11-29 05:32:39",527,NULL,1085
14298232,0,1,0,0,0,0,0,0,0,"2024-11-29 05:32:39",528,NULL,1016
307901306,0,1,0,0,0,0,0,0,0,"2024-11-29 05:32:39",529,9670,1163
402293990,0,0,1,0,0,0,0,0,0,"2024-11-26 06:02:40",530,NULL,NULL
6189167,0,1,0,0,0,0,0,1,0,"2024-11-29 05:32:39",531,16123,934
6187016,0,1,0,0,0,0,0,0,0,"2024-11-29 05:32:39",532,NULL,922
343016320,0,0,1,0,0,0,0,1,0,"2024-11-26 06:02:40",533,NULL,2190
440460738,0,0,1,0,0,0,0,0,0,"2024-11-29 05:32:39",534,NULL,NULL
6291232,0,1,0,0,0,0,0,0,0,"2024-11-29 05:32:39",535,2346,1071
351369003,0,0,1,0,0,0,0,0,0,"2024-11-26 06:02:40",536,NULL,2429
424065418,0,0,1,0,0,0,0,0,0,"2024-11-29 05:32:39",537,NULL,NULL
442838981,0,0,1,0,0,0,0,0,0,"2024-11-26 06:02:40",538,NULL,NULL
402097593,0,0,1,0,0,0,0,0,0,"2024-11-29 05:32:39",539,NULL,NULL
14330413,0,0,1,0,0,0,0,0,0,"2024-11-26 06:02:40",540,NULL,1781
442676133,0,1,0,0,0,0,0,0,0,"2024-11-29 05:32:39",541,9028,NULL
125908641,0,1,0,0,0,0,0,0,0,"2024-11-26 06:02:40",542,NULL,1738
118313399,0,1,0,0,0,0,0,0,0,"2024-11-29 05:32:39",543,NULL,1091
2053136426,0,0,1,0,0,0,0,0,0,"2024-11-29 05:32:39",544,NULL,1360
34107454,0,1,0,0,0,0,0,0,0,"2024-11-26 06:02:40",545,NULL,NULL
60952915,0,1,0,0,0,0,0,0,0,"2024-11-29 05:32:39",546,NULL,1060
6292955,0,1,0,0,0,0,0,0,0,"2024-11-29 05:32:39",547,NULL,973
14224737,0,0,1,0,0,0,0,0,0,"2024-11-26 06:02:40",548,NULL,1842
80444000,0,1,0,0,0,0,0,0,0,"2024-11-29 05:32:39",549,NULL,912
14495114,0,1,0,0,0,0,0,0,0,"2024-11-29 05:32:39",550,NULL,1038
442866465,0,0,1,0,0,0,0,0,0,"2024-11-26 06:02:40",551,NULL,NULL
41058006,0,1,0,0,0,0,0,1,0,"2024-11-29 05:32:39",552,NULL,1263
51531887,0,1,0,0,0,0,0,0,0,"2024-11-29 05:32:39",553,NULL,1101
442843215,0,0,1,0,0,0,0,0,0,"2024-11-26 06:02:40",554,NULL,NULL
339967822,0,0,1,0,0,0,0,0,0,"2024-11-29 05:32:39",555,NULL,1392
80147048,0,1,0,0,0,0,0,0,0,"2024-11-29 05:32:39",556,NULL,916
402451810,0,0,1,0,0,0,0,0,0,"2024-11-26 06:02:40",557,NULL,NULL
439979335,0,0,1,0,0,0,0,0,0,"2024-11-29 05:32:39",558,NULL,NULL
442866910,0,0,1,0,0,0,0,0,0,"2024-11-26 06:02:40",559,NULL,NULL
65473104,0,1,0,0,0,0,0,0,0,"2024-11-29 05:32:39",560,NULL,987
442868693,0,0,1,0,0,0,0,0,0,"2024-11-26 06:02:40",561,NULL,NULL
442658449,0,1,0,0,0,0,0,0,0,"2024-11-29 05:32:39",562,NULL,NULL
442864917,0,0,1,0,0,0,0,0,0,"2024-11-26 06:02:40",563,NULL,NULL
14735723,0,1,0,0,0,0,0,0,0,"2024-11-29 05:32:39",564,NULL,1032
16860273,0,1,0,0,0,0,0,0,0,"2024-11-29 05:32:39",565,NULL,NULL
442844892,0,0,1,0,0,0,0,0,0,"2024-11-26 06:02:40",566,NULL,NULL
251269867,0,0,0,0,0,1,0,0,0,"2024-11-29 05:32:39",567,NULL,1271
6146579,0,1,0,0,0,0,0,0,0,"2024-11-29 05:32:39",568,255,1082
339859089,0,0,1,0,0,0,0,0,0,"2024-11-26 06:02:40",569,NULL,2254
14507724,0,1,0,0,0,0,0,0,0,"2024-11-29 05:32:39",570,17682,1142
2094447714,0,1,0,0,0,0,0,0,0,"2024-11-29 05:32:39",571,NULL,1161
2057642539,0,0,1,0,0,0,0,0,0,"2024-11-26 06:02:40",572,NULL,2224
165277972,0,1,0,0,0,0,0,0,0,"2024-11-29 05:32:39",573,NULL,NULL
2054131100,0,0,1,0,0,0,0,0,0,"2024-11-26 06:02:40",574,NULL,1960
35908042,0,1,0,0,0,0,0,0,0,"2024-11-29 05:32:39",575,NULL,1127
65467669,0,1,0,0,0,0,0,0,0,"2024-11-29 05:32:39",576,NULL,1133
442866139,0,0,1,0,0,0,0,0,0,"2024-11-26 06:02:40",577,NULL,NULL
2053071128,0,0,1,0,0,0,0,0,0,"2024-11-29 05:32:39",578,NULL,1317
10373602,0,1,0,0,0,0,0,1,0,"2024-11-29 05:32:39",579,NULL,889
344791540,0,0,1,0,0,0,0,0,0,"2024-11-26 06:02:40",580,NULL,2159
443024555,0,0,1,0,0,0,0,0,0,"2024-11-29 05:32:39",581,NULL,NULL
13276210,0,1,0,0,0,0,0,0,0,"2024-11-26 06:02:40",582,NULL,2316
199485036,0,1,0,0,0,0,0,0,0,"2024-11-29 05:32:39",583,NULL,1107
442864326,0,0,1,0,0,0,0,0,0,"2024-11-26 06:02:40",584,NULL,NULL
6302515,0,1,0,0,0,0,0,0,0,"2024-11-29 05:32:39",585,NULL,923
339994678,0,0,1,0,0,0,0,0,0,"2024-11-26 06:02:40",586,NULL,1884
55037143,0,1,0,0,0,0,0,0,0,"2024-11-29 05:32:39",587,NULL,958
339422641,0,0,1,0,0,0,0,0,0,"2024-11-26 06:02:40",588,NULL,2088
2054108663,0,0,1,0,0,0,0,0,0,"2024-11-29 05:32:39",589,NULL,1344
349749799,0,0,1,0,0,0,0,0,0,"2024-11-26 06:02:40",590,NULL,2223
343052449,0,0,1,0,0,0,0,0,0,"2024-11-29 05:32:39",591,NULL,1411
36516344,0,1,0,0,0,0,0,0,0,"2024-11-26 06:02:40",592,NULL,1661
2059550732,0,0,1,0,0,0,0,0,0,"2024-11-29 05:32:39",593,NULL,1347
4002829,0,0,0,0,0,1,0,0,0,"2024-11-26 06:02:40",594,NULL,2074
2093446090,0,0,1,0,0,0,0,0,0,"2024-11-29 05:32:39",595,NULL,1011
16939777,0,1,0,0,0,0,0,0,0,"2024-11-26 06:02:40",596,NULL,2349
336917586,0,1,0,0,0,0,0,0,0,"2024-11-29 05:32:39",597,NULL,1015
2053903451,0,0,1,0,0,0,0,0,0,"2024-11-26 06:02:40",598,NULL,2179
14549901,0,1,0,0,0,0,0,0,0,"2024-11-29 05:32:39",599,NULL,1183
442867834,0,0,1,0,0,0,0,0,0,"2024-11-26 06:02:40",600,NULL,NULL
65036032,0,1,0,0,0,0,0,0,0,"2024-11-29 05:32:39",601,NULL,1045
2059033468,0,0,1,0,0,0,0,0,0,"2024-11-26 06:02:40",602,NULL,1866
338431617,0,1,0,0,0,0,0,0,0,"2024-11-29 05:32:39",603,16448,1027
10307506,0,0,0,0,0,1,0,0,0,"2024-11-26 06:02:40",604,NULL,1596
2054306639,0,0,1,0,0,0,0,0,0,"2024-11-29 05:32:39",605,NULL,1079
347932862,0,0,1,0,0,0,0,0,0,"2024-11-26 06:02:40",606,NULL,2272
345407849,0,0,1,0,0,0,0,0,0,"2024-11-26 06:02:40",607,NULL,2196
443017697,0,0,1,0,0,0,0,0,0,"2024-11-29 05:32:39",608,NULL,NULL
351920036,0,0,1,0,0,0,0,0,0,"2024-11-29 05:32:39",609,NULL,1330
2081634780,0,1,0,0,0,0,0,0,0,"2024-11-26 06:02:40",610,NULL,1611
347144564,0,0,1,0,0,0,0,0,0,"2024-11-29 05:32:39",611,NULL,1345
35912595,0,1,0,0,0,0,0,0,0,"2024-11-29 05:32:39",612,NULL,1129
102486965,0,0,1,0,0,0,0,0,0,"2024-11-26 06:02:40",613,NULL,2185
2065491335,0,0,1,0,0,0,0,0,0,"2024-11-29 05:32:39",614,NULL,1479
16956209,0,1,0,0,0,0,0,0,0,"2024-11-29 05:32:39",615,NULL,1386
439154573,0,0,1,0,0,0,0,0,0,"2024-11-26 06:02:40",616,NULL,NULL
440261383,0,0,1,0,0,0,0,0,0,"2024-11-29 05:32:39",617,NULL,NULL
2053931348,0,0,1,0,0,0,0,0,0,"2024-11-29 05:32:39",618,NULL,1377
2053934902,0,0,1,0,0,0,0,0,0,"2024-11-26 06:02:40",619,NULL,2257
2059518573,0,0,1,0,0,0,0,0,0,"2024-11-29 05:32:39",620,NULL,1384
2062948027,0,0,1,0,0,0,0,0,0,"2024-11-29 05:32:39",621,NULL,1323
32294719,0,1,0,0,0,0,0,0,0,"2024-11-26 06:02:40",622,NULL,1542
2063262438,0,0,1,0,0,0,0,0,0,"2024-11-29 05:32:39",623,NULL,1363
2066689659,0,0,1,0,0,0,0,0,0,"2024-11-26 06:02:40",624,NULL,1859
6207598,0,0,1,0,0,0,0,0,0,"2024-11-29 05:32:39",625,NULL,1031
331571262,0,1,0,0,0,0,0,0,0,"2024-11-29 05:32:39",626,NULL,1110
442861562,0,0,1,0,0,0,0,0,0,"2024-11-26 06:02:40",627,NULL,NULL
443023589,0,0,1,0,0,0,0,0,0,"2024-11-29 05:32:39",628,NULL,NULL
14508163,0,1,0,0,0,0,0,0,0,"2024-11-29 05:32:39",629,9333,1150
41139928,0,0,1,0,0,0,0,0,0,"2024-11-26 06:02:40",630,NULL,1981
2063501202,0,0,1,0,0,0,0,0,0,"2024-11-29 05:32:39",631,NULL,1348
2054716527,0,1,0,0,0,0,0,0,0,"2024-11-29 05:32:39",632,NULL,1434
441856322,0,0,1,0,0,0,0,0,0,"2024-11-26 06:02:40",633,NULL,NULL
442296399,0,0,1,0,0,0,0,0,0,"2024-11-29 05:32:39",634,NULL,NULL
442776987,0,1,0,0,0,0,0,0,0,"2024-11-29 05:32:39",635,NULL,NULL
26119297,0,0,0,0,0,1,0,0,0,"2024-11-26 06:02:40",636,NULL,2234
443022561,0,0,1,0,0,0,0,0,0,"2024-11-29 05:32:39",637,NULL,NULL
3933168,0,0,0,0,0,1,0,0,0,"2024-11-29 05:32:39",638,NULL,NULL
11324537,0,0,0,0,0,0,0,0,0,"2024-11-26 06:02:40",639,NULL,1558
6296870,0,1,0,0,0,0,0,0,0,"2024-11-29 05:32:39",640,NULL,1067
442433683,0,0,1,0,0,0,0,0,0,"2024-11-29 05:32:39",641,NULL,NULL
10198876,0,1,0,0,0,0,0,0,0,"2024-11-26 06:02:40",642,NULL,1652
2078044068,0,1,0,0,0,0,0,0,0,"2024-11-29 05:32:39",643,NULL,1131
2060005256,0,0,1,0,0,0,0,0,0,"2024-11-29 05:32:39",644,NULL,1311
2066827729,0,0,1,0,0,0,0,0,0,"2024-11-26 06:02:40",645,NULL,2219
6158590,0,1,0,0,0,0,0,0,0,"2024-11-29 05:32:39",646,NULL,1105
350942658,0,0,1,0,0,0,0,0,0,"2024-11-29 05:32:39",647,NULL,1215
439178417,0,0,1,0,0,0,0,0,0,"2024-11-26 06:02:40",648,NULL,NULL
6285713,0,1,0,0,0,0,0,0,0,"2024-11-29 05:32:39",649,1880,931
49884080,0,1,0,0,0,0,0,0,0,"2024-11-29 05:32:39",650,NULL,962
2093446085,0,0,1,0,0,0,0,0,0,"2024-11-26 06:02:40",651,NULL,1670
69331812,0,1,0,0,0,0,0,0,0,"2024-11-29 05:32:39",652,NULL,1068
2062653449,0,0,1,0,0,0,0,0,0,"2024-11-26 06:02:40",653,NULL,2267
88266833,0,1,0,0,0,0,0,0,0,"2024-11-29 05:32:39",654,NULL,1143
440187320,0,0,1,0,0,0,0,0,0,"2024-11-26 06:02:40",655,NULL,NULL
172438260,0,1,0,0,0,0,0,0,0,"2024-11-29 05:32:39",656,NULL,924
442777655,0,0,1,0,0,0,0,0,0,"2024-11-26 06:02:40",657,NULL,NULL
35892642,0,1,0,0,0,0,0,0,0,"2024-11-29 05:32:39",658,NULL,1198
402451831,0,0,1,0,0,0,0,0,0,"2024-11-26 06:02:40",659,NULL,NULL
14507595,0,1,0,0,0,0,0,0,0,"2024-11-29 05:32:39",660,NULL,1139
6161054,0,1,0,0,0,0,0,0,0,"2024-11-29 05:32:39",661,1936,1103
60321838,0,1,0,0,0,0,0,0,0,"2024-11-26 06:02:40",662,NULL,1605
2057101442,0,0,1,0,0,0,0,0,0,"2024-11-29 05:32:39",663,NULL,1118
80449188,0,1,0,0,0,0,0,0,0,"2024-11-29 05:32:39",664,NULL,NULL
352290326,0,0,1,0,0,0,0,0,0,"2024-11-26 06:02:40",665,NULL,2221
249117344,0,1,0,0,0,0,0,0,0,"2024-11-29 05:32:39",666,NULL,1168
2060252237,0,0,1,0,0,0,0,0,0,"2024-11-29 05:32:39",667,NULL,1445
2057642536,0,0,1,0,0,0,0,0,0,"2024-11-26 06:02:40",668,NULL,2229
35937374,0,1,0,0,0,0,0,0,0,"2024-11-29 05:32:39",669,NULL,1136
14570512,0,1,0,0,0,0,0,0,0,"2024-11-29 05:32:39",670,NULL,1167
10268535,0,1,0,0,0,0,0,1,0,"2024-11-26 06:02:40",671,NULL,1658
14267122,0,1,0,0,0,0,0,0,0,"2024-11-29 05:32:39",672,NULL,974
2063698737,0,1,0,0,0,0,0,0,0,"2024-11-29 05:32:39",673,NULL,1184
88276227,0,1,0,0,0,0,0,1,0,"2024-11-26 06:02:40",674,NULL,2058
341796584,0,0,1,0,0,0,0,0,0,"2024-11-29 05:32:39",675,NULL,1404
14276553,0,1,0,0,0,0,0,0,0,"2024-11-29 05:32:39",676,NULL,994
339859083,0,0,1,0,0,0,0,0,0,"2024-11-26 06:02:40",677,NULL,2256
2056200002,0,0,1,0,0,0,0,0,0,"2024-11-29 05:32:39",678,NULL,1395
6185279,0,1,0,0,0,0,0,0,0,"2024-11-29 05:32:39",679,2338,1037
125119087,0,0,1,0,0,0,0,0,0,"2024-11-26 06:02:40",680,NULL,NULL
2053934557,0,0,1,0,0,0,0,0,0,"2024-11-29 05:32:39",681,NULL,1320
16821827,0,1,0,0,0,0,0,0,0,"2024-11-29 05:32:39",682,NULL,1422
442277695,0,0,1,0,0,0,0,0,0,"2024-11-26 06:02:40",683,NULL,NULL
2079260421,0,0,1,0,0,0,0,0,0,"2024-11-29 05:32:39",684,NULL,1369
443022670,0,0,1,0,0,0,0,0,0,"2024-11-29 05:32:39",685,NULL,NULL
442866540,0,0,1,0,0,0,0,0,0,"2024-11-26 06:02:40",686,NULL,NULL
423637687,0,0,1,0,0,0,0,0,0,"2024-11-29 05:32:39",687,NULL,NULL
14330408,0,0,1,0,0,0,0,0,0,"2024-11-26 06:02:40",688,NULL,1777
350278726,0,0,1,0,0,0,0,0,0,"2024-11-29 05:32:39",689,NULL,858
352290469,0,0,1,0,0,0,0,0,0,"2024-11-26 06:02:40",690,NULL,2143
2059550731,0,0,1,0,0,0,0,0,0,"2024-11-29 05:32:39",691,NULL,1338
442532691,0,0,1,0,0,0,0,0,0,"2024-11-29 05:32:39",692,NULL,NULL
122287630,0,0,1,0,0,0,0,0,0,"2024-11-26 06:02:40",693,2195,NULL
442861503,0,0,1,0,0,0,0,0,0,"2024-11-26 06:02:40",694,NULL,NULL
440803509,0,0,1,0,0,0,0,0,0,"2024-11-29 05:32:39",695,NULL,NULL
36603361,0,0,0,0,1,0,0,0,0,"2024-11-26 06:02:40",696,NULL,1678
2053404892,0,0,1,0,0,0,0,0,0,"2024-11-26 06:02:40",697,NULL,2278
14239986,0,1,0,0,0,0,0,0,0,"2024-11-29 05:32:39",698,NULL,983
81825174,0,0,0,0,0,0,0,0,0,"2024-11-26 06:02:40",699,NULL,NULL
14639796,0,1,0,0,0,0,0,0,0,"2024-11-29 05:32:39",700,NULL,1073
2052883881,0,0,1,0,0,0,0,0,0,"2024-11-26 06:02:40",701,NULL,1977
2069804567,0,0,1,0,0,0,0,0,0,"2024-11-29 05:32:39",702,NULL,1290
2053901585,0,0,1,0,0,0,0,0,0,"2024-11-26 06:02:40",703,NULL,2222
14855992,0,1,0,0,0,0,0,0,0,"2024-11-29 05:32:39",704,NULL,1225
2060356168,0,0,1,0,0,0,0,0,0,"2024-11-26 06:02:40",705,NULL,2265
66658923,0,1,0,0,0,0,0,0,0,"2024-11-29 05:32:39",706,NULL,1426
349965923,0,0,1,0,0,0,0,0,0,"2024-11-26 06:02:40",707,NULL,2165
2074782411,0,1,0,0,0,0,0,0,0,"2024-11-29 05:32:39",708,1915,1000
442868827,0,0,1,0,0,0,0,0,0,"2024-11-26 06:02:40",709,NULL,NULL
442842899,0,0,1,0,0,0,0,0,0,"2024-11-26 06:02:40",710,NULL,NULL
440685822,0,0,1,0,0,0,0,0,0,"2024-11-26 06:02:40",711,NULL,NULL
2053901440,0,0,1,0,0,0,0,0,0,"2024-11-26 06:02:40",712,NULL,2318
296625368,0,1,0,0,0,0,0,0,0,"2024-11-26 06:02:40",713,NULL,NULL
27871797,0,0,0,0,0,1,0,0,0,"2024-11-26 06:02:40",714,NULL,2091
366575703,0,0,1,0,0,0,0,0,0,"2024-11-26 06:02:40",715,NULL,NULL
248420329,0,1,0,0,0,0,0,0,0,"2024-11-26 06:02:40",716,NULL,1953
374970127,0,0,1,0,0,0,0,0,0,"2024-11-26 06:02:40",717,NULL,NULL
41128106,0,1,0,0,0,0,0,0,0,"2024-11-26 06:02:40",718,NULL,2000
339859081,0,0,1,0,0,0,0,0,0,"2024-11-26 06:02:40",719,NULL,2258
2053904519,0,0,1,0,0,0,0,0,0,"2024-11-26 06:02:40",720,NULL,1755
2053624461,0,0,1,0,0,0,0,0,0,"2024-11-26 06:02:40",721,NULL,2205
2079552820,0,0,1,0,0,0,0,0,0,"2024-11-26 06:02:40",722,NULL,NULL
32306820,0,1,0,0,0,0,0,0,0,"2024-11-26 06:02:40",723,NULL,1538
6294587,0,1,0,0,0,0,0,0,0,"2024-11-29 05:32:39",724,NULL,1075
14592281,0,1,0,0,0,0,0,0,0,"2024-11-26 06:02:40",725,NULL,1813
442990071,0,0,1,0,0,0,0,0,0,"2024-11-29 05:32:39",726,NULL,NULL
442767148,0,0,1,0,0,0,0,0,0,"2024-11-26 06:02:40",727,17910,NULL
2053937931,0,0,1,0,0,0,0,0,0,"2024-11-26 06:02:40",728,NULL,2181
6143047,0,1,0,0,0,0,0,0,0,"2024-11-29 05:32:39",729,NULL,910
36516138,0,0,0,0,1,0,0,0,0,"2024-11-26 06:02:40",730,NULL,1663
442842197,0,0,1,0,0,0,0,0,0,"2024-11-26 06:02:40",731,NULL,NULL
64947075,0,1,0,0,0,0,0,0,0,"2024-11-29 05:32:39",732,1934,1053
442865767,0,0,1,0,0,0,0,0,0,"2024-11-26 06:02:40",733,NULL,NULL
442841646,0,0,1,0,0,0,0,0,0,"2024-11-26 06:02:40",734,NULL,NULL
14455472,0,1,0,0,0,0,0,0,0,"2024-11-29 05:32:39",735,17920,1218
439709954,0,0,1,0,0,0,0,0,0,"2024-11-26 06:02:40",736,NULL,NULL
443023664,0,0,1,0,0,0,0,0,0,"2024-11-29 05:32:39",737,NULL,NULL
442842522,0,0,1,0,0,0,0,0,0,"2024-11-26 06:02:40",738,NULL,NULL
347775051,0,0,1,0,0,0,0,0,0,"2024-11-29 05:32:39",739,NULL,1364
441847591,0,0,1,0,0,0,0,0,0,"2024-11-26 06:02:40",740,NULL,NULL
2056362425,0,0,1,0,0,0,0,0,0,"2024-11-29 05:32:39",741,NULL,NULL
2059152043,0,0,1,0,0,0,0,0,0,"2024-11-26 06:02:40",742,NULL,1469
30659404,0,0,0,0,0,1,0,0,0,"2024-11-29 05:32:39",743,NULL,NULL
36488547,0,1,0,0,0,0,0,0,0,"2024-11-26 06:02:40",744,NULL,1783
6191994,0,1,0,0,0,0,0,0,0,"2024-11-29 05:32:39",745,NULL,986
2075223752,0,0,1,0,0,0,0,0,0,"2024-11-26 06:02:40",746,NULL,1785
440909092,0,0,1,0,0,0,0,0,0,"2024-11-26 06:02:40",747,NULL,NULL
2062534136,0,1,0,0,0,0,0,0,0,"2024-11-29 05:32:39",748,NULL,919
2054131074,0,0,1,0,0,0,0,0,0,"2024-11-26 06:02:40",749,NULL,1963
402097595,0,0,1,0,0,0,0,0,0,"2024-11-26 06:02:40",750,NULL,NULL
443036342,0,0,1,0,0,0,0,0,0,"2024-11-29 05:32:39",751,NULL,NULL
36484630,0,0,0,0,1,0,0,0,0,"2024-11-26 06:02:40",752,NULL,1681
440460781,0,0,1,0,0,0,0,0,0,"2024-11-29 05:32:39",753,NULL,NULL
10172427,0,0,1,0,0,0,0,0,0,"2024-11-26 06:02:40",754,NULL,1625
14516286,0,1,0,0,0,0,0,0,0,"2024-11-29 05:32:39",755,NULL,1018
442866541,0,0,1,0,0,0,0,0,0,"2024-11-26 06:02:40",756,NULL,NULL
14754857,0,1,0,0,0,0,0,0,0,"2024-11-29 05:32:39",757,NULL,943
82938306,0,1,0,0,0,0,0,0,0,"2024-11-26 06:02:40",758,NULL,2404
35924162,0,1,0,0,0,0,0,0,0,"2024-11-29 05:32:39",759,NULL,1221
347775076,0,0,1,0,0,0,0,0,0,"2024-11-26 06:02:40",760,NULL,2218
2086711231,0,1,0,0,0,0,0,0,0,"2024-11-29 05:32:39",761,NULL,1114
442684355,0,0,1,0,0,0,0,0,0,"2024-11-26 06:02:40",762,NULL,NULL
339994627,0,0,1,0,0,0,0,0,0,"2024-11-26 06:02:40",763,NULL,1888
442842552,0,0,1,0,0,0,0,0,0,"2024-11-26 06:02:40",764,NULL,NULL
351905343,0,0,1,0,0,0,0,0,0,"2024-11-26 06:02:40",765,NULL,2277
349777010,0,0,1,0,0,0,0,0,0,"2024-11-26 06:02:40",766,NULL,NULL
125134577,0,0,1,0,0,0,0,0,0,"2024-11-26 06:02:40",767,NULL,NULL
353305305,0,0,1,0,0,0,0,0,0,"2024-11-26 06:02:40",768,NULL,1688
442736123,0,0,1,0,0,0,0,0,0,"2024-11-26 06:02:40",769,210,NULL
350105022,0,0,1,0,0,0,0,0,0,"2024-11-26 06:02:40",770,NULL,2225
442866354,0,0,1,0,0,0,0,0,0,"2024-11-26 06:02:40",771,NULL,NULL
347363425,0,0,1,0,0,0,0,0,0,"2024-11-26 06:02:40",772,NULL,1757
441847581,0,0,1,0,0,0,0,0,0,"2024-11-26 06:02:40",773,NULL,NULL
88717756,0,1,0,0,0,0,0,0,0,"2024-11-26 06:02:40",774,NULL,2002
441877485,0,0,1,0,0,0,0,0,0,"2024-11-26 06:02:40",775,NULL,NULL
41107907,0,1,0,0,0,0,0,0,0,"2024-11-26 06:02:40",776,NULL,2041
10341845,0,1,0,0,0,0,0,0,0,"2024-11-26 06:02:40",777,NULL,1563
442867578,0,0,1,0,0,0,0,0,0,"2024-11-26 06:02:40",778,NULL,NULL
339859082,0,0,1,0,0,0,0,0,0,"2024-11-26 06:02:40",779,NULL,2246
41096714,0,1,0,0,0,0,0,0,0,"2024-11-26 06:02:40",780,NULL,1996
344084333,0,0,1,0,0,0,0,0,0,"2024-11-26 06:02:40",781,NULL,1788
2056324137,0,0,1,0,0,0,0,0,0,"2024-11-26 06:02:40",782,NULL,2130
2058062655,0,0,1,0,0,0,0,0,0,"2024-11-26 06:02:40",783,NULL,2182
339418630,0,0,1,0,0,0,0,0,0,"2024-11-26 06:02:40",784,NULL,2069
27991777,0,0,0,0,0,1,1,0,0,"2024-11-26 06:02:40",785,NULL,2086
44547023,0,0,1,0,0,0,0,0,0,"2024-11-26 06:02:40",786,NULL,1923
409043041,0,0,1,0,0,0,0,0,0,"2024-11-26 06:02:40",787,NULL,NULL
442767219,0,0,1,0,0,0,0,0,0,"2024-11-26 06:02:40",788,17972,NULL
442628137,0,0,1,0,0,0,0,0,0,"2024-11-26 06:02:40",789,NULL,NULL
3724042,0,0,0,0,0,1,0,0,0,"2024-11-26 06:02:40",790,NULL,2035
41153318,0,1,0,0,0,0,0,0,0,"2024-11-29 05:32:39",791,NULL,1328
349602256,0,0,1,0,0,0,0,0,0,"2024-11-29 05:32:39",792,NULL,1379
10200117,0,1,0,0,0,0,0,0,0,"2024-11-26 06:02:40",793,NULL,1602
41070588,0,1,0,0,0,0,0,0,0,"2024-11-26 06:02:40",794,NULL,1902
35846201,0,1,0,0,0,0,0,0,0,"2024-11-29 05:32:39",795,NULL,1188
350101774,0,0,1,0,0,0,0,0,0,"2024-11-26 06:02:40",796,NULL,2280
442863924,0,1,0,0,0,0,0,0,0,"2024-11-26 06:02:40",797,NULL,NULL
98020811,0,1,0,0,0,0,0,0,0,"2024-11-29 05:32:39",798,NULL,1002
2056820532,0,0,1,0,0,0,0,0,0,"2024-11-26 06:02:40",799,NULL,2121
340066714,0,0,1,0,0,0,0,0,0,"2024-11-26 06:02:40",800,NULL,2238
339867608,0,1,0,0,0,0,0,0,0,"2024-11-29 05:32:39",801,17065,911
2054746067,0,0,1,0,0,0,0,0,0,"2024-11-26 06:02:40",802,NULL,1836
344511987,0,0,1,0,0,0,0,0,0,"2024-11-26 06:02:40",803,NULL,2126
10266095,0,1,0,0,0,0,0,0,0,"2024-11-29 05:32:39",804,NULL,886
442842242,0,0,1,0,0,0,0,0,0,"2024-11-26 06:02:40",805,NULL,NULL
353725894,0,0,1,0,0,0,0,0,0,"2024-11-26 06:02:40",806,NULL,1857
6251313,0,1,0,0,0,0,0,0,0,"2024-11-29 05:32:39",807,331,977
439971880,0,0,1,0,0,0,0,1,0,"2024-11-26 06:02:40",808,NULL,NULL
250293710,0,0,1,0,0,0,0,0,0,"2024-11-26 06:02:40",809,NULL,1856
41151823,0,1,0,0,0,0,0,0,0,"2024-11-26 06:02:40",810,NULL,1887
6149304,0,1,0,0,0,0,0,0,0,"2024-11-29 05:32:39",811,1867,NULL
440191797,0,0,1,0,0,0,0,0,0,"2024-11-26 06:02:40",812,NULL,NULL
347363446,0,0,1,0,0,0,0,0,0,"2024-11-29 05:32:39",813,NULL,920
442863666,0,0,1,0,0,0,0,0,0,"2024-11-26 06:02:40",814,NULL,NULL
33884054,0,1,0,0,0,0,0,0,0,"2024-11-26 06:02:40",815,NULL,NULL
14598220,0,1,0,0,0,0,0,0,0,"2024-11-29 05:32:39",816,NULL,1097
442882255,0,0,1,0,0,0,0,0,0,"2024-11-26 06:02:40",817,NULL,NULL
32374432,0,1,0,0,0,0,0,0,0,"2024-11-26 06:02:40",818,NULL,1473
239885347,0,1,0,0,0,0,0,0,0,"2024-11-29 05:32:39",819,NULL,995
2058201389,0,0,1,0,0,0,0,0,0,"2024-11-26 06:02:40",820,NULL,2199
14311128,0,1,0,0,0,0,0,0,0,"2024-11-29 05:32:39",821,NULL,1014
442842844,0,0,1,0,0,0,0,0,0,"2024-11-26 06:02:40",822,NULL,NULL
69343871,0,1,0,0,0,0,0,0,0,"2024-11-29 05:32:39",823,NULL,1214
442868872,0,0,1,0,0,0,0,0,0,"2024-11-26 06:02:40",824,NULL,NULL
69328086,0,1,0,0,0,0,0,0,0,"2024-11-29 05:32:39",825,NULL,991
352450647,0,0,1,0,0,0,0,0,0,"2024-11-26 06:02:40",826,NULL,1853
28550613,0,0,0,0,0,1,0,0,0,"2024-11-29 05:32:39",827,NULL,1268
10563612,0,1,0,0,0,0,0,0,0,"2024-11-26 06:02:40",828,NULL,1616
340057745,0,0,1,0,0,0,0,0,0,"2024-11-29 05:32:39",829,NULL,1122
442841974,0,1,0,0,0,0,0,0,0,"2024-11-26 06:02:40",830,NULL,NULL
441140681,0,0,1,0,0,0,0,0,0,"2024-11-26 06:02:40",831,NULL,NULL
2053234601,0,0,1,0,0,0,0,0,0,"2024-11-26 06:02:40",832,NULL,1826
442865001,0,0,1,0,0,0,0,0,0,"2024-11-26 06:02:40",833,NULL,NULL
442868975,0,0,1,0,0,0,0,0,0,"2024-11-26 06:02:40",834,NULL,NULL
348244934,0,0,1,0,0,0,0,0,0,"2024-11-26 06:02:40",835,NULL,1728
27845819,0,0,1,0,0,0,0,0,0,"2024-11-26 06:02:40",836,NULL,2168
442759595,0,0,1,0,0,0,0,0,0,"2024-11-26 06:02:40",837,NULL,NULL
17068463,0,1,0,0,0,0,0,0,0,"2024-11-26 06:02:40",838,NULL,2334
440665188,0,0,1,0,0,0,0,0,0,"2024-11-26 06:02:40",839,NULL,NULL
2053929048,0,0,1,0,0,0,0,0,0,"2024-11-26 06:02:40",840,NULL,2285
36469503,0,1,0,0,0,0,0,0,0,"2024-11-26 06:02:40",841,NULL,NULL
344084332,0,0,1,0,0,0,0,0,0,"2024-11-26 06:02:40",842,NULL,1804
2068559894,0,0,1,0,0,0,0,0,0,"2024-11-26 06:02:40",843,NULL,2314
442842126,0,0,1,0,0,0,0,0,0,"2024-11-26 06:02:40",844,NULL,NULL
43998045,0,0,1,0,0,0,0,0,0,"2024-11-26 06:02:40",845,NULL,1865
41135243,0,1,0,0,0,0,0,0,0,"2024-11-26 06:02:40",846,NULL,1894
348173979,0,0,1,0,0,0,0,0,0,"2024-11-26 06:02:40",847,NULL,2386
131666422,0,1,0,0,0,0,0,0,0,"2024-11-26 06:02:40",848,NULL,2308
442023980,0,0,1,0,0,0,0,0,0,"2024-11-26 06:02:40",849,NULL,NULL
347363428,0,0,1,0,0,0,0,0,0,"2024-11-26 06:02:40",850,NULL,1754
2067397883,0,0,1,0,0,0,0,0,0,"2024-11-26 06:02:40",851,NULL,2195
442867361,0,0,1,0,0,0,0,0,0,"2024-11-26 06:02:40",852,NULL,NULL
348173989,0,0,1,0,0,0,0,0,0,"2024-11-26 06:02:40",853,NULL,2382
442845718,0,0,1,0,0,0,0,0,0,"2024-11-26 06:02:40",854,NULL,NULL
2053938767,0,0,1,0,0,0,0,0,0,"2024-11-26 06:02:40",855,NULL,2206
33921268,0,0,0,0,0,1,0,0,0,"2024-11-26 06:02:40",856,NULL,1976
339859098,0,0,1,0,0,0,0,0,0,"2024-11-26 06:02:40",857,NULL,2250
66731485,0,0,1,0,0,0,0,0,0,"2024-11-26 06:02:40",858,NULL,1886
2053617918,0,0,1,0,0,0,0,0,0,"2024-11-26 06:02:40",859,NULL,1922
2060357166,0,0,1,0,0,0,0,0,0,"2024-11-26 06:02:40",860,NULL,2232
2062461873,0,0,1,0,0,0,0,0,0,"2024-11-26 06:02:40",861,NULL,2275
2053931344,0,0,1,0,0,0,0,0,0,"2024-11-26 06:02:40",862,NULL,2263
441202867,0,0,1,0,0,0,0,0,0,"2024-11-26 06:02:40",863,NULL,NULL
439482909,0,0,1,0,0,0,0,0,0,"2024-11-26 06:02:40",864,NULL,NULL
2065394576,0,0,1,0,0,0,0,0,0,"2024-11-26 06:02:40",865,NULL,2299
440796434,0,0,1,0,0,0,0,0,0,"2024-11-26 06:02:40",866,NULL,NULL
442867762,0,0,1,0,0,0,0,0,0,"2024-11-26 06:02:40",867,NULL,NULL
10588616,0,1,0,0,0,0,0,1,0,"2024-11-26 06:02:40",868,NULL,1646
351484957,0,0,1,0,0,0,0,0,0,"2024-11-26 06:02:40",869,NULL,1735
442911001,0,0,1,0,0,0,0,0,0,"2024-11-26 06:02:40",870,NULL,NULL
343990337,0,0,1,0,0,0,0,0,0,"2024-11-26 06:02:40",871,NULL,2235
14585967,0,0,1,0,0,0,0,0,0,"2024-11-27 06:13:47",872,NULL,5153
41094339,0,1,0,0,0,0,0,0,0,"2024-11-26 06:02:40",873,NULL,1942
442968804,0,0,1,0,0,0,0,0,0,"2024-11-27 06:13:47",874,NULL,NULL
88560961,0,1,0,0,0,0,0,0,0,"2024-11-26 06:02:40",875,NULL,2068
442968822,0,0,1,0,0,0,0,0,0,"2024-11-27 06:13:47",876,NULL,NULL
36581740,0,1,0,0,0,0,0,1,0,"2024-11-26 06:02:40",877,NULL,1674
442946495,0,0,1,0,0,0,0,0,0,"2024-11-27 06:13:47",878,NULL,NULL
2079552816,0,0,1,0,0,0,0,0,0,"2024-11-26 06:02:40",879,NULL,NULL
442970830,0,0,1,0,0,0,0,0,0,"2024-11-27 06:13:47",880,NULL,NULL
351571944,0,0,1,0,0,0,0,0,0,"2024-11-26 06:02:40",881,NULL,1975
10449994,0,1,0,0,0,0,0,1,0,"2024-11-27 06:13:47",882,NULL,4570
88200129,0,0,0,0,0,1,0,0,0,"2024-11-26 06:02:40",883,NULL,2043
442946357,0,0,1,0,0,0,0,0,0,"2024-11-27 06:13:47",884,NULL,NULL
87890467,0,1,0,0,0,0,0,0,0,"2024-11-26 06:02:40",885,NULL,NULL
352289288,0,0,1,0,0,0,0,0,0,"2024-11-27 06:13:47",886,NULL,4888
36441609,0,1,0,0,0,0,0,1,0,"2024-11-26 06:02:40",887,NULL,1579
442968751,0,0,1,0,0,0,0,0,0,"2024-11-27 06:13:47",888,NULL,NULL
32361864,0,1,0,0,0,0,0,1,0,"2024-11-26 06:02:40",889,NULL,1481
442946438,0,0,1,0,0,0,0,0,0,"2024-11-27 06:13:47",890,NULL,NULL
2077305541,0,0,1,0,0,0,0,0,0,"2024-11-26 06:02:40",891,NULL,1983
442968814,0,0,1,0,0,0,0,0,0,"2024-11-27 06:13:47",892,NULL,NULL
123144224,0,0,1,0,0,0,0,0,0,"2024-11-26 06:02:40",893,NULL,1966
342378409,0,0,1,0,0,0,0,0,0,"2024-11-27 06:13:47",894,NULL,4866
442866237,0,0,1,0,0,0,0,0,0,"2024-11-26 06:02:40",895,NULL,NULL
442968731,0,0,1,0,0,0,0,0,0,"2024-11-27 06:13:47",896,NULL,NULL
2130799787,0,0,0,0,0,1,0,0,0,"2024-11-26 06:02:40",897,NULL,2078
64441993,0,1,0,0,0,0,0,0,0,"2024-11-26 06:02:40",898,NULL,NULL
442968826,0,0,1,0,0,0,0,0,0,"2024-11-27 06:13:47",899,NULL,NULL
34079427,0,1,0,0,0,0,0,0,0,"2024-11-27 06:13:47",900,NULL,NULL
84059756,0,0,0,0,0,1,0,0,0,"2024-11-27 06:13:47",901,NULL,4978
440576815,0,0,1,0,0,0,0,0,0,"2024-11-26 06:02:40",902,NULL,NULL
343600729,0,0,1,0,0,0,0,0,0,"2024-11-27 06:13:47",903,NULL,4824
439255386,0,0,1,0,0,0,0,0,0,"2024-11-26 06:02:40",904,NULL,NULL
305490050,0,0,1,0,0,0,0,0,0,"2024-11-27 06:13:47",905,NULL,5308
10492313,0,0,1,0,0,0,0,0,0,"2024-11-26 06:02:40",906,NULL,1631
345677435,0,0,1,0,0,0,0,0,0,"2024-11-27 06:13:47",907,NULL,5300
26691529,0,0,1,0,0,0,0,0,0,"2024-11-26 06:02:40",908,NULL,2133
442968746,0,0,1,0,0,0,0,0,0,"2024-11-27 06:13:47",909,NULL,NULL
303806914,0,0,1,0,0,0,0,1,0,"2024-11-26 06:02:40",910,NULL,2413
2058985750,0,0,1,0,0,0,0,0,0,"2024-11-27 06:13:47",911,NULL,5148
10583775,0,1,0,0,0,0,0,0,0,"2024-11-26 06:02:40",912,NULL,1650
442946468,0,0,1,0,0,0,0,0,0,"2024-11-27 06:13:47",913,NULL,NULL
36459329,0,0,0,0,1,0,0,0,0,"2024-11-26 06:02:40",914,NULL,1793
243066083,0,0,1,0,0,0,0,0,0,"2024-11-27 06:13:47",915,18699,4233
2054691316,0,0,1,0,0,0,0,0,0,"2024-11-26 06:02:40",916,NULL,1980
442968832,0,0,1,0,0,0,0,0,0,"2024-11-27 06:13:47",917,NULL,NULL
440532839,0,0,1,0,0,0,0,0,0,"2024-11-26 06:02:40",918,NULL,NULL
442968830,0,0,1,0,0,0,0,0,0,"2024-11-27 06:13:47",919,NULL,NULL
442866731,0,0,1,0,0,0,0,0,0,"2024-11-26 06:02:40",920,NULL,NULL
346176317,0,0,1,0,0,0,0,0,0,"2024-11-27 06:13:47",921,NULL,4703
439250065,0,0,1,0,0,0,0,0,0,"2024-11-26 06:02:40",922,NULL,NULL
2053931340,0,0,1,0,0,0,0,0,0,"2024-11-27 06:13:47",923,NULL,5156
442868809,0,0,1,0,0,0,0,0,0,"2024-11-26 06:02:40",924,NULL,NULL
442968550,0,0,1,0,0,0,0,0,0,"2024-11-27 06:13:47",925,NULL,NULL
2118804208,0,1,0,0,0,0,0,0,0,"2024-11-26 06:02:40",926,NULL,NULL
295540364,0,0,1,0,0,0,0,1,0,"2024-11-27 06:13:47",927,16180,4205
10349650,0,1,0,0,0,0,0,0,0,"2024-11-26 06:02:40",928,NULL,1641
36457057,0,0,0,0,1,0,0,0,0,"2024-11-27 06:13:47",929,NULL,4710
2058062678,0,0,1,0,0,0,0,0,0,"2024-11-26 06:02:40",930,NULL,2178
442970805,0,0,1,0,0,0,0,0,0,"2024-11-27 06:13:47",931,NULL,NULL
339859094,0,0,1,0,0,0,0,0,0,"2024-11-26 06:02:40",932,NULL,2248
442970832,0,0,1,0,0,0,0,0,0,"2024-11-27 06:13:47",933,NULL,NULL
442277683,0,0,1,0,0,0,0,0,0,"2024-11-26 06:02:40",934,NULL,NULL
442911000,0,0,1,0,0,0,0,0,0,"2024-11-27 06:13:47",935,NULL,NULL
442896486,0,0,1,0,0,0,0,0,0,"2024-11-26 06:02:40",936,NULL,NULL
442968791,0,0,1,0,0,0,0,0,0,"2024-11-27 06:13:47",937,NULL,NULL
442867014,0,0,1,0,0,0,0,0,0,"2024-11-26 06:02:40",938,NULL,NULL
349937245,0,0,1,0,0,0,0,0,0,"2024-11-27 06:13:47",939,NULL,5298
442861564,0,0,1,0,0,0,0,0,0,"2024-11-26 06:02:40",940,NULL,NULL
32320750,0,1,0,0,0,0,0,0,0,"2024-11-27 06:13:47",941,NULL,4511
2057460932,0,0,1,0,0,0,0,0,0,"2024-11-26 06:02:40",942,NULL,1958
41183112,0,1,0,0,0,0,0,0,0,"2024-11-27 06:13:47",943,NULL,4908
10359722,0,0,0,0,0,1,0,0,0,"2024-11-26 06:02:40",944,NULL,1612
442951022,0,0,1,0,0,0,0,0,0,"2024-11-27 06:13:47",945,NULL,NULL
2054342352,0,0,1,0,0,0,0,0,0,"2024-11-26 06:02:40",946,NULL,1878
442946542,0,0,1,0,0,0,0,0,0,"2024-11-27 06:13:47",947,NULL,NULL
442862986,0,0,1,0,0,0,0,0,0,"2024-11-26 06:02:40",948,NULL,NULL
442968723,0,0,1,0,0,0,0,0,0,"2024-11-27 06:13:47",949,NULL,NULL
442867492,0,0,1,0,0,0,0,0,0,"2024-11-26 06:02:40",950,NULL,NULL
442946482,0,0,1,0,0,0,0,0,0,"2024-11-27 06:13:47",951,NULL,NULL
2058082875,0,0,1,0,0,0,0,0,0,"2024-11-26 06:02:40",952,NULL,1764
2079102992,0,0,1,0,0,0,0,0,0,"2024-11-27 06:13:47",953,NULL,5006
2062653441,0,0,1,0,0,0,0,0,0,"2024-11-26 06:02:40",954,NULL,2270
442968706,0,0,1,0,0,0,0,0,0,"2024-11-27 06:13:47",955,NULL,NULL
339941810,0,0,1,0,0,0,0,0,0,"2024-11-26 06:02:40",956,NULL,2140
440046179,0,0,1,0,0,0,0,0,0,"2024-11-27 06:13:47",957,NULL,NULL
2080208735,0,0,1,0,0,0,0,0,0,"2024-11-26 06:02:40",958,NULL,2209
351161074,0,0,1,0,0,0,0,0,0,"2024-11-26 06:02:40",959,NULL,1731
442968733,0,0,1,0,0,0,0,0,0,"2024-11-27 06:13:47",960,NULL,NULL
402142669,0,0,1,0,0,0,0,0,0,"2024-11-26 06:02:40",961,NULL,NULL
30661050,0,1,0,0,0,0,0,0,0,"2024-11-27 06:13:47",962,NULL,NULL
32284842,0,1,0,0,0,0,0,0,0,"2024-11-26 06:02:40",963,NULL,1561
442968355,0,0,0,0,0,1,0,0,0,"2024-11-27 06:13:47",964,NULL,NULL
440909984,0,0,1,0,0,0,0,0,0,"2024-11-26 06:02:40",965,NULL,NULL
442950953,0,0,0,0,0,1,0,0,0,"2024-11-27 06:13:47",966,NULL,NULL
2066827725,0,0,1,0,0,0,0,0,0,"2024-11-26 06:02:40",967,NULL,2216
145602353,0,1,0,0,0,0,0,0,0,"2024-11-27 06:13:47",968,NULL,4443
243066005,0,0,1,0,0,0,0,0,0,"2024-11-27 06:13:47",969,NULL,5195
36566318,0,1,0,0,0,0,0,0,0,"2024-11-27 06:13:47",970,NULL,4661
442970848,0,0,1,0,0,0,0,0,0,"2024-11-27 06:13:47",971,NULL,NULL
159004285,0,0,1,0,0,0,0,0,0,"2024-11-27 06:13:47",972,NULL,NULL
442968778,0,0,1,0,0,0,0,0,0,"2024-11-27 06:13:47",973,NULL,NULL
28043654,0,0,1,0,0,0,0,0,0,"2024-11-27 06:13:47",974,NULL,4980
442968747,0,0,1,0,0,0,0,0,0,"2024-11-27 06:13:47",975,NULL,NULL
442946356,0,0,1,0,0,0,0,0,0,"2024-11-27 06:13:47",976,NULL,NULL
442968743,0,0,1,0,0,0,0,0,0,"2024-11-27 06:13:47",977,NULL,NULL
348583904,0,0,1,0,0,0,0,0,0,"2024-11-27 06:13:47",978,NULL,4727
442968863,0,0,1,0,0,0,0,1,0,"2024-11-27 06:13:47",979,NULL,NULL
36507947,0,0,0,0,1,0,0,0,0,"2024-11-27 06:13:47",980,NULL,4594
2056074502,0,0,1,0,0,0,0,0,0,"2024-11-27 06:13:47",981,NULL,4711
442968806,0,0,1,0,0,0,0,0,0,"2024-11-27 06:13:47",982,NULL,NULL
442968803,0,0,1,0,0,0,0,0,0,"2024-11-27 06:13:47",983,NULL,NULL
442970838,0,0,1,0,0,0,0,0,0,"2024-11-27 06:13:47",984,NULL,NULL
442920678,0,0,1,0,0,0,0,0,0,"2024-11-27 06:13:47",985,NULL,NULL
442916529,0,0,1,0,0,0,0,0,0,"2024-11-27 06:13:47",986,NULL,NULL
441765048,0,0,1,0,0,0,0,0,0,"2024-11-27 06:13:47",987,NULL,NULL
439236810,0,0,1,0,0,0,0,0,0,"2024-11-27 06:13:47",988,NULL,NULL
442968831,0,0,1,0,0,0,0,0,0,"2024-11-27 06:13:47",989,NULL,NULL
2056946632,0,0,1,0,0,0,0,0,0,"2024-11-27 06:13:47",990,NULL,4682
442968801,0,0,1,0,0,0,0,0,0,"2024-11-27 06:13:47",991,NULL,NULL
442946467,0,0,1,0,0,0,0,0,0,"2024-11-27 06:13:47",992,NULL,NULL
442968734,0,0,1,0,0,0,0,0,0,"2024-11-27 06:13:47",993,NULL,NULL
351786870,0,0,1,0,0,0,0,0,0,"2024-11-27 06:13:47",994,NULL,4620
2053578231,0,0,1,0,0,0,0,0,0,"2024-11-27 06:13:47",995,NULL,5151
442968745,0,0,1,0,0,0,0,0,0,"2024-11-27 06:13:47",996,NULL,NULL
2053348235,0,0,1,0,0,0,0,0,0,"2024-11-27 06:13:47",997,NULL,4616
27774515,0,0,1,0,0,0,0,0,0,"2024-11-27 06:13:47",998,NULL,4983
442916528,0,0,1,0,0,0,0,0,0,"2024-11-27 06:13:47",999,NULL,NULL
2054088327,0,0,1,0,0,0,0,0,0,"2024-11-27 06:13:47",1000,NULL,5111
