zpid,bucketType,rate,rateSource,lastUpdatedTimestamp,lastUpdatedDate,lmi_id,ls_id,lti_id
441978605,"Arm 5 Bucket",7.01,ZGMI,"2024-11-20 19:34:27",2024-11-20,1,7100,NULL
88279152,"Arm 5 Bucket",6.25,ZGMI,"2024-11-20 21:20:45",2024-11-20,2,11382,15966
88343937,"Arm 5 Bucket",6.25,ZGMI,"2024-11-20 23:05:51",2024-11-20,3,11078,15625
88753804,"Arm 5 Bucket",6.25,ZGMI,"2024-11-20 21:20:17",2024-11-20,4,7929,35256
442717584,"Arm 5 Bucket",6.732,ZGMI,"2024-11-20 22:25:31",2024-11-20,5,7835,NULL
46195487,"Arm 5 Bucket",7.088,ZGMI,"2024-11-20 17:12:12",2024-11-20,6,11183,10939
46265707,"Arm 5 Bucket",7.088,ZGMI,"2024-11-20 16:37:48",2024-11-20,7,7881,27850
19953439,"Arm 5 Bucket",6.944,ZGMI,"2024-11-20 22:03:10",2024-11-20,8,8055,11696
442724675,"Arm 5 Bucket",6.944,ZGMI,"2024-11-20 22:25:06",2024-11-20,9,7784,NULL
20614507,"Arm 5 Bucket",6.944,ZGMI,"2024-11-20 22:42:45",2024-11-20,10,6787,27772
345457692,"Arm 5 Bucket",6.944,ZGMI,"2024-11-20 21:48:00",2024-11-20,11,70,10573
34119484,"30 Year Fixed Bucket",6.346,ZGMI,"2024-11-29 06:07:07",2024-11-29,12,4979,51834
20502665,"Arm 5 Bucket",6.944,ZGMI,"2024-11-20 22:41:39",2024-11-20,13,8017,35006
34119484,"Arm 5 Bucket",6.727,ZGMI,"2024-11-29 06:07:07",2024-11-29,14,4979,51834
32084790,"Arm 5 Bucket",6.135,ZGMI,"2024-11-20 21:26:16",2024-11-20,15,11042,12837
20097218,"Arm 5 Bucket",6.944,ZGMI,"2024-11-20 22:43:48",2024-11-20,16,7091,43754
16869861,"Arm 5 Bucket",6.944,ZGMI,"2024-11-20 21:54:29",2024-11-20,17,6008,10031
34119484,"15 Year Fixed Bucket",5.764,ZGMI,"2024-11-29 06:07:07",2024-11-29,18,4979,51834
244708653,"Arm 5 Bucket",6.135,ZGMI,"2024-11-20 21:54:34",2024-11-20,19,10965,14828
14513801,"30 Year Fixed Bucket",6.396,ZGMI,"2024-11-29 09:02:19",2024-11-29,20,4969,51896
20515174,"Arm 5 Bucket",6.944,ZGMI,"2024-11-20 22:41:44",2024-11-20,21,11630,11203
442721659,"Arm 5 Bucket",6.135,ZGMI,"2024-11-20 22:27:11",2024-11-20,22,7845,NULL
16874017,"Arm 5 Bucket",6.944,ZGMI,"2024-11-20 22:28:28",2024-11-20,23,14890,10751
14513801,"15 Year Fixed Bucket",5.768,ZGMI,"2024-11-29 09:02:19",2024-11-29,24,4969,51896
19973633,"Arm 5 Bucket",6.944,ZGMI,"2024-11-20 22:37:54",2024-11-20,25,17403,4312
14513801,"Arm 5 Bucket",6.534,ZGMI,"2024-11-29 09:02:19",2024-11-29,26,4969,51896
2109982362,"Arm 5 Bucket",6.135,ZGMI,"2024-11-20 22:19:51",2024-11-20,27,6811,NULL
20094760,"Arm 5 Bucket",6.944,ZGMI,"2024-11-20 21:14:27",2024-11-20,28,10813,11310
244454750,"15 Year Fixed Bucket",5.5,ZGMI,"2024-11-29 09:01:57",2024-11-29,29,4975,51876
17080329,"Arm 5 Bucket",6.944,ZGMI,"2024-11-20 22:07:47",2024-11-20,30,48,6084
31540213,"Arm 5 Bucket",6.135,ZGMI,"2024-11-20 21:56:24",2024-11-20,31,11057,14685
244454750,"30 Year Fixed Bucket",6.166,ZGMI,"2024-11-29 09:01:57",2024-11-29,32,4975,51876
58546683,"Arm 5 Bucket",6.944,ZGMI,"2024-11-20 21:18:09",2024-11-20,33,7859,57290
2058240387,"Arm 5 Bucket",6.135,ZGMI,"2024-11-20 21:36:37",2024-11-20,34,8052,NULL
402291717,"15 Year Fixed Bucket",5.557,ZGMI,"2024-11-29 09:02:12",2024-11-29,35,4974,NULL
442724290,"Arm 5 Bucket",6.135,ZGMI,"2024-11-20 22:20:33",2024-11-20,36,8039,NULL
402291717,"Arm 5 Bucket",6.327,ZGMI,"2024-11-29 09:02:12",2024-11-29,37,4974,NULL
32094404,"Arm 5 Bucket",6.135,ZGMI,"2024-11-20 21:47:14",2024-11-20,38,2803,13122
402291717,"30 Year Fixed Bucket",6.268,ZGMI,"2024-11-29 09:02:12",2024-11-29,39,4974,NULL
338594473,"Arm 5 Bucket",6.135,ZGMI,"2024-11-20 21:11:46",2024-11-20,40,6958,NULL
15117126,"30 Year Fixed Bucket",6.574,ZGMI,"2024-11-29 06:55:57",2024-11-29,41,4966,51856
20574827,"Arm 5 Bucket",6.944,ZGMI,"2024-11-20 22:21:34",2024-11-20,42,7743,27828
15117126,"Arm 5 Bucket",6.715,ZGMI,"2024-11-29 06:55:57",2024-11-29,43,4966,51856
442726864,"Arm 5 Bucket",6.135,ZGMI,"2024-11-20 21:25:54",2024-11-20,44,7937,NULL
65238487,"Arm 5 Bucket",6.944,ZGMI,"2024-11-20 21:35:41",2024-11-20,45,10994,11665
15117126,"15 Year Fixed Bucket",6.253,ZGMI,"2024-11-29 06:55:57",2024-11-29,46,4966,51856
117451071,"Arm 5 Bucket",6.135,ZGMI,"2024-11-20 21:55:57",2024-11-20,47,7477,18243
20036876,"Arm 5 Bucket",6.944,ZGMI,"2024-11-20 22:39:57",2024-11-20,48,10967,6900
7954303,"Arm 5 Bucket",6.536,ZGMI,"2024-11-29 09:02:13",2024-11-29,49,4978,51887
30613636,"Arm 5 Bucket",6.135,ZGMI,"2024-11-20 22:22:42",2024-11-20,50,7905,33717
20588948,"Arm 5 Bucket",6.944,ZGMI,"2024-11-20 21:50:49",2024-11-20,51,11321,9595
7954303,"30 Year Fixed Bucket",6.393,ZGMI,"2024-11-29 09:02:13",2024-11-29,52,4978,51887
80008802,"Arm 5 Bucket",6.135,ZGMI,"2024-11-20 21:47:22",2024-11-20,53,11746,12682
7954303,"15 Year Fixed Bucket",5.785,ZGMI,"2024-11-29 09:02:13",2024-11-29,54,4978,51887
30668584,"Arm 5 Bucket",6.135,ZGMI,"2024-11-20 21:38:53",2024-11-20,55,11894,12192
6286251,"Arm 5 Bucket",6.523,ZGMI,"2024-11-29 09:02:09",2024-11-29,56,4976,51936
442721660,"Arm 5 Bucket",6.135,ZGMI,"2024-11-20 22:04:09",2024-11-20,57,7279,NULL
6286251,"15 Year Fixed Bucket",5.728,ZGMI,"2024-11-29 09:02:09",2024-11-29,58,4976,51936
442730678,"Arm 5 Bucket",6.135,ZGMI,"2024-11-20 21:25:41",2024-11-20,59,12064,NULL
6286251,"30 Year Fixed Bucket",6.444,ZGMI,"2024-11-29 09:02:09",2024-11-29,60,4976,51936
32008655,"Arm 5 Bucket",6.135,ZGMI,"2024-11-20 22:25:07",2024-11-20,61,11762,12171
244718393,"Arm 5 Bucket",6.135,ZGMI,"2024-11-20 22:12:32",2024-11-20,62,6902,17568
2054067898,"Arm 5 Bucket",6.135,ZGMI,"2024-11-20 21:51:48",2024-11-20,63,123,NULL
442721664,"Arm 5 Bucket",6.135,ZGMI,"2024-11-20 22:29:47",2024-11-20,64,8040,NULL
30753137,"Arm 5 Bucket",6.135,ZGMI,"2024-11-20 21:43:53",2024-11-20,65,11007,12226
30569375,"Arm 5 Bucket",6.135,ZGMI,"2024-11-20 22:09:36",2024-11-20,66,6921,38321
32082014,"Arm 5 Bucket",6.135,ZGMI,"2024-11-20 22:16:23",2024-11-20,67,11839,14886
30624442,"Arm 5 Bucket",6.135,ZGMI,"2024-11-20 21:25:58",2024-11-20,68,7938,41734
21265583,"Arm 5 Bucket",6.944,ZGMI,"2024-11-20 22:40:27",2024-11-20,69,7819,39992
111916534,"Arm 5 Bucket",6.944,ZGMI,"2024-11-20 21:25:55",2024-11-20,70,7323,56479
216108945,"Arm 5 Bucket",6.135,ZGMI,"2024-11-20 21:45:10",2024-11-20,71,7558,35826
20963323,"Arm 5 Bucket",6.944,ZGMI,"2024-11-20 22:32:00",2024-11-20,72,7095,57393
79505310,"Arm 5 Bucket",6.135,ZGMI,"2024-11-20 21:26:50",2024-11-20,73,10815,15209
20640838,"Arm 5 Bucket",6.944,ZGMI,"2024-11-20 21:26:02",2024-11-20,74,7706,20171
442741443,"Arm 5 Bucket",6.135,ZGMI,"2024-11-20 21:48:51",2024-11-20,75,12095,NULL
36610898,"Arm 5 Bucket",7.146,ZGMI,"2024-11-20 22:15:38",2024-11-20,76,12344,11442
442721635,"Arm 5 Bucket",6.135,ZGMI,"2024-11-20 22:27:13",2024-11-20,77,8014,NULL
32028896,"Arm 5 Bucket",6.135,ZGMI,"2024-11-20 21:19:12",2024-11-20,78,7808,49819
36603671,"Arm 5 Bucket",7.146,ZGMI,"2024-11-20 22:08:43",2024-11-20,79,157,10069
442742553,"Arm 5 Bucket",6.135,ZGMI,"2024-11-20 22:22:53",2024-11-20,80,11541,NULL
36599272,"Arm 5 Bucket",7.146,ZGMI,"2024-11-20 22:03:57",2024-11-20,81,11493,11051
30688420,"Arm 5 Bucket",6.135,ZGMI,"2024-11-20 22:11:07",2024-11-20,82,11140,14244
36490061,"Arm 5 Bucket",7.146,ZGMI,"2024-11-20 22:39:17",2024-11-20,83,7314,21336
2080380939,"Arm 5 Bucket",6.135,ZGMI,"2024-11-20 21:40:20",2024-11-20,84,7976,NULL
30790954,"Arm 5 Bucket",6.135,ZGMI,"2024-11-20 22:10:59",2024-11-20,85,7953,14241
36516015,"Arm 5 Bucket",7.146,ZGMI,"2024-11-20 22:41:09",2024-11-20,86,214,39957
32135741,"Arm 5 Bucket",6.135,ZGMI,"2024-11-20 21:32:26",2024-11-20,87,10915,14118
36615852,"Arm 5 Bucket",7.146,ZGMI,"2024-11-20 22:23:04",2024-11-20,88,6882,39702
31958201,"Arm 5 Bucket",6.135,ZGMI,"2024-11-20 22:22:58",2024-11-20,89,12091,12847
36627472,"Arm 5 Bucket",7.146,ZGMI,"2024-11-20 21:26:10",2024-11-20,90,17224,8355
442365313,"Arm 5 Bucket",6.135,ZGMI,"2024-11-20 21:49:35",2024-11-20,91,7396,NULL
36439049,"Arm 5 Bucket",7.146,ZGMI,"2024-11-20 21:49:56",2024-11-20,92,6919,5962
36466310,"Arm 5 Bucket",7.146,ZGMI,"2024-11-20 22:26:55",2024-11-20,93,9178,34684
2061571626,"Arm 5 Bucket",6.135,ZGMI,"2024-11-20 22:25:51",2024-11-20,94,210,NULL
36500843,"Arm 5 Bucket",7.146,ZGMI,"2024-11-20 21:36:29",2024-11-20,95,8099,27839
32004463,"Arm 5 Bucket",6.135,ZGMI,"2024-11-20 21:49:49",2024-11-20,96,7456,28445
36542235,"Arm 5 Bucket",7.146,ZGMI,"2024-11-20 21:24:20",2024-11-20,97,11006,10518
31964957,"Arm 5 Bucket",6.539,ZGMI,"2024-11-20 20:50:44",2024-11-20,98,7044,10990
36432782,"Arm 5 Bucket",7.146,ZGMI,"2024-11-20 21:08:32",2024-11-20,99,17852,10054
36453779,"Arm 5 Bucket",7.146,ZGMI,"2024-11-20 22:03:20",2024-11-20,100,11083,9460
123578885,"Arm 5 Bucket",7.146,ZGMI,"2024-11-20 22:27:21",2024-11-20,101,11176,5243
36487677,"Arm 5 Bucket",7.146,ZGMI,"2024-11-20 21:27:06",2024-11-20,102,7504,57685
20927131,"15 Year Fixed Bucket",5.566,ZGMI,"2024-11-29 08:05:40",2024-11-29,103,4977,51925
90004577,"Arm 5 Bucket",7.146,ZGMI,"2024-11-20 22:31:20",2024-11-20,104,7503,25520
20927131,"30 Year Fixed Bucket",6.326,ZGMI,"2024-11-29 08:05:40",2024-11-29,105,4977,51925
20927131,"Arm 5 Bucket",6.321,ZGMI,"2024-11-29 08:05:40",2024-11-29,106,4977,51925
68270282,"30 Year Fixed Bucket",6.355,ZGMI,"2024-11-29 08:50:56",2024-11-29,107,4972,51955
68270282,"Arm 5 Bucket",6.312,ZGMI,"2024-11-29 08:50:56",2024-11-29,108,4972,51955
68270282,"15 Year Fixed Bucket",5.756,ZGMI,"2024-11-29 08:50:56",2024-11-29,109,4972,51955
10494130,"15 Year Fixed Bucket",5.716,ZGMI,"2024-11-29 08:02:43",2024-11-29,110,4973,51945
10494130,"30 Year Fixed Bucket",6.395,ZGMI,"2024-11-29 08:02:43",2024-11-29,111,4973,51945
10494130,"Arm 5 Bucket",6.524,ZGMI,"2024-11-29 08:02:43",2024-11-29,112,4973,51945
10407948,"Arm 5 Bucket",6.25,ZGMI,"2024-11-29 08:19:15",2024-11-29,113,4967,51824
10407948,"30 Year Fixed Bucket",6.351,ZGMI,"2024-11-29 08:19:15",2024-11-29,114,4967,51824
36608744,"Arm 5 Bucket",7.146,ZGMI,"2024-11-20 22:05:38",2024-11-20,115,7237,50993
10407948,"15 Year Fixed Bucket",6.279,ZGMI,"2024-11-29 08:19:15",2024-11-29,116,4967,51824
36596743,"Arm 5 Bucket",7.146,ZGMI,"2024-11-20 22:19:36",2024-11-20,117,7901,5608
2056692705,"Arm 5 Bucket",6.539,ZGMI,"2024-11-20 20:04:44",2024-11-20,118,7045,NULL
36540162,"Arm 5 Bucket",7.146,ZGMI,"2024-11-20 22:23:31",2024-11-20,119,11495,4392
2062254970,"Arm 5 Bucket",6.539,ZGMI,"2024-11-20 20:42:49",2024-11-20,120,7848,NULL
36516361,"Arm 5 Bucket",7.146,ZGMI,"2024-11-20 22:28:15",2024-11-20,121,11273,6017
62723134,"Arm 5 Bucket",6.539,ZGMI,"2024-11-20 20:05:00",2024-11-20,122,12042,13336
36431700,"Arm 5 Bucket",7.146,ZGMI,"2024-11-20 21:58:27",2024-11-20,123,12073,10815
244885148,"Arm 5 Bucket",6.539,ZGMI,"2024-11-20 21:04:48",2024-11-20,124,49,37807
36468155,"Arm 5 Bucket",7.146,ZGMI,"2024-11-20 22:39:28",2024-11-20,125,12079,9983
2078483197,"Arm 5 Bucket",6.539,ZGMI,"2024-11-20 21:05:04",2024-11-20,126,6914,NULL
36510965,"Arm 5 Bucket",7.146,ZGMI,"2024-11-20 22:14:47",2024-11-20,127,11081,10809
10574740,"30 Year Fixed Bucket",6.395,ZGMI,"2024-11-29 09:02:08",2024-11-29,128,4971,51915
30592365,"Arm 5 Bucket",6.539,ZGMI,"2024-11-20 21:04:55",2024-11-20,129,6946,28191
36514890,"Arm 5 Bucket",7.146,ZGMI,"2024-11-20 22:10:55",2024-11-20,130,15871,11339
10574740,"Arm 5 Bucket",6.524,ZGMI,"2024-11-29 09:02:08",2024-11-29,131,4971,51915
36440571,"Arm 5 Bucket",7.146,ZGMI,"2024-11-20 22:41:06",2024-11-20,132,14765,57231
10574740,"15 Year Fixed Bucket",5.716,ZGMI,"2024-11-29 09:02:08",2024-11-29,133,4971,51915
32137214,"Arm 5 Bucket",6.539,ZGMI,"2024-11-20 21:07:47",2024-11-20,134,3102,14159
10315868,"30 Year Fixed Bucket",6.351,ZGMI,"2024-11-29 07:42:42",2024-11-29,135,4968,51867
79712196,"Arm 5 Bucket",6.539,ZGMI,"2024-11-20 20:03:03",2024-11-20,136,11194,13130
36483401,"Arm 5 Bucket",7.146,ZGMI,"2024-11-20 22:37:16",2024-11-20,137,14645,11570
10315868,"15 Year Fixed Bucket",6.279,ZGMI,"2024-11-29 07:42:42",2024-11-29,138,4968,51867
2054552858,"Arm 5 Bucket",6.539,ZGMI,"2024-11-20 19:46:12",2024-11-20,139,7482,NULL
249764521,"Arm 5 Bucket",7.146,ZGMI,"2024-11-20 21:43:44",2024-11-20,140,7188,39360
10315868,"Arm 5 Bucket",6.25,ZGMI,"2024-11-29 07:42:42",2024-11-29,141,4968,51867
36432706,"Arm 5 Bucket",7.146,ZGMI,"2024-11-20 22:35:33",2024-11-20,142,10949,11954
10217844,"Arm 5 Bucket",6.25,ZGMI,"2024-11-29 09:02:00",2024-11-29,143,4970,51877
347570736,"Arm 5 Bucket",6.539,ZGMI,"2024-11-20 20:47:11",2024-11-20,144,11936,NULL
36536640,"Arm 5 Bucket",7.146,ZGMI,"2024-11-20 22:40:35",2024-11-20,145,12797,9569
10217844,"15 Year Fixed Bucket",6.279,ZGMI,"2024-11-29 09:02:00",2024-11-29,146,4970,51877
80004699,"Arm 5 Bucket",6.539,ZGMI,"2024-11-20 19:53:31",2024-11-20,147,7316,23866
41083041,"Arm 5 Bucket",7.348,ZGMI,"2024-11-20 22:55:28",2024-11-20,148,11029,11284
32185643,"Arm 5 Bucket",6.539,ZGMI,"2024-11-20 20:21:42",2024-11-20,149,11514,14306
32348506,"Arm 5 Bucket",6.539,ZGMI,"2024-11-20 20:32:44",2024-11-20,150,5579,12834
342637267,"Arm 5 Bucket",7.348,ZGMI,"2024-11-20 23:20:00",2024-11-20,151,7915,NULL
31505023,"Arm 5 Bucket",6.539,ZGMI,"2024-11-20 20:51:05",2024-11-20,152,6974,31725
41173341,"Arm 5 Bucket",7.348,ZGMI,"2024-11-20 22:57:18",2024-11-20,153,11916,10821
30767160,"Arm 5 Bucket",6.539,ZGMI,"2024-11-20 20:48:17",2024-11-20,154,11429,12187
338554685,"Arm 5 Bucket",7.348,ZGMI,"2024-11-20 23:07:17",2024-11-20,155,11269,18194
300078650,"Arm 5 Bucket",6.539,ZGMI,"2024-11-20 20:49:00",2024-11-20,156,11441,16341
41184227,"Arm 5 Bucket",7.348,ZGMI,"2024-11-20 22:36:16",2024-11-20,157,9355,9480
94721796,"Arm 5 Bucket",6.539,ZGMI,"2024-11-20 20:38:34",2024-11-20,158,7465,NULL
2071720546,"Arm 5 Bucket",7.348,ZGMI,"2024-11-20 22:10:19",2024-11-20,159,7853,NULL
442721663,"Arm 5 Bucket",6.539,ZGMI,"2024-11-20 21:05:03",2024-11-20,160,7210,NULL
2065586093,"Arm 5 Bucket",7.348,ZGMI,"2024-11-20 22:26:18",2024-11-20,161,11355,NULL
30718552,"Arm 5 Bucket",6.539,ZGMI,"2024-11-20 21:04:55",2024-11-20,162,7995,23382
10217844,"30 Year Fixed Bucket",6.351,ZGMI,"2024-11-29 09:02:00",2024-11-29,163,4970,51877
244701610,"Arm 5 Bucket",6.539,ZGMI,"2024-11-20 21:04:10",2024-11-20,164,11025,39605
88113811,"Arm 5 Bucket",6.25,ZGMI,"2024-11-20 23:06:17",2024-11-20,165,91,36131
88100894,"Arm 5 Bucket",6.25,ZGMI,"2024-11-20 23:07:00",2024-11-20,166,7607,11070
88077820,"Arm 5 Bucket",6.25,ZGMI,"2024-11-20 23:07:31",2024-11-20,167,7788,57604
88352170,"Arm 5 Bucket",6.25,ZGMI,"2024-11-20 23:05:22",2024-11-20,168,10986,15372
88775048,"Arm 5 Bucket",6.25,ZGMI,"2024-11-20 21:50:16",2024-11-20,169,10779,15614
88724624,"Arm 5 Bucket",6.25,ZGMI,"2024-11-20 22:40:10",2024-11-20,170,11807,15841
88203767,"Arm 5 Bucket",6.25,ZGMI,"2024-11-20 22:42:28",2024-11-20,171,11654,15522
88660657,"Arm 5 Bucket",6.25,ZGMI,"2024-11-20 22:19:37",2024-11-20,172,6933,40415
88766699,"Arm 5 Bucket",6.25,ZGMI,"2024-11-20 23:06:52",2024-11-20,173,6938,52107
88709181,"Arm 5 Bucket",6.25,ZGMI,"2024-11-20 21:19:45",2024-11-20,174,10912,18163
88078681,"Arm 5 Bucket",6.25,ZGMI,"2024-11-20 22:26:51",2024-11-20,175,11608,16696
88303937,"Arm 5 Bucket",6.25,ZGMI,"2024-11-20 22:33:23",2024-11-20,176,11027,15678
31525980,"Arm 5 Bucket",6.539,ZGMI,"2024-11-20 20:42:50",2024-11-20,177,11505,19115
88587345,"Arm 5 Bucket",6.25,ZGMI,"2024-11-20 23:05:33",2024-11-20,178,7893,22052
442726950,"Arm 5 Bucket",6.539,ZGMI,"2024-11-20 21:00:59",2024-11-20,179,7195,NULL
88528837,"Arm 5 Bucket",6.25,ZGMI,"2024-11-20 22:16:53",2024-11-20,180,11547,18373
30761850,"Arm 5 Bucket",6.539,ZGMI,"2024-11-20 20:43:22",2024-11-20,181,11218,12235
88270580,"Arm 5 Bucket",6.25,ZGMI,"2024-11-20 22:29:46",2024-11-20,182,11444,16542
41200611,"Arm 5 Bucket",7.348,ZGMI,"2024-11-20 23:19:39",2024-11-20,183,7856,50167
112510869,"Arm 5 Bucket",6.539,ZGMI,"2024-11-20 21:07:47",2024-11-20,184,7763,36618
88380043,"Arm 5 Bucket",6.25,ZGMI,"2024-11-20 21:16:55",2024-11-20,185,10889,19251
41066965,"Arm 5 Bucket",7.348,ZGMI,"2024-11-20 23:16:19",2024-11-20,186,7222,47480
88728224,"Arm 5 Bucket",6.25,ZGMI,"2024-11-20 22:42:01",2024-11-20,187,7288,38514
88602530,"Arm 5 Bucket",6.25,ZGMI,"2024-11-20 21:51:29",2024-11-20,188,11428,18653
41081151,"Arm 5 Bucket",7.348,ZGMI,"2024-11-20 21:28:04",2024-11-20,189,7063,18667
88430431,"Arm 5 Bucket",6.25,ZGMI,"2024-11-20 22:42:53",2024-11-20,190,11687,16693
67646370,"Arm 5 Bucket",7.348,ZGMI,"2024-11-20 23:14:21",2024-11-20,191,7085,38597
41057949,"Arm 5 Bucket",7.348,ZGMI,"2024-11-20 23:17:22",2024-11-20,192,13751,11627
32188541,"Arm 5 Bucket",6.539,ZGMI,"2024-11-20 21:04:48",2024-11-20,193,7287,31165
442726475,"Arm 5 Bucket",7.348,ZGMI,"2024-11-20 21:24:22",2024-11-20,194,207,NULL
2056806452,"Arm 5 Bucket",6.539,ZGMI,"2024-11-20 20:23:13",2024-11-20,195,11440,NULL
41181827,"Arm 5 Bucket",7.348,ZGMI,"2024-11-20 23:04:47",2024-11-20,196,2836,11922
6146162,"Arm 5 Bucket",6.741,ZGMI,"2024-11-20 20:41:01",2024-11-20,197,7108,29219
41082878,"Arm 5 Bucket",7.348,ZGMI,"2024-11-20 23:14:10",2024-11-20,198,10916,11923
442720892,"Arm 5 Bucket",6.741,ZGMI,"2024-11-20 19:47:15",2024-11-20,199,37,NULL
41188328,"Arm 5 Bucket",7.348,ZGMI,"2024-11-20 21:12:24",2024-11-20,200,7824,50971
6239392,"Arm 5 Bucket",6.741,ZGMI,"2024-11-20 20:00:59",2024-11-20,201,11256,9884
41082911,"Arm 5 Bucket",7.348,ZGMI,"2024-11-20 22:39:45",2024-11-20,202,7971,11769
245780624,"Arm 5 Bucket",6.25,ZGMI,"2024-11-20 21:19:45",2024-11-20,203,11210,NULL
296614346,"Arm 5 Bucket",7.348,ZGMI,"2024-11-20 22:30:14",2024-11-20,204,15705,45241
51528454,"Arm 5 Bucket",6.741,ZGMI,"2024-11-20 20:38:00",2024-11-20,205,7425,5350
41155294,"Arm 5 Bucket",7.348,ZGMI,"2024-11-20 21:34:11",2024-11-20,206,10971,9722
442634530,"Arm 5 Bucket",6.741,ZGMI,"2024-11-20 20:40:08",2024-11-20,207,236,NULL
88526588,"Arm 5 Bucket",6.25,ZGMI,"2024-11-20 21:20:37",2024-11-20,208,7463,57565
41181240,"Arm 5 Bucket",7.348,ZGMI,"2024-11-20 23:03:55",2024-11-20,209,15087,11966
442736123,"Arm 5 Bucket",6.741,ZGMI,"2024-11-20 20:29:55",2024-11-20,210,769,NULL
442515561,"Arm 5 Bucket",6.741,ZGMI,"2024-11-20 19:39:04",2024-11-20,211,14119,NULL
67449298,"Arm 5 Bucket",6.25,ZGMI,"2024-11-20 23:18:19",2024-11-20,212,11286,9710
88722664,"Arm 5 Bucket",6.25,ZGMI,"2024-11-20 22:36:17",2024-11-20,213,11451,15503
88273002,"Arm 5 Bucket",6.25,ZGMI,"2024-11-20 22:18:24",2024-11-20,214,10856,18519
88694980,"Arm 5 Bucket",6.25,ZGMI,"2024-11-20 22:03:02",2024-11-20,215,11801,18614
88224409,"Arm 5 Bucket",6.25,ZGMI,"2024-11-20 22:37:09",2024-11-20,216,7084,37515
88242456,"Arm 5 Bucket",6.25,ZGMI,"2024-11-20 22:43:43",2024-11-20,217,3067,10170
88155503,"Arm 5 Bucket",6.25,ZGMI,"2024-11-20 21:59:55",2024-11-20,218,12635,15477
245780525,"Arm 5 Bucket",6.25,ZGMI,"2024-11-20 23:07:21",2024-11-20,219,11750,14760
88176329,"Arm 5 Bucket",6.25,ZGMI,"2024-11-20 22:08:51",2024-11-20,220,81,44994
88542915,"Arm 5 Bucket",6.25,ZGMI,"2024-11-20 23:01:38",2024-11-20,221,7600,43860
88680528,"Arm 5 Bucket",6.25,ZGMI,"2024-11-20 23:07:21",2024-11-20,222,11719,18985
108763695,"Arm 5 Bucket",7.348,ZGMI,"2024-11-20 22:50:34",2024-11-20,223,11591,11416
80446098,"Arm 5 Bucket",6.741,ZGMI,"2024-11-20 20:29:42",2024-11-20,224,17390,12631
41165469,"Arm 5 Bucket",7.348,ZGMI,"2024-11-20 23:13:42",2024-11-20,225,2825,11246
13400522,"Arm 5 Bucket",6.25,ZGMI,"2024-11-20 23:26:05",2024-11-20,226,7778,45159
2058485659,"Arm 5 Bucket",7.348,ZGMI,"2024-11-20 21:53:04",2024-11-20,227,7484,37730
88226962,"Arm 5 Bucket",6.25,ZGMI,"2024-11-20 22:28:16",2024-11-20,228,11426,18908
41188638,"Arm 5 Bucket",7.348,ZGMI,"2024-11-20 22:19:07",2024-11-20,229,7178,11096
88145408,"Arm 5 Bucket",6.25,ZGMI,"2024-11-20 22:42:45",2024-11-20,230,11022,4104
439643072,"Arm 5 Bucket",7.348,ZGMI,"2024-11-20 22:15:23",2024-11-20,231,17813,NULL
41187361,"Arm 5 Bucket",7.348,ZGMI,"2024-11-20 22:01:46",2024-11-20,232,7017,12160
63644247,"Arm 5 Bucket",7.348,ZGMI,"2024-11-20 23:18:43",2024-11-20,233,12055,11915
345363531,"Arm 5 Bucket",6.741,ZGMI,"2024-11-20 20:19:21",2024-11-20,234,4591,NULL
442721973,"Arm 5 Bucket",6.741,ZGMI,"2024-11-20 20:51:52",2024-11-20,235,67,NULL
338427217,"Arm 5 Bucket",6.741,ZGMI,"2024-11-20 20:52:27",2024-11-20,236,16954,22144
6257623,"Arm 5 Bucket",6.568,ZGMI,"2024-11-20 21:11:03",2024-11-20,237,13945,11022
6295749,"Arm 5 Bucket",6.568,ZGMI,"2024-11-20 21:27:11",2024-11-20,238,11900,13108
442248544,"Arm 5 Bucket",6.568,ZGMI,"2024-11-20 22:45:59",2024-11-20,239,2973,NULL
337444497,"Arm 5 Bucket",7.348,ZGMI,"2024-11-20 22:31:12",2024-11-20,240,7251,35861
41072408,"Arm 5 Bucket",7.348,ZGMI,"2024-11-20 22:58:52",2024-11-20,241,7213,10203
108786969,"Arm 5 Bucket",7.348,ZGMI,"2024-11-20 22:05:17",2024-11-20,242,10944,10348
41185282,"Arm 5 Bucket",7.348,ZGMI,"2024-11-20 23:10:34",2024-11-20,243,7151,4363
306330496,"Arm 5 Bucket",7.348,ZGMI,"2024-11-20 20:31:54",2024-11-20,244,7113,31778
402316347,"Arm 5 Bucket",7.348,ZGMI,"2024-11-20 23:04:27",2024-11-20,245,3073,NULL
51287476,"Arm 5 Bucket",7.175,ZGMI,"2024-11-20 22:29:29",2024-11-20,246,11189,9646
2060893392,"Arm 5 Bucket",7.348,ZGMI,"2024-11-20 23:10:45",2024-11-20,247,10879,46492
2062735910,"Arm 5 Bucket",6.568,ZGMI,"2024-11-20 22:46:12",2024-11-20,248,2934,NULL
34210414,"Arm 5 Bucket",7.175,ZGMI,"2024-11-20 22:07:00",2024-11-20,249,7851,28234
352058426,"Arm 5 Bucket",7.348,ZGMI,"2024-11-20 22:59:09",2024-11-20,250,3005,NULL
54499519,"Arm 5 Bucket",6.568,ZGMI,"2024-11-20 22:28:18",2024-11-20,251,6796,43068
34323883,"Arm 5 Bucket",7.175,ZGMI,"2024-11-20 21:19:12",2024-11-20,252,7908,39657
6192619,"Arm 5 Bucket",6.568,ZGMI,"2024-11-20 22:44:29",2024-11-20,253,526,8532
34204332,"Arm 5 Bucket",7.175,ZGMI,"2024-11-20 22:16:39",2024-11-20,254,7516,39732
6146579,"Arm 5 Bucket",6.568,ZGMI,"2024-11-20 19:42:18",2024-11-20,255,568,9207
34027238,"Arm 5 Bucket",7.175,ZGMI,"2024-11-20 21:30:58",2024-11-20,256,7654,50587
6327211,"Arm 5 Bucket",6.568,ZGMI,"2024-11-20 22:44:42",2024-11-20,257,10061,5426
108721800,"Arm 5 Bucket",7.348,ZGMI,"2024-11-20 22:48:02",2024-11-20,258,11167,11482
33832445,"Arm 5 Bucket",7.175,ZGMI,"2024-11-20 21:24:44",2024-11-20,259,7761,57612
338425159,"Arm 5 Bucket",6.568,ZGMI,"2024-11-20 22:36:56",2024-11-20,260,17050,20236
41137039,"Arm 5 Bucket",7.348,ZGMI,"2024-11-20 22:07:04",2024-11-20,261,7468,35544
33337429,"Arm 5 Bucket",7.175,ZGMI,"2024-11-20 22:26:10",2024-11-20,262,7573,22813
2063393047,"Arm 5 Bucket",6.568,ZGMI,"2024-11-20 22:14:07",2024-11-20,263,468,NULL
82322894,"Arm 5 Bucket",7.175,ZGMI,"2024-11-20 22:30:03",2024-11-20,264,7498,46052
442248497,"Arm 5 Bucket",6.568,ZGMI,"2024-11-20 22:45:57",2024-11-20,265,5545,NULL
33842749,"Arm 5 Bucket",7.175,ZGMI,"2024-11-20 22:32:24",2024-11-20,266,11601,11195
6184717,"Arm 5 Bucket",6.568,ZGMI,"2024-11-20 22:07:05",2024-11-20,267,12352,7024
34085876,"Arm 5 Bucket",7.175,ZGMI,"2024-11-20 22:11:32",2024-11-20,268,5541,11543
239884308,"Arm 5 Bucket",6.568,ZGMI,"2024-11-20 22:44:11",2024-11-20,269,469,9355
6297464,"Arm 5 Bucket",6.568,ZGMI,"2024-11-20 22:38:09",2024-11-20,270,12039,14925
43858769,"Arm 5 Bucket",6.877,ZGMI,"2024-11-20 19:36:57",2024-11-20,271,171,21913
6195960,"Arm 5 Bucket",6.568,ZGMI,"2024-11-20 22:37:02",2024-11-20,272,16855,12915
440334031,"Arm 5 Bucket",7.348,ZGMI,"2024-11-20 23:20:29",2024-11-20,273,3117,NULL
2067973594,"Arm 5 Bucket",6.877,ZGMI,"2024-11-20 20:40:19",2024-11-20,274,10834,45722
442246823,"Arm 5 Bucket",6.568,ZGMI,"2024-11-20 22:45:54",2024-11-20,275,2869,NULL
98358182,"Arm 5 Bucket",7.348,ZGMI,"2024-11-20 21:28:13",2024-11-20,276,11527,9515
2053941041,"Arm 5 Bucket",6.877,ZGMI,"2024-11-20 21:01:26",2024-11-20,277,240,NULL
6266533,"Arm 5 Bucket",6.568,ZGMI,"2024-11-20 22:40:31",2024-11-20,278,14376,10884
41204978,"Arm 5 Bucket",7.348,ZGMI,"2024-11-20 22:55:34",2024-11-20,279,11405,11603
338553543,"Arm 5 Bucket",7.348,ZGMI,"2024-11-20 23:20:10",2024-11-20,280,7252,44632
299909942,"Arm 5 Bucket",6.568,ZGMI,"2024-11-20 20:30:11",2024-11-20,281,483,9445
338428668,"Arm 5 Bucket",6.568,ZGMI,"2024-11-20 21:53:39",2024-11-20,282,17356,11910
2141080982,"Arm 5 Bucket",7.348,ZGMI,"2024-11-20 20:42:40",2024-11-20,283,7224,36715
47242177,"Arm 5 Bucket",6.877,ZGMI,"2024-11-20 20:19:02",2024-11-20,284,94,43458
6282185,"Arm 5 Bucket",6.568,ZGMI,"2024-11-20 21:02:49",2024-11-20,285,8908,7457
337674745,"Arm 5 Bucket",7.175,ZGMI,"2024-11-20 22:22:38",2024-11-20,286,3033,10032
43864977,"Arm 5 Bucket",6.877,ZGMI,"2024-11-20 19:40:28",2024-11-20,287,7684,35769
33350995,"Arm 5 Bucket",7.175,ZGMI,"2024-11-20 21:47:15",2024-11-20,288,7925,22319
442001065,"Arm 5 Bucket",6.877,ZGMI,"2024-11-20 20:14:19",2024-11-20,289,42,NULL
2075518302,"Arm 5 Bucket",6.568,ZGMI,"2024-11-20 22:23:00",2024-11-20,290,17143,NULL
247650073,"Arm 5 Bucket",6.877,ZGMI,"2024-11-20 19:37:18",2024-11-20,291,7068,10340
6303827,"Arm 5 Bucket",6.568,ZGMI,"2024-11-20 21:26:03",2024-11-20,292,17024,11884
33850414,"Arm 5 Bucket",7.175,ZGMI,"2024-11-20 22:23:11",2024-11-20,293,7764,14903
246279066,"Arm 5 Bucket",6.877,ZGMI,"2024-11-20 21:02:38",2024-11-20,294,11421,10034
33930707,"Arm 5 Bucket",7.175,ZGMI,"2024-11-20 22:42:45",2024-11-20,295,11738,11857
60047658,"Arm 5 Bucket",7.579,ZGMI,"2024-11-20 23:39:51",2024-11-20,296,7931,14119
34238605,"Arm 5 Bucket",7.175,ZGMI,"2024-11-20 22:34:14",2024-11-20,297,10827,9432
55258964,"Arm 5 Bucket",7.579,ZGMI,"2024-11-20 22:45:56",2024-11-20,298,12235,11077
7534677,"Arm 5 Bucket",7.579,ZGMI,"2024-11-20 22:56:18",2024-11-20,299,11375,11375
347111063,"Arm 5 Bucket",6.568,ZGMI,"2024-11-20 22:30:41",2024-11-20,300,4741,NULL
67789286,"Arm 5 Bucket",7.579,ZGMI,"2024-11-20 23:01:57",2024-11-20,301,7570,50630
8133324,"Arm 5 Bucket",7.579,ZGMI,"2024-11-20 23:39:21",2024-11-20,302,7862,45346
442736457,"Arm 5 Bucket",7.579,ZGMI,"2024-11-20 23:41:27",2024-11-20,303,11506,NULL
7742322,"Arm 5 Bucket",7.579,ZGMI,"2024-11-20 22:35:16",2024-11-20,304,7830,29187
442736456,"Arm 5 Bucket",7.579,ZGMI,"2024-11-20 23:41:35",2024-11-20,305,11941,NULL
82231248,"Arm 5 Bucket",7.579,ZGMI,"2024-11-20 22:23:08",2024-11-20,306,11932,11637
7933259,"Arm 5 Bucket",7.579,ZGMI,"2024-11-20 23:09:59",2024-11-20,307,11817,9805
34249690,"Arm 5 Bucket",7.175,ZGMI,"2024-11-20 22:28:58",2024-11-20,308,7414,48401
60047859,"Arm 5 Bucket",7.579,ZGMI,"2024-11-20 23:12:56",2024-11-20,309,11435,10879
34111331,"Arm 5 Bucket",7.175,ZGMI,"2024-11-20 22:38:56",2024-11-20,310,3103,9682
442720758,"Arm 5 Bucket",7.579,ZGMI,"2024-11-20 21:09:39",2024-11-20,311,46,NULL
442725266,"Arm 5 Bucket",7.175,ZGMI,"2024-11-20 22:30:28",2024-11-20,312,128,NULL
7755533,"Arm 5 Bucket",7.579,ZGMI,"2024-11-20 22:57:12",2024-11-20,313,12354,7015
33946494,"Arm 5 Bucket",7.175,ZGMI,"2024-11-20 22:44:54",2024-11-20,314,11732,11411
7954112,"Arm 5 Bucket",7.579,ZGMI,"2024-11-20 23:40:53",2024-11-20,315,7152,43257
6260499,"Arm 5 Bucket",6.568,ZGMI,"2024-11-20 21:52:39",2024-11-20,316,8238,9089
34096565,"Arm 5 Bucket",7.175,ZGMI,"2024-11-20 21:47:17",2024-11-20,317,7311,41011
7777240,"Arm 5 Bucket",7.579,ZGMI,"2024-11-20 23:26:21",2024-11-20,318,7058,48060
442247717,"Arm 5 Bucket",6.568,ZGMI,"2024-11-20 20:44:59",2024-11-20,319,2871,NULL
58392484,"Arm 5 Bucket",7.175,ZGMI,"2024-11-20 22:44:37",2024-11-20,320,11827,10902
7993981,"Arm 5 Bucket",7.579,ZGMI,"2024-11-20 21:37:37",2024-11-20,321,11329,11168
442539635,"Arm 5 Bucket",6.568,ZGMI,"2024-11-20 22:34:48",2024-11-20,322,2849,NULL
33331103,"Arm 5 Bucket",7.175,ZGMI,"2024-11-20 21:36:52",2024-11-20,323,12034,10889
7546784,"Arm 5 Bucket",7.579,ZGMI,"2024-11-20 21:28:04",2024-11-20,324,7653,38414
6328399,"Arm 5 Bucket",6.568,ZGMI,"2024-11-20 22:16:05",2024-11-20,325,12639,9660
34244305,"Arm 5 Bucket",7.175,ZGMI,"2024-11-20 22:21:03",2024-11-20,326,11748,9436
7999299,"Arm 5 Bucket",7.579,ZGMI,"2024-11-20 23:26:29",2024-11-20,327,11974,10837
80470994,"Arm 5 Bucket",6.568,ZGMI,"2024-11-20 22:17:05",2024-11-20,328,11427,11063
102350423,"Arm 5 Bucket",7.175,ZGMI,"2024-11-20 22:35:40",2024-11-20,329,10855,11882
7475399,"Arm 5 Bucket",7.579,ZGMI,"2024-11-20 22:41:51",2024-11-20,330,7315,44416
6251313,"Arm 5 Bucket",6.568,ZGMI,"2024-11-20 22:36:46",2024-11-20,331,807,9817
33854468,"Arm 5 Bucket",7.175,ZGMI,"2024-11-20 22:34:22",2024-11-20,332,6834,4982
62727780,"Arm 5 Bucket",7.579,ZGMI,"2024-11-20 22:49:53",2024-11-20,333,7133,26022
69391729,"Arm 5 Bucket",6.693,ZGMI,"2024-11-20 17:12:30",2024-11-20,334,11545,11526
34239130,"Arm 5 Bucket",7.175,ZGMI,"2024-11-20 22:31:46",2024-11-20,335,7636,37598
7997156,"Arm 5 Bucket",7.579,ZGMI,"2024-11-20 23:37:44",2024-11-20,336,11537,11641
63781138,"Arm 5 Bucket",6.395,ZGMI,"2024-11-20 21:57:04",2024-11-20,337,11902,8769
33915664,"Arm 5 Bucket",7.175,ZGMI,"2024-11-20 22:24:53",2024-11-20,338,3056,8254
95082989,"Arm 5 Bucket",7.579,ZGMI,"2024-11-20 22:49:28",2024-11-20,339,7502,54155
10910483,"Arm 5 Bucket",6.395,ZGMI,"2024-11-20 21:25:55",2024-11-20,340,7215,9063
33446461,"Arm 5 Bucket",7.175,ZGMI,"2024-11-20 22:22:42",2024-11-20,341,7777,18105
10896328,"Arm 5 Bucket",6.395,ZGMI,"2024-11-20 22:39:40",2024-11-20,342,11169,10989
34114739,"Arm 5 Bucket",7.175,ZGMI,"2024-11-20 21:57:08",2024-11-20,343,7589,40790
69568294,"Arm 5 Bucket",6.722,ZGMI,"2024-11-20 19:19:22",2024-11-20,344,13477,11069
8148328,"Arm 5 Bucket",7.579,ZGMI,"2024-11-20 22:53:34",2024-11-20,345,7156,26840
44480078,"Arm 5 Bucket",7.203,ZGMI,"2024-11-20 22:50:27",2024-11-20,346,11929,10830
8161087,"Arm 5 Bucket",7.579,ZGMI,"2024-11-20 22:54:53",2024-11-20,347,12024,11379
317106501,"Arm 5 Bucket",7.203,ZGMI,"2024-11-20 22:50:55",2024-11-20,348,7284,19788
7493260,"Arm 5 Bucket",7.579,ZGMI,"2024-11-20 22:19:44",2024-11-20,349,7099,35266
82037458,"Arm 5 Bucket",7.203,ZGMI,"2024-11-20 22:49:59",2024-11-20,350,12221,9737
442637000,"Arm 5 Bucket",7.579,ZGMI,"2024-11-20 23:30:22",2024-11-20,351,111,NULL
442654854,"Arm 5 Bucket",7.203,ZGMI,"2024-11-20 22:56:59",2024-11-20,352,2883,NULL
88062930,"Arm 5 Bucket",7.579,ZGMI,"2024-11-20 23:26:13",2024-11-20,353,7629,46908
44567840,"Arm 5 Bucket",7.203,ZGMI,"2024-11-20 22:53:28",2024-11-20,354,12015,11802
82059468,"Arm 5 Bucket",7.203,ZGMI,"2024-11-20 22:51:15",2024-11-20,355,7874,45355
44486650,"Arm 5 Bucket",7.203,ZGMI,"2024-11-20 22:59:44",2024-11-20,356,7656,57158
82982173,"Arm 5 Bucket",7.203,ZGMI,"2024-11-20 23:00:13",2024-11-20,357,7335,10722
442499507,"Arm 5 Bucket",7.233,ZGMI,"2024-11-20 22:31:18",2024-11-20,358,3017,NULL
44508572,"Arm 5 Bucket",7.203,ZGMI,"2024-11-20 22:55:56",2024-11-20,359,7333,37747
169397327,"Arm 5 Bucket",7.233,ZGMI,"2024-11-20 22:08:53",2024-11-20,360,11783,10754
442741250,"Arm 5 Bucket",7.203,ZGMI,"2024-11-20 22:52:07",2024-11-20,361,2956,NULL
118216503,"Arm 5 Bucket",7.233,ZGMI,"2024-11-20 22:26:28",2024-11-20,362,11310,11305
442707980,"Arm 5 Bucket",7.233,ZGMI,"2024-11-20 21:38:55",2024-11-20,363,172,NULL
243979323,"Arm 5 Bucket",7.233,ZGMI,"2024-11-20 21:56:27",2024-11-20,364,7619,17795
442736090,"Arm 5 Bucket",7.233,ZGMI,"2024-11-20 22:38:35",2024-11-20,365,2930,NULL
125889093,"Arm 5 Bucket",7.233,ZGMI,"2024-11-20 21:51:27",2024-11-20,366,7134,19863
28167455,"Arm 5 Bucket",7.233,ZGMI,"2024-11-20 21:43:28",2024-11-20,367,7136,NULL
26875957,"Arm 5 Bucket",7.233,ZGMI,"2024-11-20 22:31:38",2024-11-20,368,7699,17016
79981339,"Arm 5 Bucket",7.233,ZGMI,"2024-11-20 22:03:09",2024-11-20,369,11578,10500
2081600116,"Arm 5 Bucket",7.233,ZGMI,"2024-11-20 22:39:40",2024-11-20,370,11724,NULL
27805265,"Arm 5 Bucket",7.233,ZGMI,"2024-11-20 21:53:46",2024-11-20,371,11723,12760
80527142,"Arm 5 Bucket",7.233,ZGMI,"2024-11-20 21:38:56",2024-11-20,372,7431,13711
2062413178,"Arm 5 Bucket",7.233,ZGMI,"2024-11-20 21:26:46",2024-11-20,373,8102,30599
2065580339,"Arm 5 Bucket",7.233,ZGMI,"2024-11-20 21:12:54",2024-11-20,374,11404,16792
247680463,"Arm 5 Bucket",7.203,ZGMI,"2024-11-20 22:51:09",2024-11-20,375,6862,46170
28414416,"Arm 5 Bucket",7.233,ZGMI,"2024-11-20 22:15:28",2024-11-20,376,10972,13360
442740299,"Arm 5 Bucket",7.203,ZGMI,"2024-11-20 22:57:41",2024-11-20,377,2783,NULL
26747876,"Arm 5 Bucket",7.233,ZGMI,"2024-11-20 22:14:40",2024-11-20,378,7595,50260
333079624,"Arm 5 Bucket",7.203,ZGMI,"2024-11-20 22:57:18",2024-11-20,379,7884,20296
26817438,"Arm 5 Bucket",7.233,ZGMI,"2024-11-20 21:14:44",2024-11-20,380,11445,NULL
109769066,"Arm 5 Bucket",7.203,ZGMI,"2024-11-20 22:48:48",2024-11-20,381,11910,9851
442595948,"Arm 5 Bucket",7.233,ZGMI,"2024-11-20 21:29:27",2024-11-20,382,183,NULL
366575698,"Arm 5 Bucket",7.203,ZGMI,"2024-11-20 22:52:07",2024-11-20,383,262,22245
28470114,"Arm 5 Bucket",7.233,ZGMI,"2024-11-20 22:22:04",2024-11-20,384,7612,25688
2054240626,"Arm 5 Bucket",7.203,ZGMI,"2024-11-20 22:56:14",2024-11-20,385,7350,NULL
440530437,"Arm 5 Bucket",7.233,ZGMI,"2024-11-20 22:42:13",2024-11-20,386,88,NULL
46178632,"Arm 5 Bucket",7.203,ZGMI,"2024-11-20 22:55:43",2024-11-20,387,7646,20398
441760074,"Arm 5 Bucket",7.233,ZGMI,"2024-11-20 21:18:12",2024-11-20,388,2900,NULL
71094325,"Arm 5 Bucket",7.203,ZGMI,"2024-11-20 22:56:09",2024-11-20,389,7841,17119
440018509,"Arm 5 Bucket",7.233,ZGMI,"2024-11-20 21:31:13",2024-11-20,390,107,NULL
68589691,"Arm 5 Bucket",7.203,ZGMI,"2024-11-20 22:50:06",2024-11-20,391,11737,11309
28180679,"Arm 5 Bucket",7.233,ZGMI,"2024-11-20 22:16:43",2024-11-20,392,10873,14900
442745816,"Arm 5 Bucket",7.203,ZGMI,"2024-11-20 22:49:58",2024-11-20,393,2864,NULL
442741394,"Arm 5 Bucket",7.203,ZGMI,"2024-11-20 23:01:14",2024-11-20,394,2857,NULL
28448488,"Arm 5 Bucket",7.233,ZGMI,"2024-11-20 22:37:05",2024-11-20,395,7833,50828
7470051,"Arm 5 Bucket",7.579,ZGMI,"2024-11-20 22:22:49",2024-11-20,396,7428,50221
442741109,"Arm 5 Bucket",7.203,ZGMI,"2024-11-20 22:57:05",2024-11-20,397,3104,NULL
68960655,"Arm 5 Bucket",7.579,ZGMI,"2024-11-20 22:16:13",2024-11-20,398,10970,9777
154626375,"Arm 5 Bucket",7.203,ZGMI,"2024-11-20 22:53:27",2024-11-20,399,12031,10975
88788228,"Arm 5 Bucket",7.579,ZGMI,"2024-11-20 23:21:37",2024-11-20,400,7555,5023
43807513,"Arm 5 Bucket",7.203,ZGMI,"2024-11-20 22:51:32",2024-11-20,401,7408,10293
68959374,"Arm 5 Bucket",7.579,ZGMI,"2024-11-20 23:20:47",2024-11-20,402,11709,11530
80547341,"Arm 5 Bucket",7.233,ZGMI,"2024-11-20 22:21:29",2024-11-20,403,11592,6988
43824797,"Arm 5 Bucket",7.203,ZGMI,"2024-11-20 22:52:04",2024-11-20,404,6793,37944
67782309,"Arm 5 Bucket",7.579,ZGMI,"2024-11-20 23:11:59",2024-11-20,405,8098,38915
442725278,"Arm 5 Bucket",7.233,ZGMI,"2024-11-20 21:34:29",2024-11-20,406,204,NULL
44513236,"Arm 5 Bucket",7.203,ZGMI,"2024-11-20 22:56:51",2024-11-20,407,11819,9716
442739110,"Arm 5 Bucket",7.579,ZGMI,"2024-11-20 23:42:20",2024-11-20,408,6860,NULL
60670525,"Arm 5 Bucket",7.233,ZGMI,"2024-11-20 22:26:17",2024-11-20,409,7658,18187
402160984,"Arm 5 Bucket",7.203,ZGMI,"2024-11-20 22:56:50",2024-11-20,410,2959,NULL
442721792,"Arm 5 Bucket",7.579,ZGMI,"2024-11-20 21:28:34",2024-11-20,411,7906,NULL
440923862,"Arm 5 Bucket",7.203,ZGMI,"2024-11-20 22:56:54",2024-11-20,412,3087,NULL
10881148,"Arm 5 Bucket",6.732,ZGMI,"2024-11-20 21:49:00",2024-11-20,413,11274,11356
71597734,"Arm 5 Bucket",7.579,ZGMI,"2024-11-20 23:32:34",2024-11-20,414,11580,11867
441730900,"Arm 5 Bucket",7.579,ZGMI,"2024-11-20 21:15:41",2024-11-20,415,5564,NULL
442716195,"Arm 5 Bucket",6.732,ZGMI,"2024-11-20 22:11:25",2024-11-20,416,90,NULL
68533809,"Arm 5 Bucket",7.579,ZGMI,"2024-11-20 22:28:58",2024-11-20,417,11561,11892
10907869,"Arm 5 Bucket",6.732,ZGMI,"2024-11-20 22:32:25",2024-11-20,418,10780,10845
352635090,"Arm 5 Bucket",7.579,ZGMI,"2024-11-20 22:30:15",2024-11-20,419,7902,46926
28299332,"Arm 5 Bucket",7.233,ZGMI,"2024-11-20 21:45:20",2024-11-20,420,7090,19499
10876889,"Arm 5 Bucket",6.732,ZGMI,"2024-11-20 22:40:16",2024-11-20,421,7795,48278
7550792,"Arm 5 Bucket",7.579,ZGMI,"2024-11-20 23:21:27",2024-11-20,422,11758,11161
27936023,"Arm 5 Bucket",7.233,ZGMI,"2024-11-20 22:16:46",2024-11-20,423,7339,9976
60758917,"Arm 5 Bucket",6.732,ZGMI,"2024-11-20 21:46:52",2024-11-20,424,11600,10890
8160551,"Arm 5 Bucket",7.579,ZGMI,"2024-11-20 23:14:46",2024-11-20,425,10984,9704
60645044,"Arm 5 Bucket",7.233,ZGMI,"2024-11-20 22:13:31",2024-11-20,426,7601,40972
60677471,"Arm 5 Bucket",6.732,ZGMI,"2024-11-20 22:33:24",2024-11-20,427,11323,11401
7791658,"Arm 5 Bucket",7.579,ZGMI,"2024-11-20 23:20:17",2024-11-20,428,11307,11421
52416700,"Arm 5 Bucket",7.233,ZGMI,"2024-11-20 22:25:13",2024-11-20,429,11812,12383
29331256,"Arm 5 Bucket",6.733,ZGMI,"2024-11-20 23:04:22",2024-11-20,430,11313,13963
124720204,"Arm 5 Bucket",6.733,ZGMI,"2024-11-20 22:27:22",2024-11-20,431,7240,21036
97663414,"Arm 5 Bucket",6.733,ZGMI,"2024-11-20 22:38:24",2024-11-20,432,7625,41323
339376219,"Arm 5 Bucket",6.733,ZGMI,"2024-11-20 22:27:07",2024-11-20,433,7723,23823
442722208,"Arm 5 Bucket",7.233,ZGMI,"2024-11-20 21:21:01",2024-11-20,434,114,NULL
337099901,"Arm 5 Bucket",6.733,ZGMI,"2024-11-20 23:14:51",2024-11-20,435,12011,28507
305255123,"Arm 5 Bucket",6.733,ZGMI,"2024-11-20 23:01:36",2024-11-20,436,12067,18368
27759274,"Arm 5 Bucket",6.733,ZGMI,"2024-11-20 22:12:20",2024-11-20,437,2893,13026
26790665,"Arm 5 Bucket",6.733,ZGMI,"2024-11-20 21:54:35",2024-11-20,438,7831,6107
80527112,"Arm 5 Bucket",6.733,ZGMI,"2024-11-20 22:55:08",2024-11-20,439,7296,5948
27801434,"Arm 5 Bucket",6.733,ZGMI,"2024-11-20 22:14:05",2024-11-20,440,11434,13317
60708950,"Arm 5 Bucket",7.233,ZGMI,"2024-11-20 22:23:07",2024-11-20,441,11986,11250
118395283,"Arm 5 Bucket",7.233,ZGMI,"2024-11-20 21:16:17",2024-11-20,442,12241,12091
123236272,"Arm 5 Bucket",7.233,ZGMI,"2024-11-20 22:33:23",2024-11-20,443,7526,40105
442740970,"Arm 5 Bucket",6.732,ZGMI,"2024-11-20 21:53:56",2024-11-20,444,12355,NULL
442704637,"Arm 5 Bucket",7.233,ZGMI,"2024-11-20 21:28:53",2024-11-20,445,7947,NULL
10868568,"Arm 5 Bucket",6.732,ZGMI,"2024-11-20 22:39:53",2024-11-20,446,7379,23388
26377237,"Arm 5 Bucket",7.233,ZGMI,"2024-11-20 22:39:33",2024-11-20,447,12228,NULL
243440358,"Arm 5 Bucket",6.732,ZGMI,"2024-11-20 21:25:44",2024-11-20,448,7575,50683
28050858,"Arm 5 Bucket",7.233,ZGMI,"2024-11-20 21:26:14",2024-11-20,449,7639,39493
122143441,"Arm 5 Bucket",6.732,ZGMI,"2024-11-20 21:37:47",2024-11-20,450,7190,46713
26785094,"Arm 5 Bucket",7.233,ZGMI,"2024-11-20 22:22:24",2024-11-20,451,11911,11839
26756093,"Arm 5 Bucket",6.733,ZGMI,"2024-11-20 23:02:08",2024-11-20,452,7988,57634
26322562,"Arm 5 Bucket",7.233,ZGMI,"2024-11-20 22:07:28",2024-11-20,453,8034,33482
442683067,"Arm 5 Bucket",6.733,ZGMI,"2024-11-20 21:13:40",2024-11-20,454,3072,NULL
122567761,"Arm 5 Bucket",6.733,ZGMI,"2024-11-20 23:26:09",2024-11-20,455,11301,17940
29337211,"Arm 5 Bucket",6.733,ZGMI,"2024-11-20 22:07:50",2024-11-20,456,11675,12372
28104380,"Arm 5 Bucket",6.733,ZGMI,"2024-11-20 22:45:34",2024-11-20,457,8021,42673
28195946,"Arm 5 Bucket",6.733,ZGMI,"2024-11-20 22:09:49",2024-11-20,458,7375,27415
27784520,"Arm 5 Bucket",6.733,ZGMI,"2024-11-20 23:15:07",2024-11-20,459,112,20473
28453382,"Arm 5 Bucket",6.733,ZGMI,"2024-11-20 23:26:05",2024-11-20,460,7325,5323
431922409,"Arm 5 Bucket",7.233,ZGMI,"2024-11-20 21:11:02",2024-11-20,461,5,NULL
442628129,"Arm 5 Bucket",6.733,ZGMI,"2024-11-20 21:14:36",2024-11-20,462,3025,NULL
58247439,"Arm 5 Bucket",7.233,ZGMI,"2024-11-20 21:12:29",2024-11-20,463,8081,8015
27872647,"Arm 5 Bucket",6.733,ZGMI,"2024-11-20 21:34:59",2024-11-20,464,11459,19350
17012018,"Arm 5 Bucket",6.945,ZGMI,"2024-11-20 23:10:06",2024-11-20,465,7293,16719
60650119,"Arm 5 Bucket",7.233,ZGMI,"2024-11-20 22:23:19",2024-11-20,466,7369,34786
27945456,"Arm 5 Bucket",6.733,ZGMI,"2024-11-20 21:42:28",2024-11-20,467,7185,54348
16983967,"Arm 5 Bucket",6.945,ZGMI,"2024-11-20 23:07:49",2024-11-20,468,11589,11075
431180814,"Arm 5 Bucket",7.233,ZGMI,"2024-11-20 21:27:19",2024-11-20,469,178,NULL
26806235,"Arm 5 Bucket",6.733,ZGMI,"2024-11-20 23:24:10",2024-11-20,470,10901,11933
80019439,"Arm 5 Bucket",7.233,ZGMI,"2024-11-20 22:40:53",2024-11-20,471,7711,54316
16961639,"Arm 5 Bucket",6.945,ZGMI,"2024-11-20 23:30:44",2024-11-20,472,8030,26575
27914761,"Arm 5 Bucket",6.733,ZGMI,"2024-11-20 23:22:31",2024-11-20,473,7497,6150
442496436,"Arm 5 Bucket",7.233,ZGMI,"2024-11-20 21:28:41",2024-11-20,474,164,NULL
21301472,"Arm 5 Bucket",6.945,ZGMI,"2024-11-20 23:07:08",2024-11-20,475,11300,11960
26692836,"Arm 5 Bucket",6.733,ZGMI,"2024-11-20 22:34:21",2024-11-20,476,10943,9759
442703765,"Arm 5 Bucket",7.233,ZGMI,"2024-11-20 21:28:49",2024-11-20,477,97,NULL
20435576,"Arm 5 Bucket",6.945,ZGMI,"2024-11-20 23:19:24",2024-11-20,478,11513,11155
26759540,"Arm 5 Bucket",6.733,ZGMI,"2024-11-20 22:47:16",2024-11-20,479,7628,29367
80100287,"Arm 5 Bucket",7.233,ZGMI,"2024-11-20 21:56:18",2024-11-20,480,7307,43011
20101667,"Arm 5 Bucket",6.945,ZGMI,"2024-11-20 23:28:11",2024-11-20,481,6883,12981
96491066,"Arm 5 Bucket",6.733,ZGMI,"2024-11-20 23:06:27",2024-11-20,482,7860,17686
55484438,"Arm 5 Bucket",7.233,ZGMI,"2024-11-20 22:42:47",2024-11-20,483,7438,9878
20041113,"Arm 5 Bucket",6.945,ZGMI,"2024-11-20 23:14:21",2024-11-20,484,7066,37543
80537244,"Arm 5 Bucket",6.733,ZGMI,"2024-11-20 23:25:13",2024-11-20,485,7120,37848
26812237,"Arm 5 Bucket",7.233,ZGMI,"2024-11-20 22:30:09",2024-11-20,486,11619,11231
442741445,"Arm 5 Bucket",6.945,ZGMI,"2024-11-20 23:03:06",2024-11-20,487,2809,NULL
442628142,"Arm 5 Bucket",6.733,ZGMI,"2024-11-20 23:39:10",2024-11-20,488,3053,NULL
442596128,"Arm 5 Bucket",7.233,ZGMI,"2024-11-20 21:31:23",2024-11-20,489,248,NULL
28076385,"Arm 5 Bucket",6.733,ZGMI,"2024-11-20 22:15:51",2024-11-20,490,7802,25531
442723690,"Arm 5 Bucket",6.945,ZGMI,"2024-11-20 23:39:28",2024-11-20,491,252,NULL
60706596,"Arm 5 Bucket",7.233,ZGMI,"2024-11-20 21:25:40",2024-11-20,492,7434,13117
28026829,"Arm 5 Bucket",6.733,ZGMI,"2024-11-20 23:11:46",2024-11-20,493,7553,45875
19929343,"Arm 5 Bucket",6.945,ZGMI,"2024-11-20 22:59:10",2024-11-20,494,17556,11876
26862101,"Arm 5 Bucket",7.233,ZGMI,"2024-11-20 22:30:03",2024-11-20,495,7782,9788
26757975,"Arm 5 Bucket",6.733,ZGMI,"2024-11-20 23:18:10",2024-11-20,496,11653,11279
20930189,"Arm 5 Bucket",6.945,ZGMI,"2024-11-20 23:21:25",2024-11-20,497,7389,35328
60665879,"Arm 5 Bucket",7.233,ZGMI,"2024-11-20 21:42:26",2024-11-20,498,11103,9982
26698806,"Arm 5 Bucket",6.733,ZGMI,"2024-11-20 22:36:29",2024-11-20,499,7685,17211
19970240,"Arm 5 Bucket",6.945,ZGMI,"2024-11-20 23:49:01",2024-11-20,500,7622,43290
28036383,"Arm 5 Bucket",6.733,ZGMI,"2024-11-20 22:37:28",2024-11-20,501,12289,11742
16983142,"Arm 5 Bucket",6.945,ZGMI,"2024-11-20 23:28:22",2024-11-20,502,7626,26206
27981231,"Arm 5 Bucket",7.233,ZGMI,"2024-11-20 21:38:58",2024-11-20,503,230,40040
65105809,"Arm 5 Bucket",6.733,ZGMI,"2024-11-20 22:37:54",2024-11-20,504,11586,12783
16985908,"Arm 5 Bucket",6.945,ZGMI,"2024-11-20 23:44:51",2024-11-20,505,11299,9730
118215885,"Arm 5 Bucket",7.233,ZGMI,"2024-11-20 22:33:07",2024-11-20,506,8060,45917
20769480,"Arm 5 Bucket",6.945,ZGMI,"2024-11-20 23:26:46",2024-11-20,507,10917,11473
20098576,"Arm 5 Bucket",6.945,ZGMI,"2024-11-20 23:46:41",2024-11-20,508,7983,8337
21304208,"Arm 5 Bucket",6.945,ZGMI,"2024-11-20 23:49:09",2024-11-20,509,7560,35558
20617718,"Arm 5 Bucket",6.945,ZGMI,"2024-11-20 23:49:36",2024-11-20,510,8079,56457
351154260,"Arm 5 Bucket",6.945,ZGMI,"2024-11-20 22:49:38",2024-11-20,511,41,NULL
28266335,"Arm 5 Bucket",7.233,ZGMI,"2024-11-20 22:36:35",2024-11-20,512,11192,14516
20617401,"Arm 5 Bucket",6.945,ZGMI,"2024-11-20 22:59:02",2024-11-20,513,12240,10011
28513420,"Arm 5 Bucket",7.233,ZGMI,"2024-11-20 22:32:46",2024-11-20,514,11940,13204
28534677,"Arm 5 Bucket",7.233,ZGMI,"2024-11-20 21:42:04",2024-11-20,515,7966,36539
20623788,"Arm 5 Bucket",6.945,ZGMI,"2024-11-20 23:34:58",2024-11-20,516,11852,11480
122235234,"Arm 5 Bucket",6.945,ZGMI,"2024-11-20 23:23:20",2024-11-20,517,11005,11206
61361672,"Arm 5 Bucket",6.945,ZGMI,"2024-11-20 23:49:07",2024-11-20,518,7683,5749
17162589,"Arm 5 Bucket",6.945,ZGMI,"2024-11-20 23:25:28",2024-11-20,519,7549,24367
20439950,"Arm 5 Bucket",6.945,ZGMI,"2024-11-20 23:10:05",2024-11-20,520,11226,10953
20147776,"Arm 5 Bucket",6.945,ZGMI,"2024-11-20 23:10:35",2024-11-20,521,11362,11307
20023795,"Arm 5 Bucket",6.945,ZGMI,"2024-11-20 23:34:04",2024-11-20,522,11374,9663
20688668,"Arm 5 Bucket",6.945,ZGMI,"2024-11-20 23:19:54",2024-11-20,523,11411,10645
17197958,"Arm 5 Bucket",6.945,ZGMI,"2024-11-20 23:33:41",2024-11-20,524,7457,34673
17083888,"Arm 5 Bucket",6.945,ZGMI,"2024-11-20 23:09:07",2024-11-20,525,7364,54374
17190089,"Arm 5 Bucket",6.945,ZGMI,"2024-11-20 23:43:46",2024-11-20,526,3052,10798
48181028,"Arm 5 Bucket",6.945,ZGMI,"2024-11-20 23:29:09",2024-11-20,527,10959,11544
17171672,"Arm 5 Bucket",6.945,ZGMI,"2024-11-20 23:31:18",2024-11-20,528,8084,47918
20744466,"Arm 5 Bucket",6.945,ZGMI,"2024-11-20 23:31:07",2024-11-20,529,12090,8839
19975250,"Arm 5 Bucket",6.945,ZGMI,"2024-11-20 22:52:51",2024-11-20,530,12642,11041
439177350,"Arm 5 Bucket",6.945,ZGMI,"2024-11-20 23:34:33",2024-11-20,531,7351,NULL
19937352,"Arm 5 Bucket",6.945,ZGMI,"2024-11-20 23:21:19",2024-11-20,532,7920,20274
82876250,"Arm 5 Bucket",6.945,ZGMI,"2024-11-20 23:02:00",2024-11-20,533,12254,11539
63090615,"Arm 5 Bucket",6.945,ZGMI,"2024-11-20 23:35:31",2024-11-20,534,12290,10957
20617763,"Arm 5 Bucket",6.945,ZGMI,"2024-11-20 23:48:02",2024-11-20,535,7137,12652
17066289,"Arm 5 Bucket",6.945,ZGMI,"2024-11-20 23:22:50",2024-11-20,536,11656,11468
20026865,"Arm 5 Bucket",6.945,ZGMI,"2024-11-20 23:32:39",2024-11-20,537,7277,54474
20987911,"Arm 5 Bucket",6.945,ZGMI,"2024-11-20 23:06:11",2024-11-20,538,11496,5557
442720818,"Arm 5 Bucket",6.945,ZGMI,"2024-11-20 23:27:45",2024-11-20,539,119,NULL
111933779,"Arm 5 Bucket",6.945,ZGMI,"2024-11-20 23:38:30",2024-11-20,540,10911,9867
442729736,"Arm 5 Bucket",6.945,ZGMI,"2024-11-20 23:27:27",2024-11-20,541,2876,NULL
333210137,"Arm 5 Bucket",6.945,ZGMI,"2024-11-20 22:59:29",2024-11-20,542,10893,10040
16818428,"Arm 5 Bucket",6.945,ZGMI,"2024-11-20 23:33:44",2024-11-20,543,11093,9661
15064217,"Arm 5 Bucket",6.945,ZGMI,"2024-11-20 23:32:35",2024-11-20,544,11903,11852
61240300,"Arm 5 Bucket",6.945,ZGMI,"2024-11-20 23:01:20",2024-11-20,545,11729,12036
15189978,"Arm 5 Bucket",6.945,ZGMI,"2024-11-20 23:46:48",2024-11-20,546,11216,11568
250343861,"Arm 5 Bucket",6.945,ZGMI,"2024-11-20 22:52:50",2024-11-20,547,11385,10857
333211976,"Arm 5 Bucket",6.945,ZGMI,"2024-11-20 23:42:24",2024-11-20,548,10942,11355
17101244,"Arm 5 Bucket",6.945,ZGMI,"2024-11-20 23:24:08",2024-11-20,549,7417,42691
89145315,"Arm 5 Bucket",6.945,ZGMI,"2024-11-20 23:36:17",2024-11-20,550,10927,11384
19984685,"Arm 5 Bucket",6.945,ZGMI,"2024-11-20 22:56:50",2024-11-20,551,11818,11975
17119374,"Arm 5 Bucket",6.945,ZGMI,"2024-11-20 23:25:58",2024-11-20,552,13908,35388
20465856,"Arm 5 Bucket",6.945,ZGMI,"2024-11-20 23:28:03",2024-11-20,553,11258,11205
17166357,"Arm 5 Bucket",6.945,ZGMI,"2024-11-20 23:27:49",2024-11-20,554,7207,9800
16917219,"Arm 5 Bucket",6.945,ZGMI,"2024-11-20 23:03:12",2024-11-20,555,7624,50070
51081775,"Arm 5 Bucket",6.945,ZGMI,"2024-11-20 22:51:25",2024-11-20,556,12103,11574
16737942,"Arm 5 Bucket",6.945,ZGMI,"2024-11-20 23:36:00",2024-11-20,557,11743,10961
17199210,"Arm 5 Bucket",6.945,ZGMI,"2024-11-20 23:24:14",2024-11-20,558,7074,27472
21297687,"Arm 5 Bucket",6.945,ZGMI,"2024-11-20 23:41:53",2024-11-20,559,7771,10130
20106416,"Arm 5 Bucket",6.945,ZGMI,"2024-11-20 23:46:05",2024-11-20,560,11453,9997
20742953,"Arm 5 Bucket",6.945,ZGMI,"2024-11-20 23:30:08",2024-11-20,561,12636,11925
20951340,"Arm 5 Bucket",6.945,ZGMI,"2024-11-20 23:38:07",2024-11-20,562,6950,14684
20149670,"Arm 5 Bucket",6.945,ZGMI,"2024-11-20 23:48:00",2024-11-20,563,7065,39050
20934249,"Arm 5 Bucket",6.945,ZGMI,"2024-11-20 23:23:37",2024-11-20,564,7360,27134
439458855,"Arm 5 Bucket",6.945,ZGMI,"2024-11-20 22:53:40",2024-11-20,565,10966,13766
20976003,"Arm 5 Bucket",6.945,ZGMI,"2024-11-20 23:17:15",2024-11-20,566,11804,11297
442741168,"Arm 5 Bucket",6.945,ZGMI,"2024-11-20 23:30:38",2024-11-20,567,2796,NULL
338340969,"Arm 5 Bucket",6.945,ZGMI,"2024-11-20 22:46:46",2024-11-20,568,7312,27185
62773503,"Arm 5 Bucket",6.945,ZGMI,"2024-11-20 23:17:31",2024-11-20,569,11595,11465
20588864,"Arm 5 Bucket",6.945,ZGMI,"2024-11-20 23:37:06",2024-11-20,570,7546,18685
20144129,"Arm 5 Bucket",6.945,ZGMI,"2024-11-20 23:12:58",2024-11-20,571,10890,4280
19875865,"Arm 5 Bucket",6.945,ZGMI,"2024-11-20 23:25:50",2024-11-20,572,7591,10276
19928691,"Arm 5 Bucket",6.945,ZGMI,"2024-11-20 23:44:02",2024-11-20,573,11663,11673
88112073,"Arm 5 Bucket",6.25,ZGMI,"2024-11-20 22:45:11",2024-11-20,574,7470,45014
60721473,"Arm 5 Bucket",6.849,ZGMI,"2024-11-20 22:20:08",2024-11-20,575,11722,10877
120559633,"Arm 5 Bucket",6.849,ZGMI,"2024-11-20 21:49:00",2024-11-20,576,11598,8683
60759799,"Arm 5 Bucket",6.849,ZGMI,"2024-11-20 22:35:30",2024-11-20,577,10844,11450
60760472,"Arm 5 Bucket",6.849,ZGMI,"2024-11-20 22:15:11",2024-11-20,578,10835,11581
20462179,"Arm 5 Bucket",6.782,ZGMI,"2024-11-20 23:34:37",2024-11-20,579,12059,11914
19943608,"Arm 5 Bucket",6.782,ZGMI,"2024-11-20 23:47:37",2024-11-20,580,12081,9653
20498344,"Arm 5 Bucket",6.782,ZGMI,"2024-11-20 23:39:34",2024-11-20,581,68,39317
2090378327,"Arm 5 Bucket",6.782,ZGMI,"2024-11-20 23:49:10",2024-11-20,582,11161,NULL
2054525193,"Arm 5 Bucket",6.782,ZGMI,"2024-11-20 23:49:35",2024-11-20,583,282,NULL
20806046,"Arm 5 Bucket",6.782,ZGMI,"2024-11-20 22:59:19",2024-11-20,584,11476,11890
20786125,"Arm 5 Bucket",6.782,ZGMI,"2024-11-20 23:04:22",2024-11-20,585,11728,11562
20792596,"Arm 5 Bucket",6.782,ZGMI,"2024-11-20 23:26:40",2024-11-20,586,11261,9245
331640234,"Arm 5 Bucket",6.782,ZGMI,"2024-11-20 22:46:05",2024-11-20,587,11611,10750
99604526,"Arm 5 Bucket",6.782,ZGMI,"2024-11-20 23:04:21",2024-11-20,588,6858,15002
20030999,"Arm 5 Bucket",6.782,ZGMI,"2024-11-20 23:25:39",2024-11-20,589,11090,10093
19968079,"Arm 5 Bucket",6.782,ZGMI,"2024-11-20 23:08:58",2024-11-20,590,272,21726
20165033,"Arm 5 Bucket",6.782,ZGMI,"2024-11-20 23:05:23",2024-11-20,591,6864,39410
19942325,"Arm 5 Bucket",6.782,ZGMI,"2024-11-20 23:22:41",2024-11-20,592,7439,41049
20014335,"Arm 5 Bucket",6.782,ZGMI,"2024-11-20 23:33:04",2024-11-20,593,10837,11332
20490632,"Arm 5 Bucket",6.782,ZGMI,"2024-11-20 22:58:41",2024-11-20,594,11120,10014
20795614,"Arm 5 Bucket",6.782,ZGMI,"2024-11-20 23:12:34",2024-11-20,595,7936,49347
20382570,"Arm 5 Bucket",6.782,ZGMI,"2024-11-20 23:25:53",2024-11-20,596,11364,11582
2089113115,"Arm 5 Bucket",6.782,ZGMI,"2024-11-20 23:02:21",2024-11-20,597,7427,NULL
442720817,"Arm 5 Bucket",6.782,ZGMI,"2024-11-20 23:52:02",2024-11-20,598,61,NULL
17061307,"Arm 5 Bucket",6.782,ZGMI,"2024-11-20 23:17:59",2024-11-20,599,6954,42463
16805892,"Arm 5 Bucket",6.782,ZGMI,"2024-11-20 23:24:00",2024-11-20,600,7541,4960
16956632,"Arm 5 Bucket",6.782,ZGMI,"2024-11-20 23:26:49",2024-11-20,601,7412,48121
145640920,"Arm 5 Bucket",6.782,ZGMI,"2024-11-20 23:17:47",2024-11-20,602,11091,12025
16860399,"Arm 5 Bucket",6.782,ZGMI,"2024-11-20 23:06:50",2024-11-20,603,11690,9695
20790034,"Arm 5 Bucket",6.782,ZGMI,"2024-11-20 23:48:27",2024-11-20,604,6807,8803
250088880,"Arm 5 Bucket",6.782,ZGMI,"2024-11-20 23:32:01",2024-11-20,605,11368,11363
302797626,"Arm 5 Bucket",6.782,ZGMI,"2024-11-20 23:01:13",2024-11-20,606,7310,17680
20455234,"Arm 5 Bucket",6.782,ZGMI,"2024-11-20 23:33:15",2024-11-20,607,26,19095
16992377,"Arm 5 Bucket",6.782,ZGMI,"2024-11-20 23:04:55",2024-11-20,608,10898,11181
295349335,"Arm 5 Bucket",6.782,ZGMI,"2024-11-20 23:24:17",2024-11-20,609,7243,23249
20506286,"Arm 5 Bucket",6.782,ZGMI,"2024-11-20 23:39:09",2024-11-20,610,7584,39931
250987922,"Arm 5 Bucket",6.782,ZGMI,"2024-11-20 22:51:41",2024-11-20,611,7693,35995
19944972,"Arm 5 Bucket",6.782,ZGMI,"2024-11-20 23:04:17",2024-11-20,612,7787,6720
442727723,"Arm 5 Bucket",6.733,ZGMI,"2024-11-20 23:24:52",2024-11-20,613,7383,NULL
27962664,"Arm 5 Bucket",6.733,ZGMI,"2024-11-20 23:24:59",2024-11-20,614,58,13861
27934663,"Arm 5 Bucket",6.733,ZGMI,"2024-11-20 22:50:27",2024-11-20,615,11052,13269
28102601,"Arm 5 Bucket",6.733,ZGMI,"2024-11-20 23:02:32",2024-11-20,616,12005,14155
29360967,"Arm 5 Bucket",6.733,ZGMI,"2024-11-20 21:28:08",2024-11-20,617,7067,20182
27982136,"Arm 5 Bucket",6.733,ZGMI,"2024-11-20 23:21:41",2024-11-20,618,7708,17545
2053901371,"Arm 5 Bucket",6.733,ZGMI,"2024-11-20 23:36:54",2024-11-20,619,63,NULL
339448125,"Arm 5 Bucket",6.733,ZGMI,"2024-11-20 23:27:26",2024-11-20,620,11487,18150
125804580,"Arm 5 Bucket",6.733,ZGMI,"2024-11-20 23:17:00",2024-11-20,621,11009,12717
69642591,"Arm 5 Bucket",6.733,ZGMI,"2024-11-20 22:42:23",2024-11-20,622,7466,24867
27791703,"Arm 5 Bucket",6.733,ZGMI,"2024-11-20 22:23:46",2024-11-20,623,7726,23157
27826428,"Arm 5 Bucket",6.733,ZGMI,"2024-11-20 23:08:11",2024-11-20,624,7402,57517
80531915,"Arm 5 Bucket",6.733,ZGMI,"2024-11-20 23:25:55",2024-11-20,625,11862,14743
102496406,"Arm 5 Bucket",6.733,ZGMI,"2024-11-20 22:57:34",2024-11-20,626,7242,36871
337146010,"Arm 5 Bucket",6.733,ZGMI,"2024-11-20 23:38:18",2024-11-20,627,7888,37596
442743035,"Arm 5 Bucket",6.733,ZGMI,"2024-11-20 21:31:36",2024-11-20,628,11125,NULL
52411340,"Arm 5 Bucket",7.233,ZGMI,"2024-11-20 21:32:44",2024-11-20,629,11515,13990
2102245412,"Arm 5 Bucket",7.233,ZGMI,"2024-11-20 21:27:01",2024-11-20,630,7250,NULL
442737561,"Arm 5 Bucket",7.233,ZGMI,"2024-11-20 22:15:09",2024-11-20,631,2880,NULL
249894661,"Arm 5 Bucket",7.233,ZGMI,"2024-11-20 22:24:57",2024-11-20,632,3016,5129
60652648,"Arm 5 Bucket",7.233,ZGMI,"2024-11-20 22:15:15",2024-11-20,633,12023,9881
60636485,"Arm 5 Bucket",7.233,ZGMI,"2024-11-20 21:37:49",2024-11-20,634,7485,19584
442703741,"Arm 5 Bucket",7.233,ZGMI,"2024-11-20 21:28:53",2024-11-20,635,304,NULL
442742290,"Arm 5 Bucket",7.233,ZGMI,"2024-11-20 21:26:39",2024-11-20,636,11733,NULL
338214030,"Arm 5 Bucket",7.233,ZGMI,"2024-11-20 22:40:46",2024-11-20,637,11095,28676
65089512,"Arm 5 Bucket",7.233,ZGMI,"2024-11-20 22:04:42",2024-11-20,638,11397,11159
26461574,"Arm 5 Bucket",7.233,ZGMI,"2024-11-20 22:29:06",2024-11-20,639,79,34712
442737783,"Arm 5 Bucket",7.233,ZGMI,"2024-11-20 22:26:32",2024-11-20,640,2749,NULL
60676521,"Arm 5 Bucket",7.233,ZGMI,"2024-11-20 22:13:34",2024-11-20,641,8125,39450
442717903,"Arm 5 Bucket",7.233,ZGMI,"2024-11-20 21:21:17",2024-11-20,642,161,NULL
250990001,"Arm 5 Bucket",7.233,ZGMI,"2024-11-20 21:24:02",2024-11-20,643,12085,11597
26758856,"Arm 5 Bucket",7.233,ZGMI,"2024-11-20 22:20:48",2024-11-20,644,7979,44682
299722352,"Arm 5 Bucket",7.233,ZGMI,"2024-11-20 22:00:14",2024-11-20,645,7225,28589
112150410,"Arm 5 Bucket",7.233,ZGMI,"2024-11-20 21:30:00",2024-11-20,646,7232,35024
26394376,"Arm 5 Bucket",7.233,ZGMI,"2024-11-20 22:11:28",2024-11-20,647,11011,5921
28447024,"Arm 5 Bucket",7.233,ZGMI,"2024-11-20 21:54:14",2024-11-20,648,11044,13377
339419383,"Arm 5 Bucket",7.233,ZGMI,"2024-11-20 21:27:03",2024-11-20,649,222,56568
2067049666,"Arm 5 Bucket",7.233,ZGMI,"2024-11-20 21:28:15",2024-11-20,650,7332,43776
352272214,"Arm 5 Bucket",7.233,ZGMI,"2024-11-20 22:30:17",2024-11-20,651,146,NULL
52399972,"Arm 5 Bucket",7.233,ZGMI,"2024-11-20 22:09:26",2024-11-20,652,12230,12572
442737558,"Arm 5 Bucket",7.233,ZGMI,"2024-11-20 21:39:35",2024-11-20,653,3042,NULL
350922153,"Arm 5 Bucket",7.233,ZGMI,"2024-11-20 22:20:23",2024-11-20,654,66,NULL
60626332,"Arm 5 Bucket",7.233,ZGMI,"2024-11-20 22:37:04",2024-11-20,655,11312,11684
60692150,"Arm 5 Bucket",7.233,ZGMI,"2024-11-20 22:30:48",2024-11-20,656,7255,41313
62596758,"Arm 5 Bucket",7.233,ZGMI,"2024-11-20 21:33:05",2024-11-20,657,7186,36673
28455250,"Arm 5 Bucket",7.233,ZGMI,"2024-11-20 21:20:57",2024-11-20,658,11399,14687
28293271,"Arm 5 Bucket",7.233,ZGMI,"2024-11-20 21:44:37",2024-11-20,659,11584,13224
28446861,"Arm 5 Bucket",7.233,ZGMI,"2024-11-20 21:53:27",2024-11-20,660,7386,35309
2054674178,"Arm 5 Bucket",7.233,ZGMI,"2024-11-20 22:13:01",2024-11-20,661,29,NULL
338057872,"Arm 5 Bucket",7.233,ZGMI,"2024-11-20 21:30:05",2024-11-20,662,7464,35620
442729052,"Arm 5 Bucket",7.233,ZGMI,"2024-11-20 21:45:23",2024-11-20,663,3030,NULL
336887978,"Arm 5 Bucket",7.233,ZGMI,"2024-11-20 22:41:44",2024-11-20,664,11217,10886
26883807,"Arm 5 Bucket",7.233,ZGMI,"2024-11-20 21:12:52",2024-11-20,665,7563,49552
2053941395,"Arm 5 Bucket",7.233,ZGMI,"2024-11-20 21:28:02",2024-11-20,666,200,NULL
442728996,"Arm 5 Bucket",7.233,ZGMI,"2024-11-20 22:22:11",2024-11-20,667,2792,NULL
60082149,"Arm 5 Bucket",7.233,ZGMI,"2024-11-20 21:38:29",2024-11-20,668,7613,50478
97603925,"Arm 5 Bucket",7.233,ZGMI,"2024-11-20 21:24:46",2024-11-20,669,10947,13282
80231088,"Arm 5 Bucket",7.233,ZGMI,"2024-11-20 22:37:03",2024-11-20,670,7142,40078
29439825,"Arm 5 Bucket",7.233,ZGMI,"2024-11-20 22:13:06",2024-11-20,671,11573,14178
60713440,"Arm 5 Bucket",7.233,ZGMI,"2024-11-20 22:24:10",2024-11-20,672,11319,10813
27943579,"Arm 5 Bucket",7.233,ZGMI,"2024-11-20 22:17:44",2024-11-20,673,11596,28886
347332170,"Arm 5 Bucket",7.233,ZGMI,"2024-11-20 21:17:19",2024-11-20,674,2961,NULL
60666342,"Arm 5 Bucket",7.233,ZGMI,"2024-11-20 21:40:17",2024-11-20,675,11308,10019
28260144,"Arm 5 Bucket",7.233,ZGMI,"2024-11-20 22:23:21",2024-11-20,676,7661,16056
440036984,"Arm 5 Bucket",7.233,ZGMI,"2024-11-20 22:40:54",2024-11-20,677,50,30148
28079256,"Arm 5 Bucket",7.233,ZGMI,"2024-11-20 22:20:06",2024-11-20,678,7154,37003
60725130,"Arm 5 Bucket",7.233,ZGMI,"2024-11-20 22:20:26",2024-11-20,679,8019,35040
2056497496,"Arm 5 Bucket",7.233,ZGMI,"2024-11-20 21:27:12",2024-11-20,680,3009,NULL
352370209,"Arm 5 Bucket",7.233,ZGMI,"2024-11-20 21:28:39",2024-11-20,681,156,NULL
60667139,"Arm 5 Bucket",7.233,ZGMI,"2024-11-20 22:35:27",2024-11-20,682,7731,4821
70356971,"Arm 5 Bucket",7.233,ZGMI,"2024-11-20 21:25:41",2024-11-20,683,11115,12942
439682950,"Arm 5 Bucket",7.233,ZGMI,"2024-11-20 21:37:54",2024-11-20,684,11706,NULL
28244741,"Arm 5 Bucket",7.233,ZGMI,"2024-11-20 21:26:10",2024-11-20,685,7610,5307
26785466,"Arm 5 Bucket",7.233,ZGMI,"2024-11-20 22:22:05",2024-11-20,686,7700,41783
26360413,"Arm 5 Bucket",7.233,ZGMI,"2024-11-20 22:33:30",2024-11-20,687,11996,11192
244680358,"Arm 5 Bucket",7.233,ZGMI,"2024-11-20 21:22:58",2024-11-20,688,12032,11367
60675090,"Arm 5 Bucket",7.233,ZGMI,"2024-11-20 22:22:23",2024-11-20,689,7926,8974
442729051,"Arm 5 Bucket",7.233,ZGMI,"2024-11-20 22:24:27",2024-11-20,690,2856,NULL
349016837,"Arm 5 Bucket",7.233,ZGMI,"2024-11-20 21:28:40",2024-11-20,691,101,NULL
28244009,"Arm 5 Bucket",7.233,ZGMI,"2024-11-20 22:29:20",2024-11-20,692,6806,14042
2054462670,"Arm 5 Bucket",7.233,ZGMI,"2024-11-20 22:00:13",2024-11-20,693,323,NULL
442741022,"Arm 5 Bucket",7.233,ZGMI,"2024-11-20 21:53:28",2024-11-20,694,2989,NULL
339853621,"Arm 5 Bucket",7.233,ZGMI,"2024-11-20 21:42:27",2024-11-20,695,228,17117
28508724,"Arm 5 Bucket",7.233,ZGMI,"2024-11-20 22:32:04",2024-11-20,696,7384,16892
2093982564,"Arm 5 Bucket",6.782,ZGMI,"2024-11-20 23:08:28",2024-11-20,697,7269,NULL
95646039,"Arm 5 Bucket",6.782,ZGMI,"2024-11-20 23:25:40",2024-11-20,698,11108,9860
20801621,"Arm 5 Bucket",6.782,ZGMI,"2024-11-20 23:14:01",2024-11-20,699,7737,22757
16779483,"Arm 5 Bucket",6.782,ZGMI,"2024-11-20 23:45:45",2024-11-20,700,5570,11535
88090723,"Arm 5 Bucket",6.25,ZGMI,"2024-11-20 22:15:25",2024-11-20,701,8011,25838
88687215,"Arm 5 Bucket",6.25,ZGMI,"2024-11-20 23:07:28",2024-11-20,702,2954,15385
88268411,"Arm 5 Bucket",6.25,ZGMI,"2024-11-20 22:27:42",2024-11-20,703,11454,15473
88672429,"Arm 5 Bucket",6.25,ZGMI,"2024-11-20 22:11:00",2024-11-20,704,7534,39755
16766022,"Arm 5 Bucket",6.782,ZGMI,"2024-11-20 23:32:17",2024-11-20,705,8043,20041
16970243,"Arm 5 Bucket",6.782,ZGMI,"2024-11-20 23:06:54",2024-11-20,706,7407,4871
332849922,"Arm 5 Bucket",6.782,ZGMI,"2024-11-20 23:50:27",2024-11-20,707,7492,4431
19981242,"Arm 5 Bucket",6.782,ZGMI,"2024-11-20 23:12:47",2024-11-20,708,10920,10983
442741160,"Arm 5 Bucket",6.782,ZGMI,"2024-11-20 23:32:47",2024-11-20,709,2874,NULL
20012856,"Arm 5 Bucket",6.782,ZGMI,"2024-11-20 23:24:04",2024-11-20,710,7138,17480
335654716,"Arm 5 Bucket",6.782,ZGMI,"2024-11-20 23:16:27",2024-11-20,711,321,18036
20546495,"Arm 5 Bucket",6.782,ZGMI,"2024-11-20 23:09:15",2024-11-20,712,7986,43053
20545843,"Arm 5 Bucket",6.782,ZGMI,"2024-11-20 23:14:56",2024-11-20,713,11887,10072
20631987,"Arm 5 Bucket",6.782,ZGMI,"2024-11-20 23:38:41",2024-11-20,714,32,40879
20030343,"Arm 5 Bucket",6.782,ZGMI,"2024-11-20 22:51:33",2024-11-20,715,11973,11585
333211591,"Arm 5 Bucket",6.782,ZGMI,"2024-11-20 23:52:09",2024-11-20,716,7585,44494
19940652,"Arm 5 Bucket",6.782,ZGMI,"2024-11-20 23:36:41",2024-11-20,717,11618,11648
16963861,"Arm 5 Bucket",6.782,ZGMI,"2024-11-20 23:11:20",2024-11-20,718,11979,9766
20748660,"Arm 5 Bucket",6.782,ZGMI,"2024-11-20 23:07:00",2024-11-20,719,7924,29390
20623386,"Arm 5 Bucket",6.782,ZGMI,"2024-11-20 23:31:49",2024-11-20,720,165,10449
439655155,"Arm 5 Bucket",6.782,ZGMI,"2024-11-20 23:49:49",2024-11-20,721,5556,NULL
17196408,"Arm 5 Bucket",6.782,ZGMI,"2024-11-20 23:18:26",2024-11-20,722,10997,11862
20742952,"Arm 5 Bucket",6.782,ZGMI,"2024-11-20 23:42:58",2024-11-20,723,11961,11003
295352025,"Arm 5 Bucket",6.782,ZGMI,"2024-11-20 23:20:38",2024-11-20,724,7373,48237
442720661,"Arm 5 Bucket",6.782,ZGMI,"2024-11-20 23:26:16",2024-11-20,725,87,NULL
20022323,"Arm 5 Bucket",6.782,ZGMI,"2024-11-20 23:38:25",2024-11-20,726,52,16828
442726549,"Arm 5 Bucket",6.782,ZGMI,"2024-11-20 23:14:22",2024-11-20,727,6836,NULL
442743852,"Arm 5 Bucket",6.782,ZGMI,"2024-11-20 23:49:33",2024-11-20,728,10885,NULL
295351847,"Arm 5 Bucket",6.782,ZGMI,"2024-11-20 23:09:02",2024-11-20,729,12022,11891
20601537,"Arm 5 Bucket",6.782,ZGMI,"2024-11-20 23:38:48",2024-11-20,730,12077,10941
20450403,"Arm 5 Bucket",6.782,ZGMI,"2024-11-20 23:34:10",2024-11-20,731,11017,11224
19952657,"Arm 5 Bucket",6.782,ZGMI,"2024-11-20 23:49:16",2024-11-20,732,7187,8662
11510647,"Arm 5 Bucket",6.87,ZGMI,"2024-11-20 22:11:41",2024-11-20,733,10894,10844
333136392,"Arm 5 Bucket",6.87,ZGMI,"2024-11-20 22:14:31",2024-11-20,734,11282,5741
80951430,"Arm 5 Bucket",6.87,ZGMI,"2024-11-20 22:29:57",2024-11-20,735,16590,10778
2097532682,"Arm 5 Bucket",6.87,ZGMI,"2024-11-20 21:07:52",2024-11-20,736,7481,NULL
11289894,"Arm 5 Bucket",6.87,ZGMI,"2024-11-20 22:11:33",2024-11-20,737,7578,13637
442743369,"Arm 5 Bucket",6.87,ZGMI,"2024-11-20 21:48:15",2024-11-20,738,11402,NULL
10241000,"Arm 5 Bucket",6.87,ZGMI,"2024-11-20 22:10:26",2024-11-20,739,80,50864
2054071321,"Arm 5 Bucket",6.87,ZGMI,"2024-11-20 21:51:37",2024-11-20,740,11964,NULL
442742938,"Arm 5 Bucket",6.87,ZGMI,"2024-11-20 22:32:25",2024-11-20,741,2962,NULL
118336239,"Arm 5 Bucket",6.87,ZGMI,"2024-11-20 20:32:39",2024-11-20,742,7858,54307
442727692,"Arm 5 Bucket",6.87,ZGMI,"2024-11-20 21:40:09",2024-11-20,743,4,NULL
122025847,"Arm 5 Bucket",6.524,ZGMI,"2024-11-20 19:03:05",2024-11-20,744,155,29909
87798100,"Arm 5 Bucket",7.178,ZGMI,"2024-11-20 21:49:04",2024-11-20,745,11987,11386
71493926,"Arm 5 Bucket",7.178,ZGMI,"2024-11-20 21:56:21",2024-11-20,746,10909,9505
63871008,"Arm 5 Bucket",6.534,ZGMI,"2024-11-20 22:25:38",2024-11-20,747,7111,12001
32017059,"Arm 5 Bucket",6.534,ZGMI,"2024-11-20 22:26:20",2024-11-20,748,7027,38800
2056701243,"Arm 5 Bucket",6.534,ZGMI,"2024-11-20 22:08:30",2024-11-20,749,6972,NULL
402779130,"Arm 5 Bucket",6.534,ZGMI,"2024-11-20 21:36:54",2024-11-20,750,7486,NULL
32309859,"Arm 5 Bucket",6.534,ZGMI,"2024-11-20 22:21:02",2024-11-20,751,11085,12232
32139172,"Arm 5 Bucket",6.534,ZGMI,"2024-11-20 21:50:39",2024-11-20,752,12237,16240
2056693252,"Arm 5 Bucket",6.534,ZGMI,"2024-11-20 21:43:30",2024-11-20,753,12054,NULL
2056714034,"Arm 5 Bucket",6.534,ZGMI,"2024-11-20 22:01:27",2024-11-20,754,7745,NULL
32211218,"Arm 5 Bucket",6.534,ZGMI,"2024-11-20 22:09:22",2024-11-20,755,7823,8825
31981100,"Arm 5 Bucket",6.534,ZGMI,"2024-11-20 21:45:17",2024-11-20,756,11780,12412
346682967,"Arm 5 Bucket",6.534,ZGMI,"2024-11-20 22:29:33",2024-11-20,757,135,NULL
32307502,"Arm 5 Bucket",6.534,ZGMI,"2024-11-20 22:23:24",2024-11-20,758,7707,15025
442728661,"Arm 5 Bucket",6.534,ZGMI,"2024-11-20 21:56:15",2024-11-20,759,11695,NULL
30598125,"Arm 5 Bucket",6.534,ZGMI,"2024-11-20 21:50:22",2024-11-20,760,7673,54164
442727731,"Arm 5 Bucket",6.534,ZGMI,"2024-11-20 21:51:43",2024-11-20,761,6997,NULL
32330667,"Arm 5 Bucket",6.534,ZGMI,"2024-11-20 22:00:28",2024-11-20,762,10810,12596
442726462,"Arm 5 Bucket",6.534,ZGMI,"2024-11-20 21:35:21",2024-11-20,763,7754,NULL
32085998,"Arm 5 Bucket",6.534,ZGMI,"2024-11-20 22:24:30",2024-11-20,764,7798,54216
30713072,"Arm 5 Bucket",6.534,ZGMI,"2024-11-20 21:52:20",2024-11-20,765,17631,54367
442706458,"Arm 5 Bucket",6.534,ZGMI,"2024-11-20 22:26:51",2024-11-20,766,7488,NULL
29795553,"Arm 5 Bucket",6.534,ZGMI,"2024-11-20 22:22:56",2024-11-20,767,7544,49976
32278138,"Arm 5 Bucket",6.534,ZGMI,"2024-11-20 22:22:40",2024-11-20,768,8076,30550
2056775258,"Arm 5 Bucket",6.534,ZGMI,"2024-11-20 22:01:34",2024-11-20,769,12357,NULL
29778799,"Arm 5 Bucket",6.534,ZGMI,"2024-11-20 21:34:17",2024-11-20,770,7876,28473
32088524,"Arm 5 Bucket",6.534,ZGMI,"2024-11-20 22:07:33",2024-11-20,771,11455,12296
29815320,"Arm 5 Bucket",6.534,ZGMI,"2024-11-20 22:19:53",2024-11-20,772,11739,10239
118391055,"Arm 5 Bucket",7.233,ZGMI,"2024-11-20 22:26:29",2024-11-20,773,5530,7943
442722490,"Arm 5 Bucket",6.534,ZGMI,"2024-11-20 21:11:02",2024-11-20,774,6813,NULL
26831041,"Arm 5 Bucket",7.233,ZGMI,"2024-11-20 22:37:03",2024-11-20,775,11446,43394
31955726,"Arm 5 Bucket",6.534,ZGMI,"2024-11-20 22:05:32",2024-11-20,776,17419,7139
2080684032,"Arm 5 Bucket",6.534,ZGMI,"2024-11-20 22:28:27",2024-11-20,777,7948,NULL
68964129,"Arm 5 Bucket",6.945,ZGMI,"2024-11-20 23:39:35",2024-11-20,778,11954,9829
32105865,"Arm 5 Bucket",6.534,ZGMI,"2024-11-20 21:26:49",2024-11-20,779,7278,35017
20958651,"Arm 5 Bucket",6.945,ZGMI,"2024-11-20 22:49:24",2024-11-20,780,7496,42555
2062397710,"Arm 5 Bucket",6.534,ZGMI,"2024-11-20 22:26:31",2024-11-20,781,7715,NULL
15194252,"Arm 5 Bucket",6.945,ZGMI,"2024-11-20 23:35:51",2024-11-20,782,7105,35298
29825634,"Arm 5 Bucket",6.534,ZGMI,"2024-11-20 22:01:32",2024-11-20,783,11960,13177
20090659,"Arm 5 Bucket",6.945,ZGMI,"2024-11-20 23:35:43",2024-11-20,784,7285,12613
2078740555,"Arm 5 Bucket",6.534,ZGMI,"2024-11-20 22:27:38",2024-11-20,785,12026,NULL
20387146,"Arm 5 Bucket",6.945,ZGMI,"2024-11-20 23:47:21",2024-11-20,786,7306,20635
2070073367,"Arm 5 Bucket",6.534,ZGMI,"2024-11-20 21:44:43",2024-11-20,787,11877,NULL
2078136228,"Arm 5 Bucket",6.534,ZGMI,"2024-11-20 21:35:01",2024-11-20,788,7209,NULL
30722909,"Arm 5 Bucket",6.534,ZGMI,"2024-11-20 21:58:21",2024-11-20,789,7837,24348
32058518,"Arm 5 Bucket",6.534,ZGMI,"2024-11-20 21:20:40",2024-11-20,790,7791,36686
442721637,"Arm 5 Bucket",6.534,ZGMI,"2024-11-20 21:52:07",2024-11-20,791,6968,NULL
32377524,"Arm 5 Bucket",6.534,ZGMI,"2024-11-20 22:05:25",2024-11-20,792,11745,13200
108871890,"Arm 5 Bucket",6.534,ZGMI,"2024-11-20 22:13:51",2024-11-20,793,10930,26659
338435569,"Arm 5 Bucket",6.534,ZGMI,"2024-11-20 21:46:18",2024-11-20,794,10760,NULL
245454964,"Arm 5 Bucket",6.534,ZGMI,"2024-11-20 21:17:51",2024-11-20,795,7083,29377
32358609,"Arm 5 Bucket",6.534,ZGMI,"2024-11-20 22:25:09",2024-11-20,796,7406,46700
2058819593,"Arm 5 Bucket",6.534,ZGMI,"2024-11-20 21:44:34",2024-11-20,797,10823,NULL
72538535,"Arm 5 Bucket",6.534,ZGMI,"2024-11-20 21:41:52",2024-11-20,798,7634,39160
30769852,"Arm 5 Bucket",6.534,ZGMI,"2024-11-20 21:40:08",2024-11-20,799,7921,42616
29842609,"Arm 5 Bucket",6.534,ZGMI,"2024-11-20 22:05:45",2024-11-20,800,7838,40267
244817775,"Arm 5 Bucket",6.534,ZGMI,"2024-11-20 21:40:34",2024-11-20,801,12100,28483
32069219,"Arm 5 Bucket",6.534,ZGMI,"2024-11-20 21:30:00",2024-11-20,802,11124,12916
87801352,"Arm 5 Bucket",6.534,ZGMI,"2024-11-20 21:49:39",2024-11-20,803,11884,5917
31510246,"Arm 5 Bucket",6.534,ZGMI,"2024-11-20 22:25:50",2024-11-20,804,7159,50739
442742135,"Arm 5 Bucket",6.534,ZGMI,"2024-11-20 21:29:49",2024-11-20,805,10774,NULL
32284268,"Arm 5 Bucket",6.534,ZGMI,"2024-11-20 21:30:01",2024-11-20,806,11568,13173
89335493,"Arm 5 Bucket",6.534,ZGMI,"2024-11-20 22:25:21",2024-11-20,807,7490,44173
31989797,"Arm 5 Bucket",6.534,ZGMI,"2024-11-20 22:21:47",2024-11-20,808,11683,12755
31952040,"Arm 5 Bucket",6.534,ZGMI,"2024-11-20 22:17:47",2024-11-20,809,7803,39299
29841663,"Arm 5 Bucket",6.534,ZGMI,"2024-11-20 22:04:28",2024-11-20,810,7354,57877
31554046,"Arm 5 Bucket",6.534,ZGMI,"2024-11-20 22:24:57",2024-11-20,811,7049,57746
62723356,"Arm 5 Bucket",6.534,ZGMI,"2024-11-20 21:57:31",2024-11-20,812,11582,10559
244899590,"Arm 5 Bucket",6.534,ZGMI,"2024-11-20 21:55:52",2024-11-20,813,11477,5469
300075606,"Arm 5 Bucket",6.534,ZGMI,"2024-11-20 21:40:34",2024-11-20,814,10954,16164
32107349,"Arm 5 Bucket",6.534,ZGMI,"2024-11-20 22:30:12",2024-11-20,815,12006,16144
442706461,"Arm 5 Bucket",6.534,ZGMI,"2024-11-20 22:26:05",2024-11-20,816,7645,NULL
29832292,"Arm 5 Bucket",6.534,ZGMI,"2024-11-20 21:39:06",2024-11-20,817,10876,12739
32351447,"Arm 5 Bucket",6.534,ZGMI,"2024-11-20 22:12:28",2024-11-20,818,12010,13918
80010784,"Arm 5 Bucket",6.534,ZGMI,"2024-11-20 21:51:32",2024-11-20,819,11252,12024
442730258,"Arm 5 Bucket",6.534,ZGMI,"2024-11-20 22:02:38",2024-11-20,820,10957,NULL
29783174,"Arm 5 Bucket",6.534,ZGMI,"2024-11-20 22:30:51",2024-11-20,821,7435,34695
442726837,"Arm 5 Bucket",6.534,ZGMI,"2024-11-20 22:17:24",2024-11-20,822,7697,NULL
32208909,"Arm 5 Bucket",6.534,ZGMI,"2024-11-20 22:25:48",2024-11-20,823,7579,7038
32143694,"Arm 5 Bucket",6.534,ZGMI,"2024-11-20 21:57:52",2024-11-20,824,7956,21464
442166348,"Arm 5 Bucket",6.534,ZGMI,"2024-11-20 21:58:18",2024-11-20,825,12723,NULL
2079072858,"Arm 5 Bucket",6.534,ZGMI,"2024-11-20 21:48:47",2024-11-20,826,9043,NULL
2136411493,"Arm 5 Bucket",6.534,ZGMI,"2024-11-20 21:49:45",2024-11-20,827,11483,NULL
32346488,"Arm 5 Bucket",6.534,ZGMI,"2024-11-20 22:02:24",2024-11-20,828,10513,30169
72638684,"Arm 5 Bucket",6.534,ZGMI,"2024-11-20 21:10:40",2024-11-20,829,11749,15040
32210980,"Arm 5 Bucket",6.534,ZGMI,"2024-11-20 22:19:59",2024-11-20,830,7040,13211
32222122,"Arm 5 Bucket",6.534,ZGMI,"2024-11-20 21:40:23",2024-11-20,831,2798,12821
29823434,"Arm 5 Bucket",6.534,ZGMI,"2024-11-20 21:16:11",2024-11-20,832,7725,45125
30708076,"Arm 5 Bucket",6.534,ZGMI,"2024-11-20 21:50:22",2024-11-20,833,7368,27924
442721645,"Arm 5 Bucket",6.534,ZGMI,"2024-11-20 21:47:01",2024-11-20,834,6976,NULL
32098441,"Arm 5 Bucket",6.534,ZGMI,"2024-11-20 22:01:26",2024-11-20,835,7696,35000
31944569,"Arm 5 Bucket",6.534,ZGMI,"2024-11-20 22:04:24",2024-11-20,836,7852,30239
442743565,"Arm 5 Bucket",6.534,ZGMI,"2024-11-20 22:28:20",2024-11-20,837,12219,NULL
442724284,"Arm 5 Bucket",6.534,ZGMI,"2024-11-20 22:26:09",2024-11-20,838,7975,NULL
30791609,"Arm 5 Bucket",6.534,ZGMI,"2024-11-20 21:55:10",2024-11-20,839,6828,41673
59821011,"Arm 5 Bucket",6.534,ZGMI,"2024-11-20 22:17:21",2024-11-20,840,7097,47176
442721654,"Arm 5 Bucket",6.534,ZGMI,"2024-11-20 22:25:30",2024-11-20,841,6832,NULL
32177403,"Arm 5 Bucket",6.534,ZGMI,"2024-11-20 21:26:50",2024-11-20,842,7153,57427
32021027,"Arm 5 Bucket",6.534,ZGMI,"2024-11-20 22:26:49",2024-11-20,843,9378,12677
442742546,"Arm 5 Bucket",6.534,ZGMI,"2024-11-20 21:56:44",2024-11-20,844,10980,NULL
30731089,"Arm 5 Bucket",6.534,ZGMI,"2024-11-20 21:33:20",2024-11-20,845,7041,22137
32102118,"Arm 5 Bucket",6.534,ZGMI,"2024-11-20 22:25:50",2024-11-20,846,10892,12063
30660449,"Arm 5 Bucket",6.534,ZGMI,"2024-11-20 21:59:14",2024-11-20,847,12361,12497
2067984346,"Arm 5 Bucket",6.534,ZGMI,"2024-11-20 21:14:38",2024-11-20,848,59,NULL
442725777,"Arm 5 Bucket",6.534,ZGMI,"2024-11-20 22:08:10",2024-11-20,849,6784,NULL
32308178,"Arm 5 Bucket",6.534,ZGMI,"2024-11-20 21:30:30",2024-11-20,850,7891,47008
30785094,"Arm 5 Bucket",6.534,ZGMI,"2024-11-20 22:12:14",2024-11-20,851,11152,14544
30768506,"Arm 5 Bucket",6.534,ZGMI,"2024-11-20 22:00:43",2024-11-20,852,11431,12895
2056789879,"Arm 5 Bucket",6.534,ZGMI,"2024-11-20 22:17:17",2024-11-20,853,8777,NULL
32112321,"Arm 5 Bucket",6.534,ZGMI,"2024-11-20 21:34:43",2024-11-20,854,7799,43579
143003113,"Arm 5 Bucket",6.534,ZGMI,"2024-11-20 21:25:18",2024-11-20,855,15122,22666
30638813,"Arm 5 Bucket",6.534,ZGMI,"2024-11-20 22:23:38",2024-11-20,856,3049,13890
30651863,"Arm 5 Bucket",6.534,ZGMI,"2024-11-20 22:00:55",2024-11-20,857,7173,47836
29828318,"Arm 5 Bucket",6.534,ZGMI,"2024-11-20 21:43:27",2024-11-20,858,10976,14294
323071487,"Arm 5 Bucket",6.534,ZGMI,"2024-11-20 22:03:39",2024-11-20,859,10905,15591
32135004,"Arm 5 Bucket",6.534,ZGMI,"2024-11-20 22:23:39",2024-11-20,860,7397,24049
2098044492,"Arm 5 Bucket",6.534,ZGMI,"2024-11-20 21:46:45",2024-11-20,861,12649,NULL
110284679,"Arm 5 Bucket",6.534,ZGMI,"2024-11-20 21:30:01",2024-11-20,862,11855,26358
89335372,"Arm 5 Bucket",6.534,ZGMI,"2024-11-20 21:30:41",2024-11-20,863,11038,17977
80006714,"Arm 5 Bucket",6.534,ZGMI,"2024-11-20 22:25:27",2024-11-20,864,7886,17724
72533275,"Arm 5 Bucket",6.534,ZGMI,"2024-11-20 21:47:28",2024-11-20,865,7010,10555
245015778,"Arm 5 Bucket",6.534,ZGMI,"2024-11-20 22:17:13",2024-11-20,866,11867,42058
32156743,"Arm 5 Bucket",6.534,ZGMI,"2024-11-20 21:55:26",2024-11-20,867,7597,20220
2071461428,"Arm 5 Bucket",6.534,ZGMI,"2024-11-20 22:30:06",2024-11-20,868,7393,NULL
2053525496,"Arm 5 Bucket",6.534,ZGMI,"2024-11-20 22:30:07",2024-11-20,869,7267,NULL
32295700,"Arm 5 Bucket",6.534,ZGMI,"2024-11-20 21:47:29",2024-11-20,870,7075,9438
32289310,"Arm 5 Bucket",6.534,ZGMI,"2024-11-20 21:58:19",2024-11-20,871,7072,11116
442705938,"Arm 5 Bucket",6.534,ZGMI,"2024-11-20 22:05:49",2024-11-20,872,14,NULL
4010252,"Arm 5 Bucket",7.313,ZGMI,"2024-11-20 22:54:52",2024-11-20,873,7829,6622
3941001,"Arm 5 Bucket",7.313,ZGMI,"2024-11-20 23:06:16",2024-11-20,874,6801,34911
2052861652,"Arm 5 Bucket",7.313,ZGMI,"2024-11-20 23:11:01",2024-11-20,875,11626,NULL
58368063,"Arm 5 Bucket",7.313,ZGMI,"2024-11-20 23:01:42",2024-11-20,876,10786,11901
3808902,"Arm 5 Bucket",7.313,ZGMI,"2024-11-20 22:57:12",2024-11-20,877,7344,34604
2079477862,"Arm 5 Bucket",7.313,ZGMI,"2024-11-20 22:50:52",2024-11-20,878,11109,9689
3849525,"Arm 5 Bucket",7.313,ZGMI,"2024-11-20 23:06:23",2024-11-20,879,7054,17093
4170778,"Arm 5 Bucket",7.313,ZGMI,"2024-11-20 22:56:21",2024-11-20,880,7478,10425
4116790,"Arm 5 Bucket",7.313,ZGMI,"2024-11-20 22:48:25",2024-11-20,881,10952,11253
99358009,"Arm 5 Bucket",7.313,ZGMI,"2024-11-20 22:52:35",2024-11-20,882,7580,17554
3646995,"Arm 5 Bucket",7.313,ZGMI,"2024-11-20 23:03:19",2024-11-20,883,7800,9137
2107714732,"Arm 5 Bucket",7.313,ZGMI,"2024-11-20 22:51:35",2024-11-20,884,12044,NULL
2075724581,"Arm 5 Bucket",7.313,ZGMI,"2024-11-20 23:03:54",2024-11-20,885,7495,NULL
2120577787,"Arm 5 Bucket",7.313,ZGMI,"2024-11-20 23:13:54",2024-11-20,886,7230,57335
3656114,"Arm 5 Bucket",7.313,ZGMI,"2024-11-20 22:47:43",2024-11-20,887,16018,9901
3713951,"Arm 5 Bucket",7.313,ZGMI,"2024-11-20 22:54:40",2024-11-20,888,12262,11169
441095834,"Arm 5 Bucket",7.313,ZGMI,"2024-11-20 23:05:36",2024-11-20,889,7540,37645
87723795,"Arm 5 Bucket",7.313,ZGMI,"2024-11-20 23:13:22",2024-11-20,890,7029,9109
3869539,"Arm 5 Bucket",7.313,ZGMI,"2024-11-20 23:03:25",2024-11-20,891,6918,25773
89895292,"Arm 5 Bucket",7.313,ZGMI,"2024-11-20 23:00:59",2024-11-20,892,8082,31082
3794446,"Arm 5 Bucket",7.313,ZGMI,"2024-11-20 23:04:12",2024-11-20,893,7320,7195
80857969,"Arm 5 Bucket",7.313,ZGMI,"2024-11-20 22:56:11",2024-11-20,894,7073,29138
2095293305,"Arm 5 Bucket",7.313,ZGMI,"2024-11-20 22:54:08",2024-11-20,895,11129,11609
3638916,"Arm 5 Bucket",7.313,ZGMI,"2024-11-20 23:01:27",2024-11-20,896,7554,33742
4123056,"Arm 5 Bucket",7.313,ZGMI,"2024-11-20 23:01:54",2024-11-20,897,11507,9688
3795243,"Arm 5 Bucket",7.313,ZGMI,"2024-11-20 22:49:57",2024-11-20,898,83,14426
87707135,"Arm 5 Bucket",7.313,ZGMI,"2024-11-20 23:03:56",2024-11-20,899,11744,10043
3874759,"Arm 5 Bucket",7.313,ZGMI,"2024-11-20 23:13:48",2024-11-20,900,6783,44428
442742758,"Arm 5 Bucket",7.188,ZGMI,"2024-11-20 22:45:03",2024-11-20,901,11681,NULL
338552573,"Arm 5 Bucket",7.188,ZGMI,"2024-11-20 23:20:11",2024-11-20,902,6782,57729
41116962,"Arm 5 Bucket",7.188,ZGMI,"2024-11-20 22:01:34",2024-11-20,903,16865,11402
41084854,"Arm 5 Bucket",7.188,ZGMI,"2024-11-20 22:45:49",2024-11-20,904,5529,11620
64433606,"Arm 5 Bucket",7.188,ZGMI,"2024-11-20 21:17:39",2024-11-20,905,8091,44296
442722169,"Arm 5 Bucket",7.188,ZGMI,"2024-11-20 21:18:41",2024-11-20,906,57,NULL
338551965,"Arm 5 Bucket",7.188,ZGMI,"2024-11-20 21:39:10",2024-11-20,907,2790,29673
248420529,"Arm 5 Bucket",7.188,ZGMI,"2024-11-20 23:19:43",2024-11-20,908,8115,40317
41130033,"Arm 5 Bucket",7.188,ZGMI,"2024-11-20 23:10:09",2024-11-20,909,10883,11694
41101612,"Arm 5 Bucket",7.188,ZGMI,"2024-11-20 21:48:14",2024-11-20,910,5953,11353
338552203,"Arm 5 Bucket",7.188,ZGMI,"2024-11-20 22:46:11",2024-11-20,911,3054,NULL
302015180,"Arm 5 Bucket",7.188,ZGMI,"2024-11-20 23:07:38",2024-11-20,912,12374,7554
364873030,"Arm 5 Bucket",7.188,ZGMI,"2024-11-20 23:08:30",2024-11-20,913,11851,NULL
308917983,"Arm 5 Bucket",7.188,ZGMI,"2024-11-20 22:43:38",2024-11-20,914,12328,9890
17198887,"Arm 5 Bucket",7.188,ZGMI,"2024-11-20 22:37:00",2024-11-20,915,7973,13744
59879424,"Arm 5 Bucket",7.188,ZGMI,"2024-11-20 23:17:27",2024-11-20,916,17941,4094
442722045,"Arm 5 Bucket",7.188,ZGMI,"2024-11-20 23:20:14",2024-11-20,917,186,NULL
402142668,"Arm 5 Bucket",7.188,ZGMI,"2024-11-20 21:36:44",2024-11-20,918,73,NULL
2062191303,"Arm 5 Bucket",7.188,ZGMI,"2024-11-20 22:46:36",2024-11-20,919,11409,NULL
440238640,"Arm 5 Bucket",7.188,ZGMI,"2024-11-20 23:20:50",2024-11-20,920,2761,NULL
338553686,"Arm 5 Bucket",7.188,ZGMI,"2024-11-20 22:09:16",2024-11-20,921,4825,23062
2073712392,"Arm 5 Bucket",7.188,ZGMI,"2024-11-20 22:03:07",2024-11-20,922,11905,NULL
41129832,"Arm 5 Bucket",7.188,ZGMI,"2024-11-20 22:58:41",2024-11-20,923,7719,26918
16843686,"Arm 5 Bucket",7.188,ZGMI,"2024-11-20 22:22:08",2024-11-20,924,11360,11485
296611366,"Arm 5 Bucket",7.188,ZGMI,"2024-11-20 22:12:59",2024-11-20,925,10999,11992
41101926,"Arm 5 Bucket",7.188,ZGMI,"2024-11-20 22:45:07",2024-11-20,926,7359,26225
20612179,"Arm 5 Bucket",7.188,ZGMI,"2024-11-20 21:40:10",2024-11-20,927,7400,22278
296614814,"Arm 5 Bucket",7.188,ZGMI,"2024-11-20 22:14:32",2024-11-20,928,11604,11577
338552067,"Arm 5 Bucket",7.188,ZGMI,"2024-11-20 22:23:04",2024-11-20,929,7127,4867
52121779,"Arm 5 Bucket",7.188,ZGMI,"2024-11-20 22:49:30",2024-11-20,930,11092,9765
442721360,"Arm 5 Bucket",7.188,ZGMI,"2024-11-20 21:13:26",2024-11-20,931,124,NULL
442097615,"Arm 5 Bucket",7.188,ZGMI,"2024-11-20 22:52:12",2024-11-20,932,2804,NULL
126231465,"Arm 5 Bucket",7.188,ZGMI,"2024-11-20 21:24:10",2024-11-20,933,11828,11242
20782669,"Arm 5 Bucket",7.188,ZGMI,"2024-11-20 22:21:33",2024-11-20,934,7855,21232
2058492391,"Arm 5 Bucket",7.188,ZGMI,"2024-11-20 22:57:30",2024-11-20,935,12646,NULL
442727185,"Arm 5 Bucket",7.188,ZGMI,"2024-11-20 21:58:34",2024-11-20,936,8026,NULL
244633112,"Arm 5 Bucket",7.188,ZGMI,"2024-11-20 23:19:35",2024-11-20,937,18254,10213
81973745,"Arm 5 Bucket",7.39,ZGMI,"2024-11-20 22:27:08",2024-11-20,938,11267,9453
300106866,"Arm 5 Bucket",7.39,ZGMI,"2024-11-20 22:25:12",2024-11-20,939,11378,11418
95182109,"Arm 5 Bucket",7.39,ZGMI,"2024-11-20 23:19:17",2024-11-20,940,10830,10733
240306698,"Arm 5 Bucket",7.39,ZGMI,"2024-11-20 22:48:10",2024-11-20,941,11635,6375
67772088,"Arm 5 Bucket",7.39,ZGMI,"2024-11-20 23:41:37",2024-11-20,942,8121,41478
7974763,"Arm 5 Bucket",7.39,ZGMI,"2024-11-20 23:11:09",2024-11-20,943,11588,11424
8141435,"Arm 5 Bucket",7.39,ZGMI,"2024-11-20 23:19:44",2024-11-20,944,11535,11611
95174080,"Arm 5 Bucket",7.39,ZGMI,"2024-11-20 23:06:43",2024-11-20,945,11425,10009
7816846,"Arm 5 Bucket",7.39,ZGMI,"2024-11-20 23:19:50",2024-11-20,946,11126,11420
52524679,"Arm 5 Bucket",7.39,ZGMI,"2024-11-20 23:12:04",2024-11-20,947,11555,12030
8134481,"Arm 5 Bucket",7.39,ZGMI,"2024-11-20 23:00:03",2024-11-20,948,10932,9519
7519416,"Arm 5 Bucket",7.39,ZGMI,"2024-11-20 22:56:13",2024-11-20,949,12298,9555
71621362,"Arm 5 Bucket",7.39,ZGMI,"2024-11-20 23:22:56",2024-11-20,950,11607,11935
125144636,"Arm 5 Bucket",7.39,ZGMI,"2024-11-20 22:51:22",2024-11-20,951,11955,10773
50188352,"Arm 5 Bucket",7.39,ZGMI,"2024-11-20 23:33:38",2024-11-20,952,12060,10015
349464016,"Arm 5 Bucket",7.39,ZGMI,"2024-11-20 21:59:56",2024-11-20,953,2785,NULL
59268792,"Arm 5 Bucket",7.39,ZGMI,"2024-11-20 23:04:54",2024-11-20,954,8085,41522
7530957,"Arm 5 Bucket",7.39,ZGMI,"2024-11-20 23:14:15",2024-11-20,955,8007,45950
10403357,"Arm 5 Bucket",7.294,ZGMI,"2024-11-20 19:49:17",2024-11-20,956,11927,10970
80946256,"Arm 5 Bucket",7.294,ZGMI,"2024-11-20 20:10:42",2024-11-20,957,11482,10839
11311198,"Arm 5 Bucket",7.294,ZGMI,"2024-11-20 21:03:53",2024-11-20,958,11221,11591
13386025,"Arm 5 Bucket",7.294,ZGMI,"2024-11-20 20:46:20",2024-11-20,959,11841,11589
11570737,"Arm 5 Bucket",7.294,ZGMI,"2024-11-20 20:20:58",2024-11-20,960,7166,16438
10324428,"Arm 5 Bucket",7.294,ZGMI,"2024-11-20 18:07:34",2024-11-20,961,11123,11846
10546360,"Arm 5 Bucket",7.294,ZGMI,"2024-11-20 19:25:25",2024-11-20,962,7121,41598
442742884,"Arm 5 Bucket",7.294,ZGMI,"2024-11-20 20:46:06",2024-11-20,963,2845,NULL
10352826,"Arm 5 Bucket",7.294,ZGMI,"2024-11-20 20:37:44",2024-11-20,964,7993,41845
10470875,"Arm 5 Bucket",7.294,ZGMI,"2024-11-20 19:34:26",2024-11-20,965,11823,11558
10536759,"Arm 5 Bucket",7.294,ZGMI,"2024-11-20 21:04:57",2024-11-20,966,8072,17407
10267229,"Arm 5 Bucket",7.294,ZGMI,"2024-11-20 19:27:51",2024-11-20,967,17340,10752
10292605,"Arm 5 Bucket",7.294,ZGMI,"2024-11-20 20:32:23",2024-11-20,968,7056,31143
62676060,"Arm 5 Bucket",7.294,ZGMI,"2024-11-20 20:26:03",2024-11-20,969,15171,11475
11515303,"Arm 5 Bucket",7.294,ZGMI,"2024-11-20 20:56:43",2024-11-20,970,11104,11239
165141628,"Arm 5 Bucket",7.294,ZGMI,"2024-11-20 20:02:25",2024-11-20,971,7982,31105
44262179,"Arm 5 Bucket",6.996,ZGMI,"2024-11-20 22:37:15",2024-11-20,972,11679,9451
316884185,"Arm 5 Bucket",6.996,ZGMI,"2024-11-20 22:25:23",2024-11-20,973,11279,11251
72569954,"Arm 5 Bucket",6.996,ZGMI,"2024-11-20 21:48:20",2024-11-20,974,11688,11280
43853308,"Arm 5 Bucket",6.996,ZGMI,"2024-11-20 21:08:23",2024-11-20,975,7621,57450
46032393,"Arm 5 Bucket",6.996,ZGMI,"2024-11-20 22:40:30",2024-11-20,976,11521,6061
442745817,"Arm 5 Bucket",6.996,ZGMI,"2024-11-20 21:37:45",2024-11-20,977,2806,NULL
44262603,"Arm 5 Bucket",6.996,ZGMI,"2024-11-20 21:51:37",2024-11-20,978,7418,45258
442723904,"Arm 5 Bucket",6.996,ZGMI,"2024-11-20 21:37:22",2024-11-20,979,288,NULL
45093214,"Arm 5 Bucket",6.996,ZGMI,"2024-11-20 22:39:47",2024-11-20,980,7875,24425
442716119,"Arm 5 Bucket",6.996,ZGMI,"2024-11-20 21:38:53",2024-11-20,981,7950,NULL
44349124,"Arm 5 Bucket",6.996,ZGMI,"2024-11-20 21:39:38",2024-11-20,982,7942,44108
247649225,"Arm 5 Bucket",6.996,ZGMI,"2024-11-20 21:44:04",2024-11-20,983,7818,45089
45055688,"Arm 5 Bucket",6.996,ZGMI,"2024-11-20 22:27:45",2024-11-20,984,11119,10753
45041425,"Arm 5 Bucket",6.996,ZGMI,"2024-11-20 22:28:09",2024-11-20,985,11227,8456
82418559,"Arm 5 Bucket",6.996,ZGMI,"2024-11-20 21:47:31",2024-11-20,986,11907,11953
121344026,"Arm 5 Bucket",6.996,ZGMI,"2024-11-20 22:06:57",2024-11-20,987,11533,9873
156369347,"Arm 5 Bucket",6.996,ZGMI,"2024-11-20 21:34:04",2024-11-20,988,11196,11365
45112947,"Arm 5 Bucket",6.996,ZGMI,"2024-11-20 22:29:31",2024-11-20,989,12258,11222
306394972,"Arm 5 Bucket",6.996,ZGMI,"2024-11-20 22:06:39",2024-11-20,990,11128,10805
331700473,"Arm 5 Bucket",6.996,ZGMI,"2024-11-20 22:28:19",2024-11-20,991,7508,56881
44271885,"Arm 5 Bucket",6.996,ZGMI,"2024-11-20 22:38:40",2024-11-20,992,8092,7045
2060753876,"Arm 5 Bucket",6.996,ZGMI,"2024-11-20 21:56:04",2024-11-20,993,12272,NULL
43812298,"Arm 5 Bucket",6.996,ZGMI,"2024-11-20 22:14:39",2024-11-20,994,72,45191
92436236,"Arm 5 Bucket",6.996,ZGMI,"2024-11-20 22:39:22",2024-11-20,995,12232,6763
70761029,"Arm 5 Bucket",6.996,ZGMI,"2024-11-20 21:13:30",2024-11-20,996,7869,19806
44334310,"Arm 5 Bucket",6.996,ZGMI,"2024-11-20 22:24:20",2024-11-20,997,7405,50648
66730625,"Arm 5 Bucket",6.996,ZGMI,"2024-11-20 22:30:04",2024-11-20,998,11462,11614
45055565,"Arm 5 Bucket",6.996,ZGMI,"2024-11-20 22:00:00",2024-11-20,999,7863,21273
294893392,"Arm 5 Bucket",6.996,ZGMI,"2024-11-20 21:25:13",2024-11-20,1000,10953,11313
