zpid,lastUpdatedTimestamp,lastUpdatedDate,valueIncreaseRate,taxIncreaseRate,taxPaid,propertyValue,lti_id,lmi_id,lph_id
60953167,"2014-11-25 05:30:29",2014-11-25,0,0,1528.04,61008,1,NULL,NULL
10537731,"2018-11-21 00:15:04",2018-11-21,0,0,1822.54,NULL,2,11236,83559
10537731,"2016-11-21 00:15:04",2016-11-21,0,0,1398.4,NULL,3,11236,83559
60953167,"2015-11-25 05:30:29",2015-11-25,0,0,1809.29,64344,4,NULL,NULL
10537731,"2014-11-21 00:15:04",2014-11-21,7,0,1398.4,138300,5,11236,83559
60953167,"2023-11-25 05:30:29",2023-11-25,0,0,478.2,136896,6,NULL,NULL
10537731,"2022-11-21 00:15:04",2022-11-21,0,0,1745.55,NULL,7,11236,83559
60953167,"2013-11-25 05:30:29",2013-11-25,0,0,1530.98,61008,8,NULL,NULL
10537731,"2017-11-21 00:15:04",2017-11-21,0,0,1262.62,NULL,9,11236,83559
60953167,"2005-11-25 05:30:29",2005-11-25,0,0,1129.59,51840,10,NULL,NULL
10537731,"2021-11-21 00:15:04",2021-11-21,0,0,1745.55,NULL,11,11236,83559
60953167,"2012-11-25 05:30:29",2012-11-25,0,0,1548.06,61540,12,NULL,NULL
10537731,"2023-11-21 00:15:04",2023-11-21,0,0,2480.45,177200,13,11236,83559
60953167,"2001-11-25 05:30:29",2001-11-25,0,0,867.23,NULL,14,NULL,NULL
60953167,"2002-11-25 05:30:29",2002-11-25,0,0,1151.27,NULL,15,NULL,NULL
15109199,"2014-11-25 01:35:36",2014-11-25,0,0,724.38,61960,16,NULL,28
15109199,"2021-11-25 01:35:36",2021-11-25,0,0,857.88,70164,17,NULL,28
15109199,"2024-11-25 01:35:36",2024-11-25,0,0,901.16,74455,18,NULL,28
15109199,"2019-11-25 01:35:36",2019-11-25,0,0,831.84,68084,19,NULL,28
15109199,"2015-11-25 01:35:36",2015-11-25,0,0,743.58,63197,20,NULL,28
15109199,"2022-11-25 01:35:36",2022-11-25,0,0,872.68,71566,21,NULL,28
15109199,"2017-11-25 01:35:36",2017-11-25,0,0,796.1,65442,22,NULL,28
15109199,"2018-11-25 01:35:36",2018-11-25,0,0,805.88,66750,23,NULL,28
10537731,"2024-11-21 00:15:04",2024-11-21,0,0,2480.45,177200,24,11236,83559
15109199,"2020-11-25 01:35:36",2020-11-25,0,0,859.34,69445,25,NULL,28
10537731,"2012-11-21 00:15:04",2012-11-21,0,0,1451.22,16768,26,11236,83559
15109199,"2016-11-25 01:35:36",2016-11-25,0,0,753.02,64160,27,NULL,28
10537731,"2015-11-21 00:15:04",2015-11-21,0,0,1398.4,NULL,28,11236,83559
15109199,"2023-11-25 01:35:36",2023-11-25,0,0,888.2,72996,29,NULL,28
6294534,"2016-11-21 00:15:51",2016-11-21,0,0,3144.53,238800,30,10268,NULL
65473104,"2007-11-25 05:28:24",2007-11-25,0,0,4132.06,162520,31,NULL,59972
6294534,"2014-11-21 00:15:51",2014-11-21,0,0,3129.15,NULL,32,10268,NULL
65473104,"2021-11-25 05:28:24",2021-11-25,0,0,4246.62,191160,33,NULL,59972
6294534,"2015-11-21 00:15:51",2015-11-21,0,0,3144.53,238800,34,10268,NULL
6294534,"2018-11-21 00:15:51",2018-11-21,0,0,3206.38,238800,35,10268,NULL
6294534,"2017-11-21 00:15:51",2017-11-21,0,0,3144.53,238800,36,10268,NULL
6294534,"2020-11-21 00:15:51",2020-11-21,0,0,3463.43,347800,37,10268,NULL
65473104,"2004-11-25 05:28:24",2004-11-25,0,0,3143.19,142960,38,NULL,59972
6294534,"2022-11-21 00:15:51",2022-11-21,0,0,3481.83,347800,39,10268,NULL
65473104,"2015-11-25 05:28:24",2015-11-25,0,0,5008.54,158640,40,NULL,59972
6294534,"2021-11-21 00:15:51",2021-11-21,0,0,3470.79,347800,41,10268,NULL
65473104,"2010-11-25 05:28:24",2010-11-25,0,0,4393.72,162320,42,NULL,59972
65473104,"2016-11-25 05:28:24",2016-11-25,0,0,5696.35,186000,43,NULL,59972
65473104,"2023-11-25 05:28:24",2023-11-25,0,0,3795.04,278160,44,NULL,59972
65473104,"2019-11-25 05:28:24",2019-11-25,0,0,4728.45,173200,45,NULL,59972
65473104,"2020-11-25 05:28:24",2020-11-25,0,0,5570.68,197360,46,NULL,59972
65473104,"2017-11-25 05:28:24",2017-11-25,0,0,4728.45,186000,47,NULL,59972
65473104,"2022-11-25 05:28:24",2022-11-25,0,0,4315.25,240560,48,NULL,59972
65473104,"2018-11-25 05:28:24",2018-11-25,0,0,4728.45,154840,49,NULL,59972
65473104,"2003-11-25 05:28:24",2003-11-25,0,0,3264.64,142960,50,NULL,59972
6294534,"2019-11-21 00:15:51",2019-11-21,0,0,3447.83,347800,51,10268,NULL
65473104,"2014-11-25 05:28:24",2014-11-25,0,0,4472.15,158640,52,NULL,59972
32113930,"2016-11-21 00:14:36",2016-11-21,0,0,6818.68,34871,53,10301,NULL
44460880,"2020-11-25 05:13:47",2020-11-25,0,0,826.01,34224,54,NULL,70113
32113930,"2019-11-21 00:14:36",2019-11-21,0,0,7883.24,42300,55,10301,NULL
44460880,"2018-11-25 05:13:47",2018-11-25,0,0,727.78,28285,56,NULL,70113
44460880,"2003-11-25 05:13:47",2003-11-25,0,0,579.99,54910,57,NULL,70113
32113930,"2020-11-21 00:14:36",2020-11-21,0,0,8356.32,49380,58,10301,NULL
44460880,"2022-11-25 05:13:47",2022-11-25,0,0,954.83,41410,59,NULL,70113
32113930,"2015-11-21 00:14:36",2015-11-21,0,1,6818.68,32898,60,10301,NULL
32113930,"2014-11-21 00:14:36",2014-11-21,0,0,3925.53,31036,61,10301,NULL
32113930,"2018-11-21 00:14:36",2018-11-21,0,0,7350.1,35136,62,10301,NULL
32113930,"2017-11-21 00:14:36",2017-11-21,0,0,7162.47,35136,63,10301,NULL
6211594,"2022-11-21 00:15:45",2022-11-21,0,0,2166.53,211500,64,10216,70020
6211594,"2020-11-21 00:15:45",2020-11-21,0,0,2148.13,211500,65,10216,70020
6211594,"2015-11-21 00:15:45",2015-11-21,0,0,1988.63,149500,66,10216,70020
6211594,"2019-11-21 00:15:45",2019-11-21,0,0,2132.53,211500,67,10216,70020
6211594,"2016-11-21 00:15:45",2016-11-21,0,0,1988.63,149500,68,10216,70020
6211594,"2014-11-21 00:15:45",2014-11-21,0,0,2074.65,156700,69,10216,70020
6211594,"2017-11-21 00:15:45",2017-11-21,0,0,1988.63,149500,70,10216,70020
6211594,"2023-11-21 00:15:45",2023-11-21,0,0,2248.69,287600,71,10216,70020
6211594,"2018-11-21 00:15:45",2018-11-21,0,0,2034.85,149500,72,10216,70020
44579343,"2019-11-21 00:17:31",2019-11-21,0,0,2498.84,170417,73,12314,72696
44460880,"2015-11-25 05:13:47",2015-11-25,0,0,645.78,24717,74,NULL,70113
44579343,"2017-11-21 00:17:31",2017-11-21,0,0,2464.16,163801,75,12314,72696
44460880,"2021-11-25 05:13:47",2021-11-25,0,0,878.3,37646,76,NULL,70113
44460880,"2005-11-25 05:13:47",2005-11-25,0,0,1142.59,61510,77,NULL,70113
44460880,"2014-11-25 05:13:47",2014-11-25,0,0,678.78,40382,78,NULL,70113
44579343,"2020-11-21 00:17:31",2020-11-21,0,0,2530.69,174336,79,12314,72696
44460880,"2019-11-25 05:13:47",2019-11-25,0,0,779.43,31113,80,NULL,70113
44579343,"2016-11-21 00:17:31",2016-11-21,0,0,2430.66,160432,81,12314,72696
44460880,"2023-11-25 05:13:47",2023-11-25,0,0,1083.8,50234,82,NULL,70113
44579343,"2021-11-21 00:17:31",2021-11-21,0,0,2557.68,176776,83,12314,72696
44460880,"2017-11-25 05:13:47",2017-11-25,0,0,727.78,26211,84,NULL,70113
44579343,"2014-11-21 00:17:31",2014-11-21,0,0,2437.07,158053,85,12314,72696
44460880,"2016-11-25 05:13:47",2016-11-25,0,0,683.82,23377,86,NULL,70113
44579343,"2022-11-21 00:17:31",2022-11-21,0,0,2580.24,182079,87,12314,72696
44579343,"2023-11-21 00:17:31",2023-11-21,1,2,6526.14,352658,88,12314,72696
36482384,"2017-11-25 05:07:53",2017-11-25,0,6,6796.02,287967,89,NULL,86805
44579343,"2005-11-21 00:17:31",2005-11-21,0,0,2572.05,163465,90,12314,72696
36482384,"2019-11-25 05:07:53",2019-11-25,0,0,7186.2,304500,91,NULL,86805
44579343,"2003-11-21 00:17:31",2003-11-21,0,0,2658.18,162081,92,12314,72696
36482384,"2020-11-25 05:07:53",2020-11-25,0,0,6782.64,287400,93,NULL,86805
36482384,"2014-11-25 05:07:53",2014-11-25,0,0,1020.76,214900,94,NULL,86805
36482384,"2024-11-25 05:07:53",2024-11-25,0,0,7776.98,329533,95,NULL,86805
36482384,"2015-11-25 05:07:53",2015-11-25,0,0,1020.76,247300,96,NULL,86805
44579343,"2015-11-21 00:17:31",2015-11-21,0,0,2413.95,159317,97,12314,72696
36482384,"2023-11-25 05:07:53",2023-11-25,0,0,7279.82,308467,98,NULL,86805
44579343,"2018-11-21 00:17:31",2018-11-21,0,0,2464.16,167240,99,12314,72696
4146192,"2021-11-21 00:18:08",2021-11-21,0,0,913.31,32000,100,10260,NULL
4146192,"2022-11-21 00:18:08",2022-11-21,0,5,5331.37,32000,101,10260,NULL
36482384,"2022-11-25 05:07:53",2022-11-25,0,0,6782.64,287400,102,NULL,86805
4146192,"2020-11-21 00:18:08",2020-11-21,0,0,942.14,29728,103,10260,NULL
36482384,"2018-11-25 05:07:53",2018-11-25,0,0,6991.1,296233,104,NULL,86805
4146192,"2014-11-21 00:18:08",2014-11-21,0,0,1337.63,28835,105,10260,NULL
36482384,"2021-11-25 05:07:53",2021-11-25,0,0,6782.64,287400,106,NULL,86805
4146192,"2011-11-21 00:18:08",2011-11-21,0,3,4789.42,29491,107,10260,NULL
4146192,"2019-11-21 00:18:08",2019-11-21,0,0,939.42,34485,108,10260,NULL
4146192,"2003-11-21 00:18:08",2003-11-21,0,1,2804.27,23412,109,10260,NULL
4146192,"2016-11-21 00:18:08",2016-11-21,0,0,1403.68,34900,110,10260,NULL
4146192,"2017-11-21 00:18:08",2017-11-21,0,0,990.28,34900,111,10260,NULL
4146192,"2004-11-21 00:18:08",2004-11-21,0,0,1484.85,23412,112,10260,NULL
4146192,"2007-11-21 00:18:08",2007-11-21,0,0,1154.95,31087,113,10260,NULL
4146192,"2001-11-21 00:18:08",2001-11-21,0,0,1919.22,19237,114,10260,NULL
4146192,"2018-11-21 00:18:08",2018-11-21,0,0,925.14,34485,115,10260,NULL
4146192,"2000-11-21 00:18:08",2000-11-21,0,0,2102.98,19237,116,10260,NULL
4146192,"2002-11-21 00:18:08",2002-11-21,0,0,1792.78,19237,117,10260,NULL
4146192,"2009-11-21 00:18:08",2009-11-21,0,0,1001.33,29491,118,10260,NULL
4146192,"2013-11-21 00:18:08",2013-11-21,0,0,1342.14,28835,119,10260,NULL
4146192,"2015-11-21 00:18:08",2015-11-21,0,0,1349.2,34900,120,10260,NULL
4146192,"2008-11-21 00:18:08",2008-11-21,0,0,1066.28,31087,121,10260,NULL
4146192,"2006-11-21 00:18:08",2006-11-21,0,0,1226.33,31087,122,10260,NULL
4146192,"2012-11-21 00:18:08",2012-11-21,0,-1,1256.3,28835,123,10260,NULL
36482384,"2016-11-25 05:07:53",2016-11-25,0,0,1020.76,279700,124,NULL,86805
14544977,"2016-11-25 05:27:28",2016-11-25,0,0,3124.88,91120,125,NULL,NULL
14544977,"2010-11-25 05:27:28",2010-11-25,0,0,2916.06,91280,126,NULL,NULL
14544977,"2023-11-25 05:27:28",2023-11-25,0,0,4442.7,154400,127,NULL,NULL
14544977,"2002-11-25 05:27:28",2002-11-25,0,0,1806.12,78360,128,NULL,NULL
14544977,"2020-11-25 05:27:28",2020-11-25,0,0,3713.62,108200,129,NULL,NULL
14544977,"2022-11-25 05:27:28",2022-11-25,0,0,4487.24,130840,130,NULL,NULL
14544977,"2007-11-25 05:27:28",2007-11-25,0,0,2646.26,91280,131,NULL,NULL
14544977,"2018-11-25 05:27:28",2018-11-25,0,0,3295,97440,132,NULL,NULL
14544977,"2019-11-25 05:27:28",2019-11-25,0,0,3910.82,115240,133,NULL,NULL
4146192,"2005-11-21 00:18:08",2005-11-21,0,0,1413.82,23412,134,10260,NULL
14544977,"2005-11-25 05:27:28",2005-11-25,0,0,2289.36,82520,135,NULL,NULL
4146192,"2010-11-21 00:18:08",2010-11-21,0,0,1067.21,29491,136,10260,NULL
14544977,"2021-11-25 05:27:28",2021-11-25,0,0,3793.34,110680,137,NULL,NULL
6274832,"2017-11-21 00:15:48",2017-11-21,0,0,2985.32,226500,138,10222,NULL
14544977,"2003-11-25 05:27:28",2003-11-25,0,0,2089.46,78360,139,NULL,NULL
6274832,"2018-11-21 00:15:48",2018-11-21,0,0,3045.02,226500,140,10222,NULL
14544977,"2008-11-25 05:27:28",2008-11-25,0,0,2626.42,91280,141,NULL,NULL
6274832,"2020-11-21 00:15:48",2020-11-21,0,0,3529.05,354600,142,10222,NULL
14544977,"2014-11-25 05:27:28",2014-11-25,0,0,3124.88,96320,143,NULL,NULL
6274832,"2022-11-21 00:15:48",2022-11-21,0,0,3547.45,354600,144,10222,NULL
14544977,"2006-11-25 05:27:28",2006-11-25,0,0,2646.26,91280,145,NULL,NULL
14544977,"2004-11-25 05:27:28",2004-11-25,0,0,2223.3,82520,146,NULL,NULL
14544977,"2001-11-25 05:27:28",2001-11-25,0,0,1527.09,78360,147,NULL,NULL
6274832,"2014-11-21 00:15:48",2014-11-21,0,0,2971.17,NULL,148,10222,NULL
14544977,"2009-11-25 05:27:28",2009-11-25,0,0,2987.76,91280,149,NULL,NULL
6274832,"2016-11-21 00:15:48",2016-11-21,0,0,2985.32,226500,150,10222,NULL
6274832,"2015-11-21 00:15:48",2015-11-21,0,0,2985.32,226500,151,10222,NULL
6274832,"2021-11-21 00:15:48",2021-11-21,0,0,3536.41,354600,152,10222,NULL
6274832,"2023-11-21 00:15:48",2023-11-21,1,0,4361.9,575700,153,10222,NULL
6274832,"2019-11-21 00:15:48",2019-11-21,1,0,3513.45,354600,154,10222,NULL
350225682,"2022-11-21 00:19:07",2022-11-21,0,0,699.61,21500,155,10171,NULL
350225682,"2023-11-21 00:19:07",2023-11-21,0,0,699.61,21500,156,10171,NULL
7148564,"2024-11-21 00:19:38",2024-11-21,0,0,14515.33,743682,157,10182,30487
7148564,"2015-11-21 00:19:38",2015-11-21,0,0,11831.42,400482,158,10182,30487
14544977,"2017-11-25 05:27:28",2017-11-25,0,0,3107.02,88360,159,NULL,NULL
338644306,"2023-11-25 05:29:41",2023-11-25,1,1,1665.58,36000,160,NULL,62031
338644306,"2022-11-25 05:29:41",2022-11-25,0,0,1044.96,24000,161,NULL,62031
11433042,"2018-11-25 05:07:22",2018-11-25,0,-1,808.13,73400,162,NULL,437
11433042,"2021-11-25 05:07:22",2021-11-25,0,0,347.18,73400,163,NULL,437
11433042,"2024-11-25 05:07:22",2024-11-25,0,7,2687.17,73400,164,NULL,437
11433042,"2020-11-25 05:07:22",2020-11-25,0,0,340.24,73400,165,NULL,437
11433042,"2023-11-25 05:07:22",2023-11-25,0,0,347.18,73400,166,NULL,437
11433042,"2022-11-25 05:07:22",2022-11-25,0,0,347.18,73400,167,NULL,437
11433042,"2019-11-25 05:07:22",2019-11-25,0,-1,347.18,73400,168,NULL,437
11433042,"2016-11-25 05:07:22",2016-11-25,0,-1,347.18,73400,169,NULL,437
11433042,"2015-11-25 05:07:22",2015-11-25,0,0,2036.85,73400,170,NULL,437
11433042,"2017-11-25 05:07:22",2017-11-25,0,5,2221.08,73400,171,NULL,437
14796114,"2018-11-25 05:31:10",2018-11-25,0,0,8776.72,241520,172,NULL,62404
14796114,"2015-11-25 05:31:10",2015-11-25,0,0,7642.51,206680,173,NULL,62404
14796114,"2022-11-25 05:31:10",2022-11-25,0,0,8900.28,300160,174,NULL,62404
14796114,"2014-11-25 05:31:10",2014-11-25,0,0,7642.51,206680,175,NULL,62404
14796114,"2019-11-25 05:31:10",2019-11-25,0,0,8776.72,241520,176,NULL,62404
14796114,"2002-11-25 05:31:10",2002-11-25,0,0,4692.59,169600,177,NULL,62404
14796114,"2020-11-25 05:31:10",2020-11-25,0,0,9118.2,241520,178,NULL,62404
14796114,"2004-11-25 05:31:10",2004-11-25,0,0,2636.65,161024,179,NULL,62404
14796114,"2001-11-25 05:31:10",2001-11-25,0,0,4607.89,155176,180,NULL,62404
14796114,"2003-11-25 05:31:10",2003-11-25,0,0,2776.54,169600,181,NULL,62404
14796114,"2016-11-25 05:31:10",2016-11-25,0,0,8063.33,221520,182,NULL,62404
14796114,"2013-11-25 05:31:10",2013-11-25,0,0,7067.89,192760,183,NULL,62404
14796114,"2023-11-25 05:31:10",2023-11-25,0,0,10958.71,338800,184,NULL,62404
14796114,"2021-11-25 05:31:10",2021-11-25,0,0,9063.5,241520,185,NULL,62404
26139474,"2016-11-25 05:20:02",2016-11-25,0,0,188.69,52822,186,NULL,NULL
26139474,"2017-11-25 05:20:02",2017-11-25,0,0,208.88,58104,187,NULL,NULL
26139474,"2020-11-25 05:20:02",2020-11-25,0,0,259.19,75807,188,NULL,NULL
26139474,"2023-11-25 05:20:02",2023-11-25,0,0,232.13,100900,189,NULL,NULL
26139474,"2019-11-25 05:20:02",2019-11-25,0,0,213.75,68915,190,NULL,NULL
26139474,"2022-11-25 05:20:02",2022-11-25,0,0,225.56,91727,191,NULL,NULL
26139474,"2021-11-25 05:20:02",2021-11-25,0,0,259.19,83388,192,NULL,NULL
26139474,"2014-11-25 05:20:02",2014-11-25,0,0,224.11,48990,193,NULL,NULL
26139474,"2018-11-25 05:20:02",2018-11-25,0,0,213.75,62650,194,NULL,NULL
26139474,"2015-11-25 05:20:02",2015-11-25,0,0,224.11,48020,195,NULL,NULL
60952915,"2006-11-25 05:30:28",2006-11-25,0,0,514.96,122440,196,NULL,59808
60952915,"2001-11-25 05:30:28",2001-11-25,0,0,174.32,NULL,197,NULL,59808
60952915,"2004-11-25 05:30:28",2004-11-25,0,0,261.48,12000,198,NULL,59808
60952915,"2013-11-25 05:30:28",2013-11-25,0,0,769.52,107604,199,NULL,59808
60952915,"2023-11-25 05:30:28",2023-11-25,0,-1,1101.43,216208,200,NULL,59808
60952915,"2005-11-25 05:30:28",2005-11-25,9,1,508.96,114440,201,NULL,59808
60952915,"2020-11-25 05:30:28",2020-11-25,0,0,4032.48,155252,202,NULL,59808
60952915,"2019-11-25 05:30:28",2019-11-25,0,3,3783.58,142920,203,NULL,59808
60952915,"2000-11-25 05:30:28",2000-11-25,0,0,166.58,NULL,204,NULL,59808
60952915,"2021-11-25 05:30:28",2021-11-25,0,0,4312.67,160864,205,NULL,59808
60952915,"2002-11-25 05:30:28",2002-11-25,0,1,266.5,NULL,206,NULL,59808
60952915,"2014-11-25 05:30:28",2014-11-25,0,0,800.14,111604,207,NULL,59808
60952915,"2011-11-25 05:30:28",2011-11-25,0,0,816.29,113712,208,NULL,59808
60952915,"2015-11-25 05:30:28",2015-11-25,0,0,917.65,120780,209,NULL,59808
60952915,"2016-11-25 05:30:28",2016-11-25,0,0,917.65,120780,210,NULL,59808
60952915,"2022-11-25 05:30:28",2022-11-25,0,0,4863.93,197108,211,NULL,59808
60952915,"2017-11-25 05:30:28",2017-11-25,0,0,926.16,126780,212,NULL,59808
60952915,"2012-11-25 05:30:28",2012-11-25,0,0,777.42,108636,213,NULL,59808
60952915,"2003-11-25 05:30:28",2003-11-25,0,0,290.74,NULL,214,NULL,59808
61746003,"2024-11-25 05:26:20",2024-11-25,0,0,4064.29,184879,215,NULL,16678
61746003,"2017-11-25 05:26:20",2017-11-25,0,0,2098.14,135487,216,NULL,16678
61746003,"2023-11-25 05:26:20",2023-11-25,0,0,4137.46,167817,217,NULL,16678
61746003,"2019-11-25 05:26:20",2019-11-25,0,0,2269.81,105498,218,NULL,16678
61746003,"2018-11-25 05:26:20",2018-11-25,0,0,2098.14,136548,219,NULL,16678
61746003,"2016-11-25 05:26:20",2016-11-25,0,0,2098.14,130108,220,NULL,16678
61746003,"2021-11-25 05:26:20",2021-11-25,0,0,2585.54,152925,221,NULL,16678
61746003,"2022-11-25 05:26:20",2022-11-25,0,0,2846.35,155957,222,NULL,16678
61746003,"2020-11-25 05:26:20",2020-11-25,0,0,2388.63,146026,223,NULL,16678
61746003,"2014-11-25 05:26:20",2014-11-25,0,0,2360.08,95369,224,NULL,16678
61746003,"2015-11-25 05:26:20",2015-11-25,0,0,2360.08,123236,225,NULL,16678
14789460,"2023-11-25 05:31:12",2023-11-25,0,0,5916.53,160880,226,NULL,24967
14789460,"2020-11-25 05:31:12",2020-11-25,0,0,898.25,107600,227,NULL,24967
14789460,"2016-11-25 05:31:12",2016-11-25,0,0,786.71,94160,228,NULL,24967
14789460,"2014-11-25 05:31:12",2014-11-25,0,0,805.12,85560,229,NULL,24967
14789460,"2015-11-25 05:31:12",2015-11-25,0,0,805.12,85560,230,NULL,24967
14789460,"2019-11-25 05:31:12",2019-11-25,0,0,829.88,107600,231,NULL,24967
14789460,"2004-11-25 05:31:12",2004-11-25,0,0,1064.88,91560,232,NULL,24967
14789460,"2003-11-25 05:31:12",2003-11-25,0,0,889.15,74400,233,NULL,24967
14789460,"2021-11-25 05:31:12",2021-11-25,0,0,903.08,115120,234,NULL,24967
14789460,"2001-11-25 05:31:12",2001-11-25,0,0,1456.39,55680,235,NULL,24967
14789460,"2013-11-25 05:31:12",2013-11-25,0,0,695.63,76000,236,NULL,24967
14789460,"2018-11-25 05:31:12",2018-11-25,0,0,829.88,107600,237,NULL,24967
14789460,"2002-11-25 05:31:12",2002-11-25,0,0,1771.12,74400,238,NULL,24967
14789460,"2022-11-25 05:31:12",2022-11-25,0,0,0,128040,239,NULL,24967
29409876,"2016-11-25 05:23:46",2016-11-25,0,0,2201.57,314622,240,NULL,95194
29409876,"2002-11-25 05:23:46",2002-11-25,0,0,1085.2,132200,241,NULL,95194
29409876,"2014-11-25 05:23:46",2014-11-25,0,0,2201.57,260018,242,NULL,95194
29409876,"2018-11-25 05:23:46",2018-11-25,0,0,2355.68,374325,243,NULL,95194
29409876,"2023-11-25 05:23:46",2023-11-25,0,0,2687.06,512861,244,NULL,95194
29409876,"2019-11-25 05:23:46",2019-11-25,0,0,2676.48,385320,245,NULL,95194
29409876,"2022-11-25 05:23:46",2022-11-25,0,0,2790.64,466237,246,NULL,95194
29409876,"2017-11-25 05:23:46",2017-11-25,0,0,2355.68,340295,247,NULL,95194
29409876,"2020-11-25 05:23:46",2020-11-25,0,0,2930,385320,248,NULL,95194
29409876,"2015-11-25 05:23:46",2015-11-25,0,0,2201.57,286020,249,NULL,95194
68416596,"2018-11-25 05:17:30",2018-11-25,0,0,8213.83,294859,250,NULL,442
68416596,"2014-11-25 05:17:30",2014-11-25,0,0,6160.66,254778,251,NULL,442
7148564,"2014-11-21 00:19:38",2014-11-21,0,0,11484.73,379665,252,10182,30487
7148564,"2017-11-21 00:19:38",2017-11-21,0,0,11847.65,539774,253,10182,30487
7148564,"2023-11-21 00:19:38",2023-11-21,0,0,14092.69,678668,254,10182,30487
7148564,"2019-11-21 00:19:38",2019-11-21,0,0,12520.22,540231,255,10182,30487
7148564,"2021-11-21 00:19:38",2021-11-21,0,0,13283.23,562829,256,10182,30487
7148564,"2016-11-21 00:19:38",2016-11-21,0,0,11847.65,516454,257,10182,30487
7148564,"2022-11-21 00:19:38",2022-11-21,0,0,13682.29,566818,258,10182,30487
7148564,"2020-11-21 00:19:38",2020-11-21,0,0,12895.75,556619,259,10182,30487
7148564,"2018-11-21 00:19:38",2018-11-21,0,0,11847.65,540231,260,10182,30487
108778005,"2018-11-21 00:19:02",2018-11-21,0,0,982.78,31150,261,12893,NULL
108778005,"2019-11-21 00:19:02",2019-11-21,0,0,982.78,31150,262,12893,NULL
108778005,"2016-11-21 00:19:02",2016-11-21,0,0,982.79,24225,263,12893,NULL
108778005,"2017-11-21 00:19:02",2017-11-21,0,0,982.79,31150,264,12893,NULL
108778005,"2015-11-21 00:19:02",2015-11-21,0,0,1094.01,24225,265,12893,NULL
108778005,"2022-11-21 00:19:02",2022-11-21,0,0,1432.57,44025,266,12893,NULL
108778005,"2020-11-21 00:19:02",2020-11-21,0,0,1314.84,31150,267,12893,NULL
108778005,"2023-11-21 00:19:02",2023-11-21,0,0,1432.57,44025,268,12893,NULL
108778005,"2014-11-21 00:19:02",2014-11-21,0,0,1094.01,24225,269,12893,NULL
108778005,"2021-11-21 00:19:02",2021-11-21,0,0,1447.54,44025,270,12893,NULL
20809751,"2020-11-21 00:20:17",2020-11-21,0,0,23584.56,1942317,271,9977,13197
20809751,"2023-11-21 00:20:17",2023-11-21,0,0,24794.49,2041719,272,9977,13197
20809751,"2015-11-21 00:20:17",2015-11-21,0,0,21554.24,1767451,273,9977,13197
20809751,"2022-11-21 00:20:17",2022-11-21,0,0,23631.4,2001686,274,9977,13197
20809751,"2017-11-21 00:20:17",2017-11-21,0,0,22540.04,1830291,275,9977,13197
20809751,"2016-11-21 00:20:17",2016-11-21,0,0,22043.47,1794404,276,9977,13197
20809751,"2014-11-21 00:20:17",2014-11-21,0,0,21294.45,1732830,277,9977,13197
20809751,"2024-11-21 00:20:17",2024-11-21,0,0,25290.35,2082552,278,9977,13197
20809751,"2018-11-21 00:20:17",2018-11-21,0,0,22540.04,1866896,279,9977,13197
20809751,"2019-11-21 00:20:17",2019-11-21,0,0,23584.56,1904233,280,9977,13197
20809751,"2021-11-21 00:20:17",2021-11-21,0,0,23343.17,1962438,281,9977,13197
20771607,"2022-11-21 00:20:14",2022-11-21,0,0,14960.05,918874,282,10026,13314
20771607,"2020-11-21 00:20:14",2020-11-21,0,0,10847.33,891622,283,10026,13314
20771607,"2014-11-21 00:20:14",2014-11-21,0,0,3688.19,291010,284,10026,13314
20771607,"2019-11-21 00:20:14",2019-11-21,0,0,10847.33,874140,285,10026,13314
20771607,"2024-11-21 00:20:14",2024-11-21,0,0,16075.1,1326000,286,10026,13314
20771607,"2021-11-21 00:20:14",2021-11-21,0,0,10738.7,900858,287,10026,13314
20771607,"2016-11-21 00:20:14",2016-11-21,0,1,8862.66,301348,288,10026,13314
20771607,"2023-11-21 00:20:14",2023-11-21,0,0,15759.37,1300000,289,10026,13314
20771607,"2018-11-21 00:20:14",2018-11-21,0,0,10323.68,857000,290,10026,13314
20771607,"2017-11-21 00:20:14",2017-11-21,1,0,10323.68,730000,291,10026,13314
20771607,"2015-11-21 00:20:14",2015-11-21,0,0,3722.86,296823,292,10026,13314
60650264,"2022-11-21 00:15:41",2022-11-21,0,0,1406.79,142100,293,12690,NULL
60650264,"2021-11-21 00:15:41",2021-11-21,0,0,1208.79,122100,294,12690,NULL
60650264,"2019-11-21 00:15:41",2019-11-21,0,0,1085.71,108300,295,12690,NULL
60650264,"2018-11-21 00:15:41",2018-11-21,0,0,1085.71,108300,296,12690,NULL
60650264,"2023-11-21 00:15:41",2023-11-21,0,0,1406.79,142100,297,12690,NULL
60650264,"2020-11-21 00:15:41",2020-11-21,0,0,1312.39,118500,298,12690,NULL
60650264,"2017-11-21 00:15:41",2017-11-21,0,0,998.5,99600,299,12690,NULL
10544156,"2014-11-21 00:15:06",2014-11-21,9,0,902.87,64500,300,NULL,83642
10544156,"2018-11-21 00:15:06",2018-11-21,0,0,869.28,NULL,301,NULL,83642
10544156,"2021-11-21 00:15:06",2021-11-21,0,0,902.87,NULL,302,NULL,83642
10544156,"2016-11-21 00:15:06",2016-11-21,0,0,902.87,NULL,303,NULL,83642
10544156,"2024-11-21 00:15:06",2024-11-21,0,0,1541.18,110100,304,NULL,83642
10544156,"2022-11-21 00:15:06",2022-11-21,0,0,902.87,NULL,305,NULL,83642
10544156,"2012-11-21 00:15:06",2012-11-21,0,0,864.3,6560,306,NULL,83642
10544156,"2017-11-21 00:15:06",2017-11-21,0,0,862.08,NULL,307,NULL,83642
10544156,"2015-11-21 00:15:06",2015-11-21,0,0,902.87,NULL,308,NULL,83642
10544156,"2023-11-21 00:15:06",2023-11-21,0,1,1541.18,110100,309,NULL,83642
62711068,"2019-11-21 00:14:54",2019-11-21,1,0,3766.24,27600,310,9915,51801
62711068,"2020-11-21 00:14:54",2020-11-21,0,0,3794.84,31740,311,9915,51801
62711068,"2016-11-21 00:14:54",2016-11-21,0,0,2676.78,14940,312,9915,51801
62711068,"2017-11-21 00:14:54",2017-11-21,0,0,3228.16,15836,313,9915,51801
62711068,"2014-11-21 00:14:54",2014-11-21,0,0,2562,14940,314,9915,51801
62711068,"2015-11-21 00:14:54",2015-11-21,0,0,2676.78,14940,315,9915,51801
10389790,"2014-11-21 00:15:00",2014-11-21,7,0,809.08,49000,316,11230,83490
10389790,"2012-11-21 00:15:00",2012-11-21,0,0,656.6,6528,317,11230,83490
10389790,"2018-11-21 00:15:00",2018-11-21,0,0,1587.37,NULL,318,11230,83490
10389790,"2023-11-21 00:15:00",2023-11-21,0,0,2019.91,144300,319,11230,83490
10389790,"2015-11-21 00:15:00",2015-11-21,0,0,809.08,NULL,320,11230,83490
10389790,"2016-11-21 00:15:00",2016-11-21,0,0,809.08,NULL,321,11230,83490
10389790,"2017-11-21 00:15:00",2017-11-21,0,1,1587.37,NULL,322,11230,83490
10389790,"2022-11-21 00:15:00",2022-11-21,0,0,1720.35,NULL,323,11230,83490
10389790,"2021-11-21 00:15:00",2021-11-21,0,0,1720.35,NULL,324,11230,83490
10389790,"2024-11-21 00:15:00",2024-11-21,0,0,2019.91,144300,325,11230,83490
7168289,"2018-11-21 00:19:40",2018-11-21,0,0,2611.49,121369,326,10181,30390
7168289,"2023-11-21 00:19:40",2023-11-21,0,0,3143.24,149575,327,10181,30390
7168289,"2017-11-21 00:19:40",2017-11-21,0,0,2611.49,114255,328,10181,30390
7168289,"2020-11-21 00:19:40",2020-11-21,0,0,2925.67,132983,329,10181,30390
7168289,"2015-11-21 00:19:40",2015-11-21,0,0,2530.36,102166,330,10181,30390
7168289,"2021-11-21 00:19:40",2021-11-21,0,0,2962.32,139546,331,10181,30390
7168289,"2019-11-21 00:19:40",2019-11-21,0,0,2791.77,121369,332,10181,30390
7168289,"2022-11-21 00:19:40",2022-11-21,0,0,3190.87,140014,333,10181,30390
7168289,"2014-11-21 00:19:40",2014-11-21,0,0,2530.36,83707,334,10181,30390
7168289,"2024-11-21 00:19:40",2024-11-21,0,0,3237.39,165012,335,10181,30390
7168289,"2016-11-21 00:19:40",2016-11-21,0,0,2611.49,116957,336,10181,30390
113376548,"2021-11-21 00:17:33",2021-11-21,0,0,2122.44,151906,337,12307,72562
113376548,"2019-11-21 00:17:33",2019-11-21,0,0,2070.5,146441,338,12307,72562
113376548,"2023-11-21 00:17:33",2023-11-21,1,1,4135.33,292070,339,12307,72562
113376548,"2014-11-21 00:17:33",2014-11-21,0,0,1899.15,129807,340,12307,72562
113376548,"2022-11-21 00:17:33",2022-11-21,0,0,2144,156463,341,12307,72562
113376548,"2015-11-21 00:17:33",2015-11-21,0,0,1994.94,130845,342,12307,72562
113376548,"2016-11-21 00:17:33",2016-11-21,0,0,2010.52,137861,343,12307,72562
113376548,"2017-11-21 00:17:33",2017-11-21,0,0,2040.09,140756,344,12307,72562
113376548,"2018-11-21 00:17:33",2018-11-21,0,0,2040.09,143711,345,12307,72562
113376548,"2020-11-21 00:17:33",2020-11-21,0,0,2098.82,149809,346,12307,72562
80850213,"2012-11-21 00:18:12",2012-11-21,0,0,1915.03,10672,347,12820,NULL
80850213,"2007-11-21 00:18:12",2007-11-21,0,0,3302.08,23250,348,12820,NULL
80850213,"2019-11-21 00:18:12",2019-11-21,0,0,3781.16,18820,349,12820,NULL
80850213,"2022-11-21 00:18:12",2022-11-21,0,0,3850.19,18719,350,12820,NULL
80850213,"2011-11-21 00:18:12",2011-11-21,0,0,2165.25,13362,351,12820,NULL
80850213,"2013-11-21 00:18:12",2013-11-21,0,0,1940.97,10672,352,12820,NULL
80850213,"2008-11-21 00:18:12",2008-11-21,0,0,3069.24,21396,353,12820,NULL
80850213,"2015-11-21 00:18:12",2015-11-21,0,0,2607.19,14228,354,12820,NULL
80850213,"2016-11-21 00:18:12",2016-11-21,0,0,2849.71,14228,355,12820,NULL
80850213,"2017-11-21 00:18:12",2017-11-21,0,0,3062.84,14228,356,12820,NULL
80850213,"2021-11-21 00:18:12",2021-11-21,0,0,3764.25,18719,357,12820,NULL
80850213,"2009-11-21 00:18:12",2009-11-21,0,0,3123.83,20033,358,12820,NULL
80850213,"2014-11-21 00:18:12",2014-11-21,0,0,1980.04,10672,359,12820,NULL
80850213,"2006-11-21 00:18:12",2006-11-21,0,0,3337.72,23250,360,12820,NULL
80850213,"2010-11-21 00:18:12",2010-11-21,0,0,2174.32,13362,361,12820,NULL
80850213,"2020-11-21 00:18:12",2020-11-21,0,0,3861.73,17335,362,12820,NULL
80850213,"2018-11-21 00:18:12",2018-11-21,0,0,3717.57,18820,363,12820,NULL
338426663,"2023-11-21 00:15:59",2023-11-21,1,0,2516.4,337000,364,10212,NULL
338426663,"2022-11-21 00:15:59",2022-11-21,0,0,2176.01,221400,365,10212,NULL
6320425,"2017-11-21 00:15:52",2017-11-21,0,0,4797.48,366500,366,10227,NULL
6320425,"2014-11-21 00:15:52",2014-11-21,0,0,4769.33,366500,367,10227,NULL
6320425,"2022-11-21 00:15:52",2022-11-21,0,0,4767.21,481000,368,10227,NULL
6320425,"2016-11-21 00:15:52",2016-11-21,0,0,4797.48,366500,369,10227,NULL
6320425,"2019-11-21 00:15:52",2019-11-21,0,0,4697.5,477300,370,10227,NULL
6320425,"2018-11-21 00:15:52",2018-11-21,0,0,4881.68,366500,371,10227,NULL
6320425,"2023-11-21 00:15:52",2023-11-21,0,0,5423.27,720400,372,10227,NULL
6320425,"2015-11-21 00:15:52",2015-11-21,0,0,4797.48,366500,373,10227,NULL
6320425,"2021-11-21 00:15:52",2021-11-21,0,0,4756.17,481000,374,10227,NULL
6320425,"2020-11-21 00:15:52",2020-11-21,0,0,4756.53,477300,375,10227,NULL
247529005,"2020-11-21 00:16:03",2020-11-21,0,0,1516.27,11080,376,10249,23911
247529005,"2021-11-21 00:16:03",2021-11-21,0,0,1463.67,11080,377,10249,23911
247529005,"2017-11-21 00:16:03",2017-11-21,0,0,1516.27,2700,378,10249,23911
247529005,"2022-11-21 00:16:03",2022-11-21,0,0,1397.22,11080,379,10249,23911
247529005,"2023-11-21 00:16:03",2023-11-21,2,5,8032.56,28800,380,10249,23911
247529005,"2019-11-21 00:16:03",2019-11-21,3,0,1516.27,11080,381,10249,23911
61869870,"2023-11-21 00:19:15",2023-11-21,0,0,6765.66,653180,382,NULL,55654
61869870,"2020-11-21 00:19:15",2020-11-21,0,0,9740.31,516610,383,NULL,55654
61869870,"2017-11-21 00:19:15",2017-11-21,0,0,10280.59,460200,384,NULL,55654
61869870,"2014-11-21 00:19:15",2014-11-21,0,0,7875.62,347370,385,NULL,55654
61869870,"2021-11-21 00:19:15",2021-11-21,0,0,8152.51,460200,386,NULL,55654
61869870,"2022-11-21 00:19:15",2022-11-21,0,0,7441.36,460200,387,NULL,55654
61869870,"2018-11-21 00:19:15",2018-11-21,0,0,10096.89,516610,388,NULL,55654
61869870,"2019-11-21 00:19:15",2019-11-21,0,0,9806.87,516610,389,NULL,55654
61869870,"2016-11-21 00:19:15",2016-11-21,0,0,9362.08,460200,390,NULL,55654
61869870,"2015-11-21 00:19:15",2015-11-21,0,0,7875.62,385970,391,NULL,55654
88183854,"2016-11-21 00:17:58",2016-11-21,0,0,2551.44,16800,392,11265,90288
88183854,"2005-11-21 00:17:58",2005-11-21,0,0,510.79,42103,393,11265,90288
88183854,"2015-11-21 00:17:58",2015-11-21,0,0,2551.44,16800,394,11265,90288
88183854,"2000-11-21 00:17:58",2000-11-21,0,0,2348.65,30100,395,11265,90288
88183854,"2019-11-21 00:17:58",2019-11-21,0,0,1294.97,12800,396,11265,90288
88183854,"2010-11-21 00:17:58",2010-11-21,0,0,2551.44,33811,397,11265,90288
88183854,"2013-11-21 00:17:58",2013-11-21,0,0,2359.8,23598,398,11265,90288
88183854,"2020-11-21 00:17:58",2020-11-21,0,1,1989.23,16100,399,11265,90288
88183854,"2018-11-21 00:17:58",2018-11-21,0,0,1294.97,12200,400,11265,90288
48751150,"2017-11-21 00:19:48",2017-11-21,0,0,142.79,218000,401,10138,41230
48751150,"2021-11-21 00:19:48",2021-11-21,0,0,134.17,74000,402,10138,41230
48751150,"2001-11-21 00:19:48",2001-11-21,0,0,213.1,74000,403,10138,41230
48751150,"2023-11-21 00:19:48",2023-11-21,0,0,128.81,74000,404,10138,41230
48751150,"2018-11-21 00:19:48",2018-11-21,-1,0,137.45,74000,405,10138,41230
48751150,"2019-11-21 00:19:48",2019-11-21,0,0,136.81,74000,406,10138,41230
48751150,"2015-11-21 00:19:48",2015-11-21,0,0,148.43,160000,407,10138,41230
48751150,"2013-11-21 00:19:48",2013-11-21,0,0,148.43,131000,408,10138,41230
48751150,"2016-11-21 00:19:48",2016-11-21,0,0,148.43,187000,409,10138,41230
48751150,"2000-11-21 00:19:48",2000-11-21,0,0,147.02,65700,410,10138,41230
48751150,"2014-11-21 00:19:48",2014-11-21,0,0,148.43,154000,411,10138,41230
48751150,"2020-11-21 00:19:48",2020-11-21,0,0,140.6,74000,412,10138,41230
33363504,"2011-11-21 00:17:46",2011-11-21,0,0,1180,19080,413,11216,70449
33363504,"2017-11-21 00:17:46",2017-11-21,0,1,1395.26,10850,414,11216,70449
33363504,"2006-11-21 00:17:46",2006-11-21,0,0,1274.12,22610,415,11216,70449
33363504,"2008-11-21 00:17:46",2008-11-21,0,0,1317.94,22610,416,11216,70449
33363504,"2022-11-21 00:17:46",2022-11-21,0,0,1322.78,17150,417,11216,70449
33363504,"2020-11-21 00:17:46",2020-11-21,0,0,1150.06,13020,418,11216,70449
68416596,"2023-11-25 05:17:30",2023-11-25,0,0,3303.86,480878,419,NULL,442
68416596,"2022-11-25 05:17:30",2022-11-25,0,0,2762.71,398507,420,NULL,442
68416596,"2017-11-25 05:17:30",2017-11-25,0,0,8213.83,294859,421,NULL,442
68416596,"2019-11-25 05:17:30",2019-11-25,0,-1,2354.59,300217,422,NULL,442
68416596,"2020-11-25 05:17:30",2020-11-25,0,0,2456.22,318376,423,NULL,442
68416596,"2015-11-25 05:17:30",2015-11-25,0,0,6160.66,267222,424,NULL,442
68416596,"2016-11-25 05:17:30",2016-11-25,0,0,6596.93,294859,425,NULL,442
20583509,"2022-11-25 05:26:55",2022-11-25,0,0,8698.36,714000,426,NULL,13416
20583509,"2018-11-25 05:26:55",2018-11-25,0,0,5774.8,461585,427,NULL,13416
20583509,"2016-11-25 05:26:55",2016-11-25,0,0,5653.2,443663,428,NULL,13416
20583509,"2020-11-25 05:26:55",2020-11-25,0,0,6116.8,480231,429,NULL,13416
20583509,"2017-11-25 05:26:55",2017-11-25,0,0,5774.8,452535,430,NULL,13416
20583509,"2024-11-25 05:26:55",2024-11-25,0,0,9325.47,747005,431,NULL,13416
20583509,"2014-11-25 05:26:55",2014-11-25,0,0,610.28,30551,432,NULL,13416
20583509,"2021-11-25 05:26:55",2021-11-25,0,0,6058.56,485205,433,NULL,13416
20583509,"2019-11-25 05:26:55",2019-11-25,0,0,6116.8,470816,434,NULL,13416
20583509,"2023-11-25 05:26:55",2023-11-25,0,0,9162.21,728280,435,NULL,13416
20583509,"2015-11-25 05:26:55",2015-11-25,13,8,5508,437000,436,NULL,13416
44582229,"2018-11-25 05:13:43",2018-11-25,0,0,2307.72,158062,437,NULL,72627
44582229,"2019-11-25 05:13:43",2019-11-25,0,0,2340.82,161065,438,NULL,72627
44582229,"2003-11-25 05:13:43",2003-11-25,0,0,1404.22,97915,439,NULL,72627
44582229,"2005-11-25 05:13:43",2005-11-25,0,0,1433.48,102671,440,NULL,72627
44582229,"2014-11-25 05:13:43",2014-11-25,0,0,2280.42,137881,441,NULL,72627
44582229,"2021-11-25 05:13:43",2021-11-25,0,0,2869.81,193583,442,NULL,72627
44582229,"2015-11-25 05:13:43",2015-11-25,0,0,2259.22,150573,443,NULL,72627
44582229,"2017-11-25 05:13:43",2017-11-25,0,0,2307.72,154811,444,NULL,72627
44582229,"2020-11-25 05:13:43",2020-11-25,0,0,2840.54,190911,445,NULL,72627
44582229,"2023-11-25 05:13:43",2023-11-25,0,0,3162.41,205371,446,NULL,72627
44582229,"2016-11-25 05:13:43",2016-11-25,0,0,2275.65,151627,447,NULL,72627
44582229,"2022-11-25 05:13:43",2022-11-25,0,0,2893.06,199390,448,NULL,72627
60648789,"2018-11-25 05:08:03",2018-11-25,0,0,1976.93,197200,449,NULL,NULL
60648789,"2014-11-25 05:08:03",2014-11-25,0,0,1834.48,181700,450,NULL,NULL
60648789,"2017-11-25 05:08:03",2017-11-25,0,0,1976.94,197200,451,NULL,NULL
60648789,"2019-11-25 05:08:03",2019-11-25,0,0,1976.93,197200,452,NULL,NULL
60648789,"2021-11-25 05:08:03",2021-11-25,0,0,2012.67,203300,453,NULL,NULL
60648789,"2022-11-25 05:08:03",2022-11-25,0,0,2279.97,230300,454,NULL,NULL
60648789,"2015-11-25 05:08:03",2015-11-25,0,0,1834.48,185300,455,NULL,NULL
60648789,"2023-11-25 05:08:03",2023-11-25,0,0,2553.21,257900,456,NULL,NULL
60648789,"2016-11-25 05:08:03",2016-11-25,0,0,1882.98,190200,457,NULL,NULL
60648789,"2020-11-25 05:08:03",2020-11-25,0,0,2137.48,193000,458,NULL,NULL
35877973,"2020-11-25 05:09:45",2020-11-25,0,0,6017.9,145360,459,17832,NULL
35877973,"2021-11-25 05:09:45",2021-11-25,0,0,4025.69,164400,460,17832,NULL
35877973,"2015-11-25 05:09:45",2015-11-25,0,0,2848.6,83560,461,17832,NULL
35877973,"2004-11-25 05:09:45",2004-11-25,0,-1,625.55,88440,462,17832,NULL
35877973,"2003-11-25 05:09:45",2003-11-25,0,3,2833.45,85520,463,17832,NULL
35877973,"2014-11-25 05:09:45",2014-11-25,0,0,2478.37,83560,464,17832,NULL
35877973,"2017-11-25 05:09:45",2017-11-25,0,0,4242.46,83560,465,17832,NULL
35877973,"2007-11-25 05:09:45",2007-11-25,0,0,722.91,116360,466,17832,NULL
35877973,"2002-11-25 05:09:45",2002-11-25,0,-1,695.97,75560,467,17832,NULL
35877973,"2022-11-25 05:09:45",2022-11-25,0,0,4350.76,177680,468,17832,NULL
35877973,"2010-11-25 05:09:45",2010-11-25,0,0,2729.39,85960,469,17832,NULL
35877973,"2023-11-25 05:09:45",2023-11-25,0,0,5055.09,233000,470,17832,NULL
35877973,"2018-11-25 05:09:45",2018-11-25,0,0,4242.46,122840,471,17832,NULL
35877973,"2019-11-25 05:09:45",2019-11-25,0,0,4242.46,125840,472,17832,NULL
35877973,"2012-11-25 05:09:45",2012-11-25,0,0,569.31,81680,473,17832,NULL
35877973,"2001-11-25 05:09:45",2001-11-25,0,0,1994.68,65800,474,17832,NULL
35877973,"2016-11-25 05:09:45",2016-11-25,0,0,2840.4,83560,475,17832,NULL
70352214,"2022-11-25 05:23:50",2022-11-25,0,0,28409.86,1424530,476,NULL,439
70352214,"2023-11-25 05:23:50",2023-11-25,0,0,27720.04,1566983,477,NULL,439
70352214,"2017-11-25 05:23:50",2017-11-25,0,5,27906.34,1156642,478,NULL,439
70352214,"2020-11-25 05:23:50",2020-11-25,0,0,27355.25,1177297,479,NULL,439
70352214,"2016-11-25 05:23:50",2016-11-25,1,0,4439.63,1274446,480,NULL,439
70352214,"2014-11-25 05:23:50",2014-11-25,0,0,4439.63,160000,481,NULL,439
70352214,"2015-11-25 05:23:50",2015-11-25,4,0,4439.63,825438,482,NULL,439
70352214,"2019-11-25 05:23:50",2019-11-25,0,0,27472.56,1177297,483,NULL,439
70352214,"2018-11-25 05:23:50",2018-11-25,0,0,27906.34,1226385,484,NULL,439
35901782,"2022-11-25 05:09:55",2022-11-25,0,0,6425.02,158760,485,9032,27001
35901782,"2021-11-25 05:09:55",2021-11-25,1,1,5690.85,140480,486,9032,27001
35901782,"2016-11-25 05:09:55",2016-11-25,0,0,2630.4,60000,487,9032,27001
35901782,"2010-11-25 05:09:55",2010-11-25,0,2,3650.24,97240,488,9032,27001
35901782,"2014-11-25 05:09:55",2014-11-25,0,0,2312.39,60000,489,9032,27001
35901782,"2017-11-25 05:09:55",2017-11-25,0,0,2523,60000,490,9032,27001
35901782,"2007-11-25 05:09:55",2007-11-25,0,0,1102.39,104680,491,9032,27001
35901782,"2009-11-25 05:09:55",2009-11-25,0,0,1100.7,104520,492,9032,27001
35901782,"2013-11-25 05:09:55",2013-11-25,0,0,2647.26,60000,493,9032,27001
35901782,"2023-11-25 05:09:55",2023-11-25,0,0,5916.81,185480,494,9032,27001
35901782,"2020-11-25 05:09:55",2020-11-25,0,0,3312,80000,495,9032,27001
35901782,"2018-11-25 05:09:55",2018-11-25,1,0,2523,138840,496,9032,27001
35901782,"2019-11-25 05:09:55",2019-11-25,0,0,2523,80000,497,9032,27001
35901782,"2015-11-25 05:09:55",2015-11-25,1,0,2635.6,99240,498,9032,27001
35901782,"2012-11-25 05:09:55",2012-11-25,0,0,3482.06,92200,499,9032,27001
366575703,"2023-11-25 05:10:59",2023-11-25,0,0,73.49,3828,500,NULL,103901
14722135,"2023-11-25 05:31:33",2023-11-25,0,0,4607.45,116240,501,NULL,64221
14722135,"2002-11-25 05:31:33",2002-11-25,0,0,1839.7,55000,502,NULL,64221
14722135,"2013-11-25 05:31:33",2013-11-25,0,0,1502.32,30440,503,NULL,64221
14722135,"2003-11-25 05:31:33",2003-11-25,0,0,924.76,55000,504,NULL,64221
14722135,"2022-11-25 05:31:33",2022-11-25,0,0,4574.39,116240,505,NULL,64221
14722135,"2018-11-25 05:31:33",2018-11-25,0,0,3015.31,74440,506,NULL,64221
14722135,"2020-11-25 05:31:33",2020-11-25,0,0,3613.21,87680,507,NULL,64221
14722135,"2016-11-25 05:31:33",2016-11-25,0,0,2358.49,55200,508,NULL,64221
14722135,"2015-11-25 05:31:33",2015-11-25,0,0,2375.4,55200,509,NULL,64221
14722135,"2019-11-25 05:31:33",2019-11-25,0,0,3015.31,74440,510,NULL,64221
14722135,"2021-11-25 05:31:33",2021-11-25,0,0,3594.05,87680,511,NULL,64221
14722135,"2014-11-25 05:31:33",2014-11-25,1,1,2375.4,55200,512,NULL,64221
14722135,"2001-11-25 05:31:33",2001-11-25,0,0,1855.65,55000,513,NULL,64221
4021080,"2004-11-25 05:15:24",2004-11-25,0,0,566.83,10870,514,NULL,77376
4021080,"2009-11-25 05:15:24",2009-11-25,0,0,2000.76,14611,515,NULL,77376
4021080,"2017-11-25 05:15:24",2017-11-25,0,0,3027.74,14065,516,NULL,77376
4021080,"2019-11-25 05:15:24",2019-11-25,0,0,2257.78,14667,517,NULL,77376
4021080,"2022-11-25 05:15:24",2022-11-25,0,0,2793.11,17000,518,NULL,77376
4021080,"2008-11-25 05:15:24",2008-11-25,0,0,2342.26,16328,519,NULL,77376
4021080,"2018-11-25 05:15:24",2018-11-25,0,0,2897.21,14667,520,NULL,77376
4021080,"2000-11-25 05:15:24",2000-11-25,0,0,855.82,9303,521,NULL,77376
4021080,"2015-11-25 05:15:24",2015-11-25,0,0,2577.32,14065,522,NULL,77376
4021080,"2003-11-25 05:15:24",2003-11-25,0,0,644.97,10870,523,NULL,77376
4021080,"2012-11-25 05:15:24",2012-11-25,0,0,1878.83,12965,524,NULL,77376
4021080,"2007-11-25 05:15:24",2007-11-25,0,0,2318.96,16328,525,NULL,77376
4021080,"2002-11-25 05:15:24",2002-11-25,0,0,729.59,9303,526,NULL,77376
4021080,"2020-11-25 05:15:24",2020-11-25,0,0,2249.46,13200,527,NULL,77376
4021080,"2016-11-25 05:15:24",2016-11-25,0,0,2817.06,14065,528,NULL,77376
4021080,"2011-11-25 05:15:24",2011-11-25,0,0,2040.33,14611,529,NULL,77376
4021080,"2010-11-25 05:15:24",2010-11-25,0,0,2081.67,14611,530,NULL,77376
4021080,"1999-11-25 05:15:24",1999-11-25,0,0,855.82,7923,531,NULL,77376
4021080,"2021-11-25 05:15:24",2021-11-25,0,0,2748.85,17000,532,NULL,77376
4021080,"2013-11-25 05:15:24",2013-11-25,0,0,1879.76,12965,533,NULL,77376
4021080,"2001-11-25 05:15:24",2001-11-25,0,0,780.82,9303,534,NULL,77376
4021080,"2005-11-25 05:15:24",2005-11-25,0,1,1292.37,10870,535,NULL,77376
4021080,"2006-11-25 05:15:24",2006-11-25,1,1,2344.01,16328,536,NULL,77376
4021080,"2014-11-25 05:15:24",2014-11-25,0,0,2405.54,12965,537,NULL,77376
7117400,"2024-11-25 05:25:29",2024-11-25,0,0,3619.01,182544,538,NULL,34811
7117400,"2021-11-25 05:25:29",2021-11-25,0,0,3311.56,149004,539,NULL,34811
7117400,"2015-11-25 05:25:29",2015-11-25,0,0,2947.99,113954,540,NULL,34811
7117400,"2014-11-25 05:25:29",2014-11-25,0,0,2861.85,94674,541,NULL,34811
7117400,"2023-11-25 05:25:29",2023-11-25,0,0,3513.74,157942,542,NULL,34811
7117400,"2018-11-25 05:25:29",2018-11-25,0,0,2953.4,133356,543,NULL,34811
7117400,"2020-11-25 05:25:29",2020-11-25,0,0,3214.52,144022,544,NULL,34811
7117400,"2019-11-25 05:25:29",2019-11-25,0,0,3120.96,133356,545,NULL,34811
7117400,"2017-11-25 05:25:29",2017-11-25,0,0,2953.4,135049,546,NULL,34811
7117400,"2016-11-25 05:25:29",2016-11-25,0,0,2953.4,128112,547,NULL,34811
7117400,"2022-11-25 05:25:29",2022-11-25,0,0,3411.47,150103,548,NULL,34811
46185304,"2005-11-25 05:13:39",2005-11-25,0,0,2215.78,153972,549,NULL,105022
46185304,"2013-11-25 05:13:39",2013-11-25,0,0,1447.45,115324,550,NULL,105022
46185304,"2000-11-25 05:13:39",2000-11-25,0,0,1804.89,107345,551,NULL,105022
46185304,"2015-11-25 05:13:39",2015-11-25,0,0,1421.71,148104,552,NULL,105022
46185304,"2006-11-25 05:13:39",2006-11-25,0,0,3159.95,193449,553,NULL,105022
46185304,"2020-11-25 05:13:39",2020-11-25,0,0,1551.71,127135,554,NULL,105022
46185304,"2023-11-25 05:13:39",2023-11-25,0,0,1707.07,136765,555,NULL,105022
46185304,"2011-11-25 05:13:39",2011-11-25,0,0,1426.26,111601,556,NULL,105022
46185304,"2018-11-25 05:13:39",2018-11-25,0,0,1490.84,121960,557,NULL,105022
46185304,"2007-11-25 05:13:39",2007-11-25,0,0,2924.09,246206,558,NULL,105022
46185304,"2001-11-25 05:13:39",2001-11-25,0,0,1848.46,109505,559,NULL,105022
46185304,"2002-11-25 05:13:39",2002-11-25,0,0,1832.74,120699,560,NULL,105022
46185304,"2021-11-25 05:13:39",2021-11-25,0,0,1571.85,128915,561,NULL,105022
46185304,"2017-11-25 05:13:39",2017-11-25,0,0,1490.84,177313,562,NULL,105022
46185304,"2010-11-25 05:13:39",2010-11-25,0,0,1432.64,115036,563,NULL,105022
46185304,"2003-11-25 05:13:39",2003-11-25,0,0,2101.46,125385,564,NULL,105022
46185304,"2019-11-25 05:13:39",2019-11-25,0,0,1517.11,124277,565,NULL,105022
46185304,"2012-11-25 05:13:39",2012-11-25,0,0,1426.24,111659,566,NULL,105022
46185304,"2016-11-25 05:13:39",2016-11-25,0,0,1450.98,169950,567,NULL,105022
46185304,"2004-11-25 05:13:39",2004-11-25,0,0,2114.79,130238,568,NULL,105022
46185304,"2014-11-25 05:13:39",2014-11-25,0,0,1483.77,130228,569,NULL,105022
46185304,"2022-11-25 05:13:39",2022-11-25,0,0,1611.58,132782,570,NULL,105022
46185304,"2008-11-25 05:13:39",2008-11-25,0,0,2800.03,203436,571,NULL,105022
33828697,"2020-11-25 05:14:19",2020-11-25,0,0,1136.72,21320,572,NULL,78925
33828697,"2010-11-25 05:14:19",2010-11-25,0,0,1173.86,20615,573,NULL,78925
33828697,"2013-11-25 05:14:19",2013-11-25,0,0,455.05,14875,574,NULL,78925
33828697,"2017-11-25 05:14:19",2017-11-25,0,0,1132.28,18240,575,NULL,78925
33828697,"2001-11-25 05:14:19",2001-11-25,0,0,640.62,NULL,576,NULL,78925
33828697,"2015-11-25 05:14:19",2015-11-25,0,0,874.58,14140,577,NULL,78925
33828697,"2011-11-25 05:14:19",2011-11-25,0,0,890.32,14875,578,NULL,78925
33828697,"2005-11-25 05:14:19",2005-11-25,0,0,888.42,NULL,579,NULL,78925
33828697,"2006-11-25 05:14:19",2006-11-25,0,0,925.92,NULL,580,NULL,78925
33828697,"2019-11-25 05:14:19",2019-11-25,0,0,1134.18,18240,581,NULL,78925
33828697,"2004-11-25 05:14:19",2004-11-25,0,0,833.86,NULL,582,NULL,78925
33828697,"2003-11-25 05:14:19",2003-11-25,0,0,694.08,NULL,583,NULL,78925
33828697,"2014-11-25 05:14:19",2014-11-25,0,1,874.58,14140,584,NULL,78925
33828697,"2021-11-25 05:14:19",2021-11-25,0,0,1135.04,21320,585,NULL,78925
33363504,"2001-11-21 00:17:46",2001-11-21,0,0,1829.92,18730,586,11216,70449
33363504,"2012-11-21 00:17:46",2012-11-21,0,0,1358.58,16880,587,11216,70449
33363504,"2019-11-21 00:17:46",2019-11-21,0,0,1065.22,13020,588,11216,70449
33363504,"2004-11-21 00:17:46",2004-11-21,0,0,1182.78,20760,589,11216,70449
33363504,"2014-11-21 00:17:46",2014-11-21,0,0,1421.76,16880,590,11216,70449
33363504,"2010-11-21 00:17:46",2010-11-21,0,0,1178.02,19080,591,11216,70449
33363504,"2000-11-21 00:17:46",2000-11-21,0,0,1751.26,18730,592,11216,70449
33363504,"2021-11-21 00:17:46",2021-11-21,0,0,1283.64,16800,593,11216,70449
33363504,"2015-11-21 00:17:46",2015-11-21,0,0,909.74,10850,594,11216,70449
33363504,"2005-11-21 00:17:46",2005-11-21,0,0,1196.44,20760,595,11216,70449
33363504,"2002-11-21 00:17:46",2002-11-21,0,0,1046.04,18730,596,11216,70449
33363504,"2018-11-21 00:17:46",2018-11-21,0,0,1061.78,13020,597,11216,70449
33363504,"2007-11-21 00:17:46",2007-11-21,0,0,1275.44,22610,598,11216,70449
33363504,"2016-11-21 00:17:46",2016-11-21,0,0,909.74,10850,599,11216,70449
33363504,"2003-11-21 00:17:46",2003-11-21,0,0,1170.12,20760,600,11216,70449
33363504,"2023-11-21 00:17:46",2023-11-21,0,0,1330.28,17150,601,11216,70449
33363504,"2009-11-21 00:17:46",2009-11-21,0,0,1168.78,19080,602,11216,70449
33363504,"2013-11-21 00:17:46",2013-11-21,0,0,1397.82,16880,603,11216,70449
73550640,"2009-11-21 00:18:41",2009-11-21,0,0,1300,130000,604,12906,66737
73550640,"2019-11-21 00:18:41",2019-11-21,0,0,890.25,114300,605,12906,66737
73550640,"2018-11-21 00:18:41",2018-11-21,0,0,821.07,114300,606,12906,66737
73550640,"2010-11-21 00:18:41",2010-11-21,0,0,800,80000,607,12906,66737
73550640,"2011-11-21 00:18:41",2011-11-21,0,0,800,80000,608,12906,66737
73550640,"2017-11-21 00:18:41",2017-11-21,0,0,821.07,114300,609,12906,66737
73550640,"2013-11-21 00:18:41",2013-11-21,0,0,1083.7,108370,610,12906,66737
73550640,"2020-11-21 00:18:41",2020-11-21,0,0,890.25,114300,611,12906,66737
7062321,"2020-11-21 00:19:35",2020-11-21,0,0,684.98,42550,612,10187,30300
7062321,"2021-11-21 00:19:35",2021-11-21,0,0,731.42,45479,613,10187,30300
7062321,"2015-11-21 00:19:35",2015-11-21,0,0,609.22,34212,614,10187,30300
7062321,"2014-11-21 00:19:35",2014-11-21,0,0,590.3,23106,615,10187,30300
7062321,"2019-11-21 00:19:35",2019-11-21,0,0,653.71,40351,616,10187,30300
7062321,"2024-11-21 00:19:35",2024-11-21,0,0,799.63,55720,617,10187,30300
7062321,"2016-11-21 00:19:35",2016-11-21,0,0,611.61,35810,618,10187,30300
7062321,"2022-11-21 00:19:35",2022-11-21,0,0,788.19,46151,619,10187,30300
7062321,"2023-11-21 00:19:35",2023-11-21,0,0,776.48,49778,620,10187,30300
7062321,"2017-11-21 00:19:35",2017-11-21,0,0,611.61,39314,621,10187,30300
7062321,"2018-11-21 00:19:35",2018-11-21,0,0,611.61,40351,622,10187,30300
30255154,"2016-11-21 00:14:57",2016-11-21,0,0,2143.44,135000,623,12626,77771
30255154,"2017-11-21 00:14:57",2017-11-21,0,0,2159.26,172000,624,12626,77771
331719987,"2019-11-21 00:15:36",2019-11-21,0,0,1026.6,43500,625,10112,83501
331719987,"2023-11-21 00:15:36",2023-11-21,0,0,8474.76,359100,626,10112,83501
331719987,"2020-11-21 00:15:36",2020-11-21,7,7,8245.84,349400,627,10112,83501
331719987,"2022-11-21 00:15:36",2022-11-21,0,0,8398.46,359100,628,10112,83501
331719987,"2021-11-21 00:15:36",2021-11-21,0,0,8322.14,352633,629,10112,83501
331719987,"2024-11-21 00:15:36",2024-11-21,0,0,8756.38,371033,630,10112,83501
16912181,"2019-11-21 00:20:21",2019-11-21,0,0,6406.7,527029,631,10295,50328
16912181,"2022-11-21 00:20:21",2022-11-21,0,0,6686.32,553999,632,10295,50328
16912181,"2018-11-21 00:20:21",2018-11-21,0,0,6019.36,516696,633,10295,50328
16912181,"2015-11-21 00:20:21",2015-11-21,0,0,5693.08,489176,634,10295,50328
16912181,"2021-11-21 00:20:21",2021-11-21,0,0,6639.08,543137,635,10295,50328
16912181,"2017-11-21 00:20:21",2017-11-21,0,0,5874.82,506566,636,10295,50328
16912181,"2014-11-21 00:20:21",2014-11-21,0,0,5602.28,479594,637,10295,50328
16912181,"2023-11-21 00:20:21",2023-11-21,0,0,6870.54,565078,638,10295,50328
16912181,"2024-11-21 00:20:21",2024-11-21,0,0,7027.46,576379,639,10295,50328
16912181,"2020-11-21 00:20:21",2020-11-21,0,0,6557.9,537569,640,10295,50328
16912181,"2016-11-21 00:20:21",2016-11-21,0,0,5779.38,496635,641,10295,50328
114062648,"2013-11-21 00:18:46",2013-11-21,0,0,2290,229000,642,9963,66776
114062648,"2009-11-21 00:18:46",2009-11-21,0,0,2290,229000,643,9963,66776
114062648,"2017-11-21 00:18:46",2017-11-21,0,1,3513.83,315000,644,9963,66776
114062648,"2018-11-21 00:18:46",2018-11-21,0,0,3513.83,315000,645,9963,66776
114062648,"2020-11-21 00:18:46",2020-11-21,0,0,3628.8,315000,646,9963,66776
114062648,"2010-11-21 00:18:46",2010-11-21,0,0,2290,229000,647,9963,66776
114062648,"2019-11-21 00:18:46",2019-11-21,0,0,3628.8,315000,648,9963,66776
114062648,"2011-11-21 00:18:46",2011-11-21,0,0,2290,229000,649,9963,66776
15179065,"2016-11-21 00:20:26",2016-11-21,0,0,9632.36,787003,650,10012,16753
15179065,"2021-11-21 00:20:26",2021-11-21,0,0,10891.34,860699,651,10012,16753
15179065,"2015-11-21 00:20:26",2015-11-21,6,5,9512.58,775183,652,10012,16753
15179065,"2017-11-21 00:20:26",2017-11-21,0,0,9802.42,802743,653,10012,16753
15179065,"2023-11-21 00:20:26",2023-11-21,0,0,11311.78,895469,654,10012,16753
15179065,"2022-11-21 00:20:26",2022-11-21,0,0,11089.64,877912,655,10012,16753
15179065,"2018-11-21 00:20:26",2018-11-21,0,0,10221.06,818796,656,10012,16753
15179065,"2024-11-21 00:20:26",2024-11-21,0,0,11488.88,913377,657,10012,16753
15179065,"2019-11-21 00:20:26",2019-11-21,0,0,10576.34,835171,658,10012,16753
15179065,"2020-11-21 00:20:26",2020-11-21,0,0,10999.52,851874,659,10012,16753
15179065,"2014-11-21 00:20:26",2014-11-21,0,0,1603.6,107758,660,10012,16753
44468026,"2017-11-21 00:17:28",2017-11-21,0,1,3758.98,166296,661,10111,72828
44468026,"2022-11-21 00:17:28",2022-11-21,0,0,3133.5,216747,662,10111,72828
44468026,"2019-11-21 00:17:28",2019-11-21,0,0,4210.06,216494,663,10111,72828
44468026,"2016-11-21 00:17:28",2016-11-21,0,0,2494.15,162876,664,10111,72828
44468026,"2021-11-21 00:17:28",2021-11-21,0,0,3107.22,210434,665,10111,72828
44468026,"2005-11-21 00:17:28",2005-11-21,0,0,379.77,45444,666,10111,72828
44468026,"2023-11-21 00:17:28",2023-11-21,0,0,3423.66,223249,667,10111,72828
44468026,"2020-11-21 00:17:28",2020-11-21,0,0,3075.09,207529,668,10111,72828
44468026,"2018-11-21 00:17:28",2018-11-21,0,0,3758.98,196813,669,10111,72828
44468026,"2015-11-21 00:17:28",2015-11-21,0,0,2477.33,161744,670,10111,72828
44468026,"2014-11-21 00:17:28",2014-11-21,2,0,2500.93,160461,671,10111,72828
44468026,"2003-11-21 00:17:28",2003-11-21,0,0,354.79,43297,672,10111,72828
41117243,"2023-11-21 00:18:53",2023-11-21,0,0,2456.77,75500,673,9957,NULL
41117243,"2016-11-21 00:18:53",2016-11-21,0,0,1892.22,32100,674,9957,NULL
41117243,"2021-11-21 00:18:53",2021-11-21,0,0,2482.44,75500,675,9957,NULL
41117243,"2020-11-21 00:18:53",2020-11-21,0,0,2531.54,59975,676,9957,NULL
41117243,"2022-11-21 00:18:53",2022-11-21,0,0,2456.77,75500,677,9957,NULL
41117243,"2019-11-21 00:18:53",2019-11-21,0,0,1892.21,59975,678,9957,NULL
41117243,"2014-11-21 00:18:53",2014-11-21,0,0,1449.64,32100,679,9957,NULL
41117243,"2015-11-21 00:18:53",2015-11-21,0,0,1449.64,32100,680,9957,NULL
41117243,"2017-11-21 00:18:53",2017-11-21,1,0,1892.22,59975,681,9957,NULL
41117243,"2018-11-21 00:18:53",2018-11-21,0,0,1892.21,59975,682,9957,NULL
71264827,"2015-11-21 00:19:01",2015-11-21,0,0,1341.25,29700,683,9958,NULL
71264827,"2014-11-21 00:19:01",2014-11-21,0,0,1341.25,29700,684,9958,NULL
71264827,"2018-11-21 00:19:01",2018-11-21,0,0,1265.16,40100,685,9958,NULL
71264827,"2020-11-21 00:19:01",2020-11-21,0,0,1692.62,40100,686,9958,NULL
71264827,"2019-11-21 00:19:01",2019-11-21,0,0,1265.16,40100,687,9958,NULL
71264827,"2021-11-21 00:19:01",2021-11-21,0,0,1759.9,53525,688,9958,NULL
71264827,"2023-11-21 00:19:01",2023-11-21,0,0,1741.7,53525,689,9958,NULL
71264827,"2017-11-21 00:19:01",2017-11-21,0,0,1265.16,40100,690,9958,NULL
71264827,"2022-11-21 00:19:01",2022-11-21,0,0,1741.7,53525,691,9958,NULL
71264827,"2016-11-21 00:19:01",2016-11-21,0,0,1265.16,29700,692,9958,NULL
120771645,"2015-11-21 00:19:21",2015-11-21,0,0,1994.93,230676,693,NULL,2
120771645,"2018-11-21 00:19:21",2018-11-21,0,0,1853.49,254771,694,NULL,2
120771645,"2017-11-21 00:19:21",2017-11-21,0,0,1853.49,251529,695,NULL,2
120771645,"2016-11-21 00:19:21",2016-11-21,0,0,1886.06,252228,696,NULL,2
120771645,"2020-11-21 00:19:21",2020-11-21,0,0,7284.86,279059,697,NULL,2
120771645,"2019-11-21 00:19:21",2019-11-21,0,3,6946.77,273406,698,NULL,2
120771645,"2023-11-21 00:19:21",2023-11-21,0,0,8489.41,408234,699,NULL,2
120771645,"2014-11-21 00:19:21",2014-11-21,0,0,1994.93,221205,700,NULL,2
120771645,"2022-11-21 00:19:21",2022-11-21,0,0,11235.51,494846,701,NULL,2
120771645,"2021-11-21 00:19:21",2021-11-21,0,0,8426.18,336020,702,NULL,2
20591678,"2016-11-21 00:20:08",2016-11-21,0,0,5286.19,418000,703,10039,21740
20591678,"2021-11-21 00:20:08",2021-11-21,0,0,5660.76,457140,704,10039,21740
20591678,"2018-11-21 00:20:08",2018-11-21,0,0,5400.79,434885,705,10039,21740
20591678,"2024-11-21 00:20:08",2024-11-21,0,0,6119.28,485118,706,10039,21740
20591678,"2023-11-21 00:20:08",2023-11-21,0,0,6007.48,475607,707,10039,21740
20591678,"2014-11-21 00:20:08",2014-11-21,1,0,5110.3,403658,708,10039,21740
20591678,"2022-11-21 00:20:08",2022-11-21,0,0,5736.83,466282,709,10039,21740
20591678,"2017-11-21 00:20:08",2017-11-21,0,0,5400.79,426359,710,10039,21740
20591678,"2015-11-21 00:20:08",2015-11-21,0,0,5159.98,411722,711,10039,21740
20591678,"2019-11-21 00:20:08",2019-11-21,0,0,5716.24,443582,712,10039,21740
20591678,"2020-11-21 00:20:08",2020-11-21,0,0,5716.24,452453,713,10039,21740
63786558,"2015-11-21 00:19:27",2015-11-21,1,0,960.93,17910,714,10087,43223
63786558,"2016-11-21 00:19:27",2016-11-21,0,0,1399.26,17910,715,10087,43223
63786558,"2018-11-21 00:19:27",2018-11-21,0,0,1611.52,20830,716,10087,43223
63786558,"2019-11-21 00:19:27",2019-11-21,0,0,1611.52,23876,717,10087,43223
63786558,"2023-11-21 00:19:27",2023-11-21,0,0,1846.58,24020,718,10087,43223
63786558,"2021-11-21 00:19:27",2021-11-21,0,0,1759.18,23890,719,10087,43223
63786558,"2022-11-21 00:19:27",2022-11-21,0,0,1782.64,23220,720,10087,43223
63786558,"2017-11-21 00:19:27",2017-11-21,0,0,1606.7,20830,721,10087,43223
63786558,"2014-11-21 00:19:27",2014-11-21,0,0,961.35,11570,722,10087,43223
63786558,"2013-11-21 00:19:27",2013-11-21,0,0,928.14,11570,723,10087,43223
63786558,"2020-11-21 00:19:27",2020-11-21,0,0,1709.87,23710,724,10087,43223
29840962,"2019-11-21 00:14:47",2019-11-21,0,0,7041,34500,725,9919,NULL
29840962,"2014-11-21 00:14:47",2014-11-21,0,0,3184.26,27720,726,9919,NULL
29840962,"2017-11-21 00:14:47",2017-11-21,0,0,6098.58,29917,727,9919,NULL
29840962,"2016-11-21 00:14:47",2016-11-21,0,0,5642.24,28224,728,9919,NULL
29840962,"2018-11-21 00:14:47",2018-11-21,0,0,6633.62,31711,729,9919,NULL
29840962,"2020-11-21 00:14:47",2020-11-21,0,0,7041,38880,730,9919,NULL
29840962,"2015-11-21 00:14:47",2015-11-21,0,1,5642.24,27720,731,9919,NULL
30763075,"2015-11-21 00:14:29",2015-11-21,0,1,3712.72,18662,732,9911,54350
30763075,"2016-11-21 00:14:29",2016-11-21,0,0,3712.72,18987,733,9911,54350
30763075,"2019-11-21 00:14:29",2019-11-21,0,0,4474.52,25500,734,9911,54350
30763075,"2020-11-21 00:14:29",2020-11-21,0,0,4740.16,25500,735,9911,54350
30763075,"2018-11-21 00:14:29",2018-11-21,0,0,4196.77,20062,736,9911,54350
30763075,"2017-11-21 00:14:29",2017-11-21,0,0,3870.49,18987,737,9911,54350
30763075,"2014-11-21 00:14:29",2014-11-21,0,0,1940.67,17616,738,9911,54350
73660995,"2013-11-21 00:18:44",2013-11-21,0,0,1096.7,109670,739,12903,423
73660995,"2019-11-21 00:18:44",2019-11-21,0,0,1500.87,129720,740,12903,423
73660995,"2020-11-21 00:18:44",2020-11-21,0,0,1500.87,129720,741,12903,423
73660995,"2010-11-21 00:18:44",2010-11-21,0,0,1139.2,113920,742,12903,423
73660995,"2017-11-21 00:18:44",2017-11-21,0,0,1228.86,109670,743,12903,423
73660995,"2011-11-21 00:18:44",2011-11-21,0,0,1096.7,109670,744,12903,423
73660995,"2018-11-21 00:18:44",2018-11-21,0,0,1228.86,109670,745,12903,423
73660995,"2009-11-21 00:18:44",2009-11-21,0,0,1139.2,113920,746,12903,423
41114182,"2019-11-21 00:18:52",2019-11-21,0,0,3819.92,121075,747,10177,NULL
41114182,"2021-11-21 00:18:52",2021-11-21,0,0,5320.81,161825,748,10177,NULL
41114182,"2023-11-21 00:18:52",2023-11-21,0,0,5265.79,161825,749,10177,NULL
41114182,"2018-11-21 00:18:52",2018-11-21,2,0,3819.92,121075,750,10177,NULL
41114182,"2015-11-21 00:18:52",2015-11-21,0,0,1154.96,25575,751,10177,NULL
41114182,"2014-11-21 00:18:52",2014-11-21,0,0,1154.96,25575,752,10177,NULL
33828697,"2023-11-25 05:14:19",2023-11-25,2,1,2577.3,56950,753,NULL,78925
33828697,"2007-11-25 05:14:19",2007-11-25,0,0,929.18,NULL,754,NULL,78925
33828697,"2016-11-25 05:14:19",2016-11-25,0,0,960.64,14140,755,NULL,78925
33828697,"2018-11-25 05:14:19",2018-11-25,0,0,1132.28,18240,756,NULL,78925
33828697,"2022-11-25 05:14:19",2022-11-25,0,0,1133,21320,757,NULL,78925
33828697,"2008-11-25 05:14:19",2008-11-25,0,0,1152.98,20615,758,NULL,78925
33828697,"2000-11-25 05:14:19",2000-11-25,0,0,643.78,NULL,759,NULL,78925
33828697,"2002-11-25 05:14:19",2002-11-25,0,0,691.44,NULL,760,NULL,78925
10264409,"2021-11-25 05:06:49",2021-11-25,0,0,411.54,NULL,761,NULL,86885
10264409,"2018-11-25 05:06:49",2018-11-25,0,0,538.92,NULL,762,NULL,86885
10264409,"2017-11-25 05:06:49",2017-11-25,0,0,538.92,NULL,763,NULL,86885
10264409,"2014-11-25 05:06:49",2014-11-25,18,0,645.31,46100,764,NULL,86885
10264409,"2016-11-25 05:06:49",2016-11-25,0,0,645.31,NULL,765,NULL,86885
10264409,"2023-11-25 05:06:49",2023-11-25,0,1,695.7,49700,766,NULL,86885
10264409,"2022-11-25 05:06:49",2022-11-25,0,0,411.54,NULL,767,NULL,86885
10264409,"2024-11-25 05:06:49",2024-11-25,0,0,695.7,49700,768,NULL,86885
10264409,"2015-11-25 05:06:49",2015-11-25,0,0,645.31,NULL,769,NULL,86885
46048601,"2016-11-25 05:11:16",2016-11-25,0,0,356.62,73904,770,NULL,104969
46048601,"2014-11-25 05:11:16",2014-11-25,0,0,343.11,55091,771,NULL,104969
46048601,"2004-11-25 05:11:16",2004-11-25,0,0,1021.93,80156,772,NULL,104969
46048601,"2022-11-25 05:11:16",2022-11-25,0,0,418.43,41013,773,NULL,104969
46048601,"2012-11-25 05:11:16",2012-11-25,0,0,311.5,42031,774,NULL,104969
46048601,"2019-11-25 05:11:16",2019-11-25,0,0,380.05,38385,775,NULL,104969
46048601,"2018-11-25 05:11:16",2018-11-25,-1,0,369.14,37669,776,NULL,104969
46048601,"2021-11-25 05:11:16",2021-11-25,0,0,401.21,39818,777,NULL,104969
46048601,"2011-11-25 05:11:16",2011-11-25,0,0,292.68,33483,778,NULL,104969
46048601,"2003-11-25 05:11:16",2003-11-25,0,0,994.01,78616,779,NULL,104969
46048601,"2017-11-25 05:11:16",2017-11-25,0,0,369.14,90793,780,NULL,104969
46048601,"2010-11-25 05:11:16",2010-11-25,0,0,443.64,41644,781,NULL,104969
46048601,"2015-11-25 05:11:16",2015-11-25,0,0,346.03,62797,782,NULL,104969
46048601,"2001-11-25 05:11:16",2001-11-25,0,0,962.7,68694,783,NULL,104969
46048601,"2002-11-25 05:11:16",2002-11-25,0,0,960.28,74946,784,NULL,104969
46048601,"2000-11-25 05:11:16",2000-11-25,0,0,983.81,69090,785,NULL,104969
46048601,"2020-11-25 05:11:16",2020-11-25,0,0,392.92,39268,786,NULL,104969
46048601,"2023-11-25 05:11:16",2023-11-25,0,0,450.14,42243,787,NULL,104969
46048601,"2008-11-25 05:11:16",2008-11-25,0,0,882.13,117517,788,NULL,104969
46048601,"2013-11-25 05:11:16",2013-11-25,0,0,321.5,39127,789,NULL,104969
46048601,"2006-11-25 05:11:16",2006-11-25,0,0,1106.53,125421,790,NULL,104969
46048601,"2005-11-25 05:11:16",2005-11-25,0,0,1093.02,98032,791,NULL,104969
46048601,"2007-11-25 05:11:16",2007-11-25,0,0,1063.71,130804,792,NULL,104969
248233049,"2020-11-25 05:29:04",2020-11-25,0,0,2326.26,76648,793,NULL,64002
248233049,"2006-11-25 05:29:04",2006-11-25,0,0,1732.05,58220,794,NULL,64002
248233049,"2015-11-25 05:29:04",2015-11-25,0,0,1164.86,48376,795,NULL,64002
248233049,"2019-11-25 05:29:04",2019-11-25,0,0,0,67384,796,NULL,64002
248233049,"2023-11-25 05:29:04",2023-11-25,0,0,2372.74,117040,797,NULL,64002
248233049,"2022-11-25 05:29:04",2022-11-25,0,0,2281.37,87096,798,NULL,64002
248233049,"2010-11-25 05:29:04",2010-11-25,0,0,1164.16,49456,799,NULL,64002
248233049,"2016-11-25 05:29:04",2016-11-25,0,0,1135.21,48376,800,NULL,64002
248233049,"2013-11-25 05:29:04",2013-11-25,0,0,883.93,38332,801,NULL,64002
248233049,"2017-11-25 05:29:04",2017-11-25,0,0,1493.46,53952,802,NULL,64002
248233049,"2021-11-25 05:29:04",2021-11-25,0,0,2052.66,76648,803,NULL,64002
248233049,"2014-11-25 05:29:04",2014-11-25,0,0,876.44,38332,804,NULL,64002
248233049,"2011-11-25 05:29:04",2011-11-25,0,0,986.3,41408,805,NULL,64002
248233049,"2018-11-25 05:29:04",2018-11-25,0,0,1493.46,58224,806,NULL,64002
248233049,"2012-11-25 05:29:04",2012-11-25,0,0,891.41,38332,807,NULL,64002
248233049,"2009-11-25 05:29:04",2009-11-25,0,0,1416.13,58220,808,NULL,64002
30402393,"2016-11-25 05:06:31",2016-11-25,0,0,1685.9,42400,809,NULL,536
30402393,"2017-11-25 05:06:31",2017-11-25,0,1,3142.79,42400,810,NULL,536
14490970,"2009-11-25 05:29:45",2009-11-25,0,0,892.08,28440,811,NULL,29034
14490970,"2020-11-25 05:29:45",2020-11-25,0,0,1560.72,46720,812,NULL,29034
14490970,"2002-11-25 05:29:45",2002-11-25,0,0,1886.88,43320,813,NULL,29034
14490970,"2014-11-25 05:29:45",2014-11-25,0,0,805.72,22240,814,NULL,29034
14490970,"2016-11-25 05:29:45",2016-11-25,0,0,805.72,24920,815,NULL,29034
14490970,"2017-11-25 05:29:45",2017-11-25,0,0,1105.26,32880,816,NULL,29034
14490970,"2023-11-25 05:29:45",2023-11-25,0,0,2198.2,82080,817,NULL,29034
14490970,"2005-11-25 05:29:45",2005-11-25,0,0,2351.34,53200,818,NULL,29034
14490970,"2007-11-25 05:29:45",2007-11-25,0,0,2422.72,53200,819,NULL,29034
14490970,"2001-11-25 05:29:45",2001-11-25,0,0,1509.89,39880,820,NULL,29034
14490970,"2003-11-25 05:29:45",2003-11-25,0,0,1930.2,43320,821,NULL,29034
14490970,"2010-11-25 05:29:45",2010-11-25,0,0,892.08,28440,822,NULL,29034
14490970,"2021-11-25 05:29:45",2021-11-25,0,0,1813.56,54200,823,NULL,29034
14490970,"2004-11-25 05:29:45",2004-11-25,0,0,2098.94,46680,824,NULL,29034
14490970,"2022-11-25 05:29:45",2022-11-25,0,0,2393.16,71040,825,NULL,29034
14490970,"2006-11-25 05:29:45",2006-11-25,0,0,2422.72,53200,826,NULL,29034
14490970,"2019-11-25 05:29:45",2019-11-25,0,0,1271.74,38680,827,NULL,29034
14490970,"2018-11-25 05:29:45",2018-11-25,0,0,1011.64,31160,828,NULL,29034
14490970,"2008-11-25 05:29:45",2008-11-25,0,0,1410.32,53200,829,NULL,29034
6187354,"2018-11-25 05:08:37",2018-11-25,0,0,1035.19,62300,830,NULL,NULL
6187354,"2017-11-25 05:08:37",2017-11-25,0,0,859.91,62300,831,NULL,NULL
6187354,"2014-11-25 05:08:37",2014-11-25,0,0,1094.65,80400,832,NULL,NULL
6187354,"2019-11-25 05:08:37",2019-11-25,2,1,1834.35,180600,833,NULL,NULL
6187354,"2016-11-25 05:08:37",2016-11-25,0,0,859.91,64200,834,NULL,NULL
6187354,"2015-11-25 05:08:37",2015-11-25,0,0,859.91,64200,835,NULL,NULL
67411034,"2020-11-25 05:13:57",2020-11-25,0,0,2720.77,185132,836,NULL,43314
67411034,"2021-11-25 05:13:57",2021-11-25,0,0,2749.26,187723,837,NULL,43314
67411034,"2014-11-25 05:13:57",2014-11-25,0,0,2101.4,140427,838,NULL,43314
67411034,"2015-11-25 05:13:57",2015-11-25,0,0,2081.8,141550,839,NULL,43314
67411034,"2023-11-25 05:13:57",2023-11-25,0,0,5960.16,320455,840,NULL,43314
67411034,"2016-11-25 05:13:57",2016-11-25,0,0,2615.59,142540,841,NULL,43314
67411034,"2022-11-25 05:13:57",2022-11-25,1,1,5155.11,291323,842,NULL,43314
67411034,"2019-11-25 05:13:57",2019-11-25,0,0,2687.37,180970,843,NULL,43314
67411034,"2017-11-25 05:13:57",2017-11-25,0,0,2650.8,173944,844,NULL,43314
67411034,"2005-11-25 05:13:57",2005-11-25,3,0,2656.3,168000,845,NULL,43314
67411034,"2018-11-25 05:13:57",2018-11-25,0,0,2650.8,177596,846,NULL,43314
252991579,"2019-11-25 05:29:09",2019-11-25,4,4,4187.08,137960,847,NULL,28458
252991579,"2022-11-25 05:29:09",2022-11-25,0,0,3913.48,137960,848,NULL,28458
252991579,"2023-11-25 05:29:09",2023-11-25,0,0,4503.78,191376,849,NULL,28458
252991579,"2018-11-25 05:29:09",2018-11-25,0,0,849.8,28000,850,NULL,28458
252991579,"2020-11-25 05:29:09",2020-11-25,0,0,3913.48,137960,851,NULL,28458
252991579,"2021-11-25 05:29:09",2021-11-25,0,0,3913.48,137960,852,NULL,28458
10515036,"2017-11-25 05:06:37",2017-11-25,0,0,1965.32,NULL,853,1590,86809
10515036,"2012-11-25 05:06:37",2012-11-25,0,0,1768.8,20768,854,1590,86809
10515036,"2016-11-25 05:06:37",2016-11-25,0,0,1847.74,NULL,855,1590,86809
10515036,"2022-11-25 05:06:37",2022-11-25,0,0,2774.4,NULL,856,1590,86809
10515036,"2018-11-25 05:06:37",2018-11-25,0,0,2525.24,NULL,857,1590,86809
10515036,"2021-11-25 05:06:37",2021-11-25,0,0,2774.4,NULL,858,1590,86809
10515036,"2015-11-25 05:06:37",2015-11-25,0,0,1847.74,NULL,859,1590,86809
10515036,"2024-11-25 05:06:37",2024-11-25,0,0,3205.54,229000,860,1590,86809
10515036,"2023-11-25 05:06:37",2023-11-25,0,0,3205.54,229000,861,1590,86809
10515036,"2014-11-25 05:06:37",2014-11-25,7,0,1847.74,162000,862,1590,86809
387754076,"2023-11-25 05:31:22",2023-11-25,0,0,989.05,26800,863,NULL,64106
28488540,"2019-11-25 05:18:03",2019-11-25,0,0,3008.47,124236,864,NULL,3004
28488540,"2014-11-25 05:18:03",2014-11-25,0,0,2226.8,86624,865,NULL,3004
28488540,"2017-11-25 05:18:03",2017-11-25,0,0,2840.21,112423,866,NULL,3004
41114182,"2017-11-21 00:18:52",2017-11-21,1,1,3819.92,47075,867,10177,NULL
28488540,"2020-11-25 05:18:03",2020-11-25,0,0,3151.82,131359,868,NULL,3004
28488540,"2023-11-25 05:18:03",2023-11-25,0,0,3911.23,194124,869,NULL,3004
41114182,"2020-11-21 00:18:52",2020-11-21,0,0,5110.58,121075,870,10177,NULL
28488540,"2018-11-25 05:18:03",2018-11-25,0,0,2840.21,112423,871,NULL,3004
41114182,"2016-11-21 00:18:52",2016-11-21,0,1,2255.67,25575,872,10177,NULL
28488540,"2016-11-25 05:18:03",2016-11-25,0,0,2842.69,112423,873,NULL,3004
41114182,"2022-11-21 00:18:52",2022-11-21,0,0,5265.79,161825,874,10177,NULL
28488540,"2015-11-25 05:18:03",2015-11-25,0,0,2226.8,99196,875,NULL,3004
32318279,"2020-11-21 00:14:50",2020-11-21,0,0,6404.64,36720,876,9914,51803
28488540,"2022-11-25 05:18:03",2022-11-25,0,0,3047.09,138385,877,NULL,3004
26133340,"2020-11-25 05:20:18",2020-11-25,0,0,1398.61,99700,878,NULL,487
32318279,"2014-11-21 00:14:50",2014-11-21,0,0,5464,30060,879,9914,51803
26133340,"2016-11-25 05:20:18",2016-11-25,0,0,1814.87,64300,880,NULL,487
32318279,"2019-11-21 00:14:50",2019-11-21,0,0,6024.96,39840,881,9914,51803
26133340,"2017-11-25 05:20:18",2017-11-25,0,0,1824.6,65150,882,NULL,487
32318279,"2017-11-21 00:14:50",2017-11-21,0,0,5418.33,26580,883,9914,51803
26133340,"2019-11-25 05:20:18",2019-11-25,0,0,2674.42,94360,884,NULL,487
32318279,"2016-11-21 00:14:50",2016-11-21,0,0,5519.48,29160,885,9914,51803
26133340,"2021-11-25 05:20:18",2021-11-25,0,0,1398.61,110310,886,NULL,487
32318279,"2015-11-21 00:14:50",2015-11-21,0,0,5519.48,30060,887,9914,51803
26133340,"2015-11-25 05:20:18",2015-11-25,0,0,1482.97,63360,888,NULL,487
26133340,"2018-11-25 05:20:18",2018-11-25,0,0,2674.42,73530,889,NULL,487
20745799,"2015-11-21 00:20:12",2015-11-21,0,0,2535.86,206858,890,9943,13127
26133340,"2023-11-25 05:20:18",2023-11-25,0,0,3809.74,152830,891,NULL,487
20745799,"2019-11-21 00:20:12",2019-11-21,0,0,9745.76,783870,892,9943,13127
26133340,"2014-11-25 05:20:18",2014-11-25,0,0,1482.97,54810,893,NULL,487
20745799,"2023-11-21 00:20:12",2023-11-21,0,0,11790.56,976500,894,9943,13127
20745799,"2018-11-21 00:20:12",2018-11-21,3,0,9321.21,768500,895,9943,13127
20745799,"2021-11-21 00:20:12",2021-11-21,0,0,9646.27,807828,896,9943,13127
20745799,"2022-11-21 00:20:12",2022-11-21,0,0,11236.53,823984,897,9943,13127
20745799,"2016-11-21 00:20:12",2016-11-21,0,0,2597.94,210011,898,9943,13127
20745799,"2020-11-21 00:20:12",2020-11-21,0,0,9745.76,799546,899,9943,13127
20745799,"2017-11-21 00:20:12",2017-11-21,0,3,9321.21,214210,900,9943,13127
20745799,"2014-11-21 00:20:12",2014-11-21,0,0,2512.03,202807,901,9943,13127
26133340,"2022-11-25 05:20:18",2022-11-25,0,2,3955.95,146000,902,NULL,487
20745799,"2024-11-21 00:20:12",2024-11-21,0,0,12027.72,996030,903,9943,13127
46166621,"2008-11-25 05:11:20",2008-11-25,0,0,1703.68,89938,904,NULL,104980
32314956,"2017-11-21 00:14:49",2017-11-21,0,0,2653.31,13016,905,12691,51783
46166621,"2002-11-25 05:11:20",2002-11-25,0,0,633.21,55628,906,NULL,104980
32314956,"2020-11-21 00:14:49",2020-11-21,0,0,2823.2,24581,907,12691,51783
46166621,"2010-11-25 05:11:20",2010-11-25,-1,0,671.04,25399,908,NULL,104980
32314956,"2015-11-21 00:14:49",2015-11-21,0,0,2145,12280,909,12691,51783
46166621,"2016-11-25 05:11:20",2016-11-25,0,0,739.6,35449,910,NULL,104980
32314956,"2016-11-21 00:14:49",2016-11-21,0,0,2145,12280,911,12691,51783
46166621,"2023-11-25 05:11:20",2023-11-25,0,0,1814.91,55974,912,NULL,104980
32314956,"2014-11-21 00:14:49",2014-11-21,0,0,2034,12187,913,12691,51783
46166621,"2004-11-25 05:11:20",2004-11-25,0,0,667.02,59160,914,NULL,104980
32314956,"2019-11-21 00:14:49",2019-11-21,1,0,2798.92,21382,915,12691,51783
46166621,"2021-11-25 05:11:20",2021-11-25,0,0,1356.6,46259,916,NULL,104980
68591181,"2013-11-21 00:17:19",2013-11-21,0,0,1370.88,55213,917,11254,43083
46166621,"2003-11-25 05:11:20",2003-11-25,0,0,656.35,58109,918,NULL,104980
68591181,"2008-11-21 00:17:19",2008-11-21,0,0,3135.29,140185,919,11254,43083
46166621,"2022-11-25 05:11:20",2022-11-25,0,0,1601.48,50885,920,NULL,104980
68591181,"2014-11-21 00:17:19",2014-11-21,0,0,1370.88,60734,921,11254,43083
46166621,"2001-11-25 05:11:20",2001-11-25,0,0,632.26,50315,922,NULL,104980
68591181,"2018-11-21 00:17:19",2018-11-21,0,0,2117.23,105447,923,11254,43083
46166621,"2007-11-25 05:11:20",2007-11-25,0,0,1746.79,96328,924,NULL,104980
68591181,"2017-11-21 00:17:19",2017-11-21,0,0,1989.66,88116,925,11254,43083
46166621,"2013-11-25 05:11:20",2013-11-25,0,0,613.68,21580,926,NULL,104980
68591181,"2012-11-21 00:17:19",2012-11-21,0,0,1152.31,50194,927,11254,43083
46166621,"2014-11-25 05:11:20",2014-11-25,0,0,697.54,28884,928,NULL,104980
46166621,"2017-11-25 05:11:20",2017-11-25,0,0,642.8,47435,929,NULL,104980
68591181,"2015-11-21 00:17:19",2015-11-21,0,0,1576.51,66807,930,11254,43083
46166621,"2005-11-25 05:11:20",2005-11-25,0,0,707.8,68448,931,NULL,104980
68591181,"2016-11-21 00:17:19",2016-11-21,0,0,1784.58,73488,932,11254,43083
46166621,"2006-11-25 05:11:20",2006-11-25,0,2,1786.57,90260,933,NULL,104980
68591181,"2021-11-21 00:17:19",2021-11-21,0,0,1711.95,129429,934,11254,43083
46166621,"2015-11-25 05:11:20",2015-11-25,0,0,744.39,37139,935,NULL,104980
68591181,"2023-11-21 00:17:19",2023-11-21,0,1,3564.83,185693,936,11254,43083
46166621,"2020-11-25 05:11:20",2020-11-25,0,0,1265.13,42054,937,NULL,104980
68591181,"2020-11-21 00:17:19",2020-11-21,0,0,2262.68,107594,938,11254,43083
68591181,"2010-11-21 00:17:19",2010-11-21,-1,0,1147.56,49575,939,11254,43083
68591181,"2007-11-21 00:17:19",2007-11-21,1,1,3397.77,158051,940,11254,43083
68591181,"2009-11-21 00:17:19",2009-11-21,0,0,2275.45,101661,941,11254,43083
68591181,"2006-11-21 00:17:19",2006-11-21,0,0,1878.05,79425,942,11254,43083
68591181,"2011-11-21 00:17:19",2011-11-21,0,0,1204.18,51924,943,11254,43083
68591181,"2022-11-21 00:17:19",2022-11-21,0,0,1746.19,133312,944,11254,43083
68591181,"2019-11-21 00:17:19",2019-11-21,0,0,2117.23,97813,945,11254,43083
10487892,"2018-11-21 00:15:02",2018-11-21,0,0,1367.6,NULL,946,11250,425
10487892,"2015-11-21 00:15:02",2015-11-21,0,0,1353.78,NULL,947,11250,425
10487892,"2022-11-21 00:15:02",2022-11-21,0,0,1420.8,NULL,948,11250,425
10487892,"2023-11-21 00:15:02",2023-11-21,0,0,1434.8,102500,949,11250,425
46166621,"2019-11-25 05:11:20",2019-11-25,0,0,1280.62,38231,950,NULL,104980
10487892,"2016-11-21 00:15:02",2016-11-21,0,0,1367.6,NULL,951,11250,425
46166621,"2018-11-25 05:11:20",2018-11-25,0,1,1182.81,34755,952,NULL,104980
10487892,"2012-11-21 00:15:02",2012-11-21,0,0,1423.08,14208,953,11250,425
46166621,"2011-11-25 05:11:20",2011-11-25,0,0,664.97,24245,954,NULL,104980
10487892,"2021-11-21 00:15:02",2021-11-21,0,0,1420.8,NULL,955,11250,425
46166621,"2012-11-25 05:11:20",2012-11-25,0,0,614.61,21487,956,NULL,104980
10487892,"2017-11-21 00:15:02",2017-11-21,0,0,1367.6,NULL,957,11250,425
125115486,"2023-11-25 05:18:08",2023-11-25,0,0,2651.72,369339,958,NULL,304
10487892,"2014-11-21 00:15:02",2014-11-21,6,0,1353.78,106200,959,11250,425
125115486,"2022-11-25 05:18:08",2022-11-25,0,0,2352.54,326866,960,NULL,304
10487892,"2024-11-21 00:15:02",2024-11-21,0,0,1434.8,102500,961,11250,425
125115486,"2020-11-25 05:18:08",2020-11-25,0,0,2129.99,267813,962,NULL,304
125115486,"2018-11-25 05:18:08",2018-11-25,0,0,5885.59,234467,963,NULL,304
20122708,"2015-11-21 00:19:56",2015-11-21,0,0,683.76,46466,964,10018,21671
125115486,"2019-11-25 05:18:08",2019-11-25,0,-1,1670.03,246234,965,NULL,304
20122708,"2023-11-21 00:19:56",2023-11-21,0,0,851.94,53668,966,10018,21671
125115486,"2016-11-25 05:18:08",2016-11-25,0,0,5903.71,236426,967,NULL,304
20122708,"2019-11-21 00:19:56",2019-11-21,0,0,806.49,50058,968,10018,21671
125115486,"2017-11-25 05:18:08",2017-11-25,0,0,5885.59,234467,969,NULL,304
20122708,"2016-11-21 00:19:56",2016-11-21,0,0,708.73,47174,970,10018,21671
4160094,"2007-11-25 05:15:06",2007-11-25,0,0,958.2,12047,971,NULL,NULL
20122708,"2018-11-21 00:19:56",2018-11-21,0,0,725.38,49077,972,10018,21671
4160094,"2000-11-25 05:15:06",2000-11-25,0,0,673.24,7357,973,NULL,NULL
20122708,"2022-11-21 00:19:56",2022-11-21,0,0,816.28,52617,974,10018,21671
4160094,"1999-11-25 05:15:06",1999-11-25,0,0,665.22,5499,975,NULL,NULL
20122708,"2024-11-21 00:19:56",2024-11-21,0,0,864.99,54741,976,10018,21671
4160094,"2019-11-25 05:15:06",2019-11-25,0,0,1204.89,9411,977,NULL,NULL
20122708,"2021-11-21 00:19:56",2021-11-21,0,0,802.64,51586,978,10018,21671
4160094,"2003-11-25 05:15:06",2003-11-25,0,0,942.28,7772,979,NULL,NULL
20122708,"2014-11-21 00:19:56",2014-11-21,0,0,688.17,45556,980,10018,21671
4160094,"2020-11-25 05:15:06",2020-11-25,0,0,1198.47,8469,981,NULL,NULL
20122708,"2017-11-21 00:19:56",2017-11-21,0,0,725.38,48116,982,10018,21671
4160094,"2005-11-25 05:15:06",2005-11-25,0,0,972.52,7772,983,NULL,NULL
20122708,"2020-11-21 00:19:56",2020-11-21,0,0,806.49,51058,984,10018,21671
6939990,"2022-11-21 00:19:32",2022-11-21,0,0,1343.31,45976,985,10180,30474
6939990,"2019-11-21 00:19:32",2019-11-21,0,0,1114.65,41285,986,10180,30474
6939990,"2024-11-21 00:19:32",2024-11-21,0,0,1566.3,58554,987,10180,30474
6939990,"2018-11-21 00:19:32",2018-11-21,0,0,1042.76,41285,988,10180,30474
6939990,"2020-11-21 00:19:32",2020-11-21,0,0,1168.05,44370,989,10180,30474
6939990,"2016-11-21 00:19:32",2016-11-21,0,0,1042.76,35197,990,10180,30474
6939990,"2015-11-21 00:19:32",2015-11-21,0,0,1039.51,32783,991,10180,30474
4160094,"2012-11-25 05:15:06",2012-11-25,0,0,876.31,9150,992,NULL,NULL
6939990,"2014-11-21 00:19:32",2014-11-21,0,0,1009.19,30932,993,10180,30474
4160094,"2011-11-25 05:15:06",2011-11-25,0,0,1242.76,9672,994,NULL,NULL
6939990,"2023-11-21 00:19:32",2023-11-21,0,0,1450.55,52367,995,10180,30474
6939990,"2021-11-21 00:19:32",2021-11-21,0,0,1246.85,46840,996,10180,30474
6939990,"2017-11-21 00:19:32",2017-11-21,0,0,1042.76,37115,997,10180,30474
88345432,"2010-11-21 00:18:00",2010-11-21,0,0,1640.83,27295,998,11234,77547
88345432,"2018-11-21 00:18:00",2018-11-21,0,0,897.18,7600,999,11234,77547
88345432,"2020-11-21 00:18:00",2020-11-21,0,1,1374.81,9300,1000,11234,77547
